task_id,task_label,model_id,model_label,forecast_origin_date,origin_sequence,season_phase,n_predictions_to_date,cumulative_mae_to_date,cumulative_bias_to_date_g
aggregate_delta_current_state,Direct aggregate delta-to-next · current-state model,persistence,Persistence / no-change baseline,2025-01-07,1,early season,1,793.0,793.0
aggregate_delta_current_state,Direct aggregate delta-to-next · current-state model,persistence,Persistence / no-change baseline,2025-01-15,2,early season,2,554.5,554.5
aggregate_delta_current_state,Direct aggregate delta-to-next · current-state model,persistence,Persistence / no-change baseline,2025-01-24,3,mid season,3,381.3333333333333,381.3333333333333
aggregate_delta_current_state,Direct aggregate delta-to-next · current-state model,persistence,Persistence / no-change baseline,2025-01-29,4,mid season,4,391.25,180.75
aggregate_delta_current_state,Direct aggregate delta-to-next · current-state model,persistence,Persistence / no-change baseline,2025-02-05,5,mid season,5,403.6,54.0
aggregate_delta_current_state,Direct aggregate delta-to-next · current-state model,persistence,Persistence / no-change baseline,2025-02-12,6,late season,6,555.6666666666666,-174.33333333333334
aggregate_delta_current_state,Direct aggregate delta-to-next · current-state model,persistence,Persistence / no-change baseline,2025-02-20,7,late season,7,641.5714285714286,15.857142857142858
aggregate_delta_current_state,Direct aggregate delta-to-next · current-state model,persistence,Persistence / no-change baseline,2025-02-26,8,late season,8,689.75,-114.5
aggregate_delta_current_state,Direct aggregate delta-to-next · current-state model,rolling_mean,Rolling mean baseline,2025-01-07,1,early season,1,13809.0,13809.0
aggregate_delta_current_state,Direct aggregate delta-to-next · current-state model,rolling_mean,Rolling mean baseline,2025-01-15,2,early season,2,13288.5,13288.5
aggregate_delta_current_state,Direct aggregate delta-to-next · current-state model,rolling_mean,Rolling mean baseline,2025-01-24,3,mid season,3,12674.333333333334,12674.333333333334
aggregate_delta_current_state,Direct aggregate delta-to-next · current-state model,rolling_mean,Rolling mean baseline,2025-01-29,4,mid season,4,11328.0,11328.0
aggregate_delta_current_state,Direct aggregate delta-to-next · current-state model,rolling_mean,Rolling mean baseline,2025-02-05,5,mid season,5,9682.4,9682.4
aggregate_delta_current_state,Direct aggregate delta-to-next · current-state model,rolling_mean,Rolling mean baseline,2025-02-12,6,late season,6,8265.583333333334,8265.583333333334
aggregate_delta_current_state,Direct aggregate delta-to-next · current-state model,rolling_mean,Rolling mean baseline,2025-02-20,7,late season,7,7332.785714285715,7332.785714285715
aggregate_delta_current_state,Direct aggregate delta-to-next · current-state model,rolling_mean,Rolling mean baseline,2025-02-26,8,late season,8,6468.625,6468.625
aggregate_next_current_state,Direct aggregate next window · current-state upper bound,persistence,Persistence / no-change baseline,2025-01-07,1,early season,1,793.0,793.0
aggregate_next_current_state,Direct aggregate next window · current-state upper bound,persistence,Persistence / no-change baseline,2025-01-15,2,early season,2,554.5,554.5
aggregate_next_current_state,Direct aggregate next window · current-state upper bound,persistence,Persistence / no-change baseline,2025-01-24,3,mid season,3,381.3333333333333,381.3333333333333
aggregate_next_current_state,Direct aggregate next window · current-state upper bound,persistence,Persistence / no-change baseline,2025-01-29,4,mid season,4,391.25,180.75
aggregate_next_current_state,Direct aggregate next window · current-state upper bound,persistence,Persistence / no-change baseline,2025-02-05,5,mid season,5,403.6,54.0
aggregate_next_current_state,Direct aggregate next window · current-state upper bound,persistence,Persistence / no-change baseline,2025-02-12,6,late season,6,555.6666666666666,-174.33333333333334
aggregate_next_current_state,Direct aggregate next window · current-state upper bound,persistence,Persistence / no-change baseline,2025-02-20,7,late season,7,641.5714285714286,15.857142857142858
aggregate_next_current_state,Direct aggregate next window · current-state upper bound,persistence,Persistence / no-change baseline,2025-02-26,8,late season,8,689.75,-114.5
aggregate_next_current_state,Direct aggregate next window · current-state upper bound,rolling_mean,Rolling mean baseline,2025-01-07,1,early season,1,13809.0,13809.0
aggregate_next_current_state,Direct aggregate next window · current-state upper bound,rolling_mean,Rolling mean baseline,2025-01-15,2,early season,2,13288.5,13288.5
aggregate_next_current_state,Direct aggregate next window · current-state upper bound,rolling_mean,Rolling mean baseline,2025-01-24,3,mid season,3,12674.333333333334,12674.333333333334
aggregate_next_current_state,Direct aggregate next window · current-state upper bound,rolling_mean,Rolling mean baseline,2025-01-29,4,mid season,4,11328.0,11328.0
aggregate_next_current_state,Direct aggregate next window · current-state upper bound,rolling_mean,Rolling mean baseline,2025-02-05,5,mid season,5,9682.4,9682.4
aggregate_next_current_state,Direct aggregate next window · current-state upper bound,rolling_mean,Rolling mean baseline,2025-02-12,6,late season,6,8265.583333333334,8265.583333333334
aggregate_next_current_state,Direct aggregate next window · current-state upper bound,rolling_mean,Rolling mean baseline,2025-02-20,7,late season,7,7332.785714285715,7332.785714285715
aggregate_next_current_state,Direct aggregate next window · current-state upper bound,rolling_mean,Rolling mean baseline,2025-02-26,8,late season,8,6468.625,6468.625
aggregate_next_leading,Direct aggregate next window · leading indicators,persistence,Persistence / no-change baseline,2025-01-07,1,early season,1,793.0,793.0
aggregate_next_leading,Direct aggregate next window · leading indicators,persistence,Persistence / no-change baseline,2025-01-15,2,early season,2,554.5,554.5
aggregate_next_leading,Direct aggregate next window · leading indicators,persistence,Persistence / no-change baseline,2025-01-24,3,mid season,3,381.3333333333333,381.3333333333333
aggregate_next_leading,Direct aggregate next window · leading indicators,persistence,Persistence / no-change baseline,2025-01-29,4,mid season,4,391.25,180.75
aggregate_next_leading,Direct aggregate next window · leading indicators,persistence,Persistence / no-change baseline,2025-02-05,5,mid season,5,403.6,54.0
aggregate_next_leading,Direct aggregate next window · leading indicators,persistence,Persistence / no-change baseline,2025-02-12,6,late season,6,555.6666666666666,-174.33333333333334
aggregate_next_leading,Direct aggregate next window · leading indicators,persistence,Persistence / no-change baseline,2025-02-20,7,late season,7,641.5714285714286,15.857142857142858
aggregate_next_leading,Direct aggregate next window · leading indicators,persistence,Persistence / no-change baseline,2025-02-26,8,late season,8,689.75,-114.5
aggregate_next_leading,Direct aggregate next window · leading indicators,rolling_mean,Rolling mean baseline,2025-01-07,1,early season,1,13809.0,13809.0
aggregate_next_leading,Direct aggregate next window · leading indicators,rolling_mean,Rolling mean baseline,2025-01-15,2,early season,2,13288.5,13288.5
aggregate_next_leading,Direct aggregate next window · leading indicators,rolling_mean,Rolling mean baseline,2025-01-24,3,mid season,3,12674.333333333334,12674.333333333334
aggregate_next_leading,Direct aggregate next window · leading indicators,rolling_mean,Rolling mean baseline,2025-01-29,4,mid season,4,11328.0,11328.0
aggregate_next_leading,Direct aggregate next window · leading indicators,rolling_mean,Rolling mean baseline,2025-02-05,5,mid season,5,9682.4,9682.4
aggregate_next_leading,Direct aggregate next window · leading indicators,rolling_mean,Rolling mean baseline,2025-02-12,6,late season,6,8265.583333333334,8265.583333333334
aggregate_next_leading,Direct aggregate next window · leading indicators,rolling_mean,Rolling mean baseline,2025-02-20,7,late season,7,7332.785714285715,7332.785714285715
aggregate_next_leading,Direct aggregate next window · leading indicators,rolling_mean,Rolling mean baseline,2025-02-26,8,late season,8,6468.625,6468.625
plot_delta_current_state,Plot-level delta-to-next · current-state model,elasticnet,ElasticNet regression,2025-01-07,1,early season,40,273.02505658554253,273.02505658554253
plot_delta_current_state,Plot-level delta-to-next · current-state model,elasticnet,ElasticNet regression,2025-01-15,2,early season,80,173.51255066750304,101.04558541824558
plot_delta_current_state,Plot-level delta-to-next · current-state model,elasticnet,ElasticNet regression,2025-01-24,3,mid season,119,124.46915906807043,64.2593993688863
plot_delta_current_state,Plot-level delta-to-next · current-state model,elasticnet,ElasticNet regression,2025-01-29,4,mid season,158,110.76099446296905,65.26624588535793
plot_delta_current_state,Plot-level delta-to-next · current-state model,elasticnet,ElasticNet regression,2025-02-05,5,mid season,198,93.94853484014416,48.439591837169566
plot_delta_current_state,Plot-level delta-to-next · current-state model,elasticnet,ElasticNet regression,2025-02-12,6,late season,238,84.29125071988945,36.70080443069887
plot_delta_current_state,Plot-level delta-to-next · current-state model,elasticnet,ElasticNet regression,2025-02-20,7,late season,278,78.03599236660646,36.52115198260919
plot_delta_current_state,Plot-level delta-to-next · current-state model,elasticnet,ElasticNet regression,2025-02-26,8,late season,318,77.97710892613766,41.62731434289803
plot_delta_current_state,Plot-level delta-to-next · current-state model,extra_trees,Extra Trees,2025-01-07,1,early season,40,183.93389594384385,183.93389594384385
plot_delta_current_state,Plot-level delta-to-next · current-state model,extra_trees,Extra Trees,2025-01-15,2,early season,80,111.59852969358451,111.59852969358451
plot_delta_current_state,Plot-level delta-to-next · current-state model,extra_trees,Extra Trees,2025-01-24,3,mid season,119,82.94208075034884,82.85919660519512
plot_delta_current_state,Plot-level delta-to-next · current-state model,extra_trees,Extra Trees,2025-01-29,4,mid season,158,70.99364753737481,70.05517103893003
plot_delta_current_state,Plot-level delta-to-next · current-state model,extra_trees,Extra Trees,2025-02-05,5,mid season,198,67.5650637636304,65.28033663091539
plot_delta_current_state,Plot-level delta-to-next · current-state model,extra_trees,Extra Trees,2025-02-12,6,late season,238,60.482948306676995,52.934247744085006
plot_delta_current_state,Plot-level delta-to-next · current-state model,extra_trees,Extra Trees,2025-02-20,7,late season,278,59.65337647819043,53.150512452519166
plot_delta_current_state,Plot-level delta-to-next · current-state model,extra_trees,Extra Trees,2025-02-26,8,late season,318,55.69546045333827,45.21765907515143
plot_delta_current_state,Plot-level delta-to-next · current-state model,gradient_boosting,Gradient Boosting,2025-01-07,1,early season,40,121.87706259834754,121.87706259834754
plot_delta_current_state,Plot-level delta-to-next · current-state model,gradient_boosting,Gradient Boosting,2025-01-15,2,early season,80,91.52065219712668,91.47906258064498
plot_delta_current_state,Plot-level delta-to-next · current-state model,gradient_boosting,Gradient Boosting,2025-01-24,3,mid season,119,63.516276041529316,61.077349977059775
plot_delta_current_state,Plot-level delta-to-next · current-state model,gradient_boosting,Gradient Boosting,2025-01-29,4,mid season,158,62.42255907070821,60.58564640189887
plot_delta_current_state,Plot-level delta-to-next · current-state model,gradient_boosting,Gradient Boosting,2025-02-05,5,mid season,198,78.07990048472524,76.61408128436224
plot_delta_current_state,Plot-level delta-to-next · current-state model,gradient_boosting,Gradient Boosting,2025-02-12,6,late season,238,69.9553817457889,64.798933516662
plot_delta_current_state,Plot-level delta-to-next · current-state model,gradient_boosting,Gradient Boosting,2025-02-20,7,late season,278,67.6275009235479,62.82735661491445
plot_delta_current_state,Plot-level delta-to-next · current-state model,gradient_boosting,Gradient Boosting,2025-02-26,8,late season,318,63.177591661929625,55.37227788777783
plot_delta_current_state,Plot-level delta-to-next · current-state model,hist_gradient_boosting,HistGradientBoosting,2025-01-07,1,early season,40,51.025136275707055,51.025136275707055
plot_delta_current_state,Plot-level delta-to-next · current-state model,hist_gradient_boosting,HistGradientBoosting,2025-01-15,2,early season,80,41.91965908445731,40.717173023286705
plot_delta_current_state,Plot-level delta-to-next · current-state model,hist_gradient_boosting,HistGradientBoosting,2025-01-24,3,mid season,119,32.70885898723745,31.7383236598782
plot_delta_current_state,Plot-level delta-to-next · current-state model,hist_gradient_boosting,HistGradientBoosting,2025-01-29,4,mid season,158,29.427525254154567,26.827279424719283
plot_delta_current_state,Plot-level delta-to-next · current-state model,hist_gradient_boosting,HistGradientBoosting,2025-02-05,5,mid season,198,44.88752467657657,42.81258103490599
plot_delta_current_state,Plot-level delta-to-next · current-state model,hist_gradient_boosting,HistGradientBoosting,2025-02-12,6,late season,238,41.69978555632872,36.222024104976974
plot_delta_current_state,Plot-level delta-to-next · current-state model,hist_gradient_boosting,HistGradientBoosting,2025-02-20,7,late season,278,43.92551728605156,39.20916542829619
plot_delta_current_state,Plot-level delta-to-next · current-state model,hist_gradient_boosting,HistGradientBoosting,2025-02-26,8,late season,318,42.085442774207195,35.21676235459563
plot_delta_current_state,Plot-level delta-to-next · current-state model,persistence,Persistence / no-change baseline,2025-01-07,1,early season,40,22.275,19.825
plot_delta_current_state,Plot-level delta-to-next · current-state model,persistence,Persistence / no-change baseline,2025-01-15,2,early season,80,16.4625,13.8625
plot_delta_current_state,Plot-level delta-to-next · current-state model,persistence,Persistence / no-change baseline,2025-01-24,3,mid season,119,12.067226890756302,9.546218487394958
plot_delta_current_state,Plot-level delta-to-next · current-state model,persistence,Persistence / no-change baseline,2025-01-29,4,mid season,158,11.930379746835444,4.525316455696203
plot_delta_current_state,Plot-level delta-to-next · current-state model,persistence,Persistence / no-change baseline,2025-02-05,5,mid season,198,13.393939393939394,1.3232323232323233
plot_delta_current_state,Plot-level delta-to-next · current-state model,persistence,Persistence / no-change baseline,2025-02-12,6,late season,238,17.596638655462186,-4.428571428571429
plot_delta_current_state,Plot-level delta-to-next · current-state model,persistence,Persistence / no-change baseline,2025-02-20,7,late season,278,20.5,0.37050359712230213
plot_delta_current_state,Plot-level delta-to-next · current-state model,persistence,Persistence / no-change baseline,2025-02-26,8,late season,318,22.10691823899371,-2.9056603773584904
plot_delta_current_state,Plot-level delta-to-next · current-state model,random_forest,Random Forest,2025-01-07,1,early season,40,170.57112036620396,170.57112036620396
plot_delta_current_state,Plot-level delta-to-next · current-state model,random_forest,Random Forest,2025-01-15,2,early season,80,112.6679179339947,112.6679179339947
plot_delta_current_state,Plot-level delta-to-next · current-state model,random_forest,Random Forest,2025-01-24,3,mid season,119,77.86411739630074,73.92104524274897
plot_delta_current_state,Plot-level delta-to-next · current-state model,random_forest,Random Forest,2025-01-29,4,mid season,158,69.02339383391008,65.82584642564419
plot_delta_current_state,Plot-level delta-to-next · current-state model,random_forest,Random Forest,2025-02-05,5,mid season,198,83.55406544856768,81.00248721368885
plot_delta_current_state,Plot-level delta-to-next · current-state model,random_forest,Random Forest,2025-02-12,6,late season,238,73.71421320652493,66.61483085106606
plot_delta_current_state,Plot-level delta-to-next · current-state model,random_forest,Random Forest,2025-02-20,7,late season,278,72.04040477052386,65.75253727590997
plot_delta_current_state,Plot-level delta-to-next · current-state model,random_forest,Random Forest,2025-02-26,8,late season,318,66.7046368309573,55.26586867456279
plot_delta_current_state,Plot-level delta-to-next · current-state model,ridge,Ridge regression,2025-01-07,1,early season,40,299.0765441595619,299.0765441595619
plot_delta_current_state,Plot-level delta-to-next · current-state model,ridge,Ridge regression,2025-01-15,2,early season,80,196.69733230495882,103.24942603339446
plot_delta_current_state,Plot-level delta-to-next · current-state model,ridge,Ridge regression,2025-01-24,3,mid season,119,146.9488339566021,56.82541063342997
plot_delta_current_state,Plot-level delta-to-next · current-state model,ridge,Ridge regression,2025-01-29,4,mid season,158,127.7252394799215,59.58633726410176
plot_delta_current_state,Plot-level delta-to-next · current-state model,ridge,Ridge regression,2025-02-05,5,mid season,198,107.81711799269169,46.7996194668929
plot_delta_current_state,Plot-level delta-to-next · current-state model,ridge,Ridge regression,2025-02-12,6,late season,238,95.83113419519046,35.7443671864983
plot_delta_current_state,Plot-level delta-to-next · current-state model,ridge,Ridge regression,2025-02-20,7,late season,278,87.65599066884856,35.08654093796438
plot_delta_current_state,Plot-level delta-to-next · current-state model,ridge,Ridge regression,2025-02-26,8,late season,318,89.19269303365651,43.235752702883545
plot_delta_current_state,Plot-level delta-to-next · current-state model,rolling_mean,Rolling mean baseline,2025-01-07,1,early season,40,293.625,293.625
plot_delta_current_state,Plot-level delta-to-next · current-state model,rolling_mean,Rolling mean baseline,2025-01-15,2,early season,80,278.88125,278.88125
plot_delta_current_state,Plot-level delta-to-next · current-state model,rolling_mean,Rolling mean baseline,2025-01-24,3,mid season,119,263.1302521008403,263.1302521008403
plot_delta_current_state,Plot-level delta-to-next · current-state model,rolling_mean,Rolling mean baseline,2025-01-29,4,mid season,158,237.66455696202533,237.66455696202533
plot_delta_current_state,Plot-level delta-to-next · current-state model,rolling_mean,Rolling mean baseline,2025-02-05,5,mid season,198,207.8989898989899,207.77777777777777
plot_delta_current_state,Plot-level delta-to-next · current-state model,rolling_mean,Rolling mean baseline,2025-02-12,6,late season,238,181.1764705882353,178.3361344537815
plot_delta_current_state,Plot-level delta-to-next · current-state model,rolling_mean,Rolling mean baseline,2025-02-20,7,late season,278,162.20143884892087,159.53956834532374
plot_delta_current_state,Plot-level delta-to-next · current-state model,rolling_mean,Rolling mean baseline,2025-02-26,8,late season,318,146.52358490566039,140.49528301886792
plot_next_current_state,Plot-level next yield · current-state upper bound,elasticnet,ElasticNet regression,2025-01-07,1,early season,40,279.9338290283585,279.9338290283585
plot_next_current_state,Plot-level next yield · current-state upper bound,elasticnet,ElasticNet regression,2025-01-15,2,early season,80,185.7847333802634,94.83876051440932
plot_next_current_state,Plot-level next yield · current-state upper bound,elasticnet,ElasticNet regression,2025-01-24,3,mid season,119,133.3320388533213,58.93763627632201
plot_next_current_state,Plot-level next yield · current-state upper bound,elasticnet,ElasticNet regression,2025-01-29,4,mid season,158,116.44411270857233,60.27776511189493
plot_next_current_state,Plot-level next yield · current-state upper bound,elasticnet,ElasticNet regression,2025-02-05,5,mid season,198,98.3085381124327,44.87131896788258
plot_next_current_state,Plot-level next yield · current-state upper bound,elasticnet,ElasticNet regression,2025-02-12,6,late season,238,87.64740384007078,34.31778601609562
plot_next_current_state,Plot-level next yield · current-state upper bound,elasticnet,ElasticNet regression,2025-02-20,7,late season,278,81.1831944035647,34.846188948393944
plot_next_current_state,Plot-level next yield · current-state upper bound,elasticnet,ElasticNet regression,2025-02-26,8,late season,318,80.46937402992621,39.898302385770464
plot_next_current_state,Plot-level next yield · current-state upper bound,extra_trees,Extra Trees,2025-01-07,1,early season,40,151.2953105893842,151.2953105893842
plot_next_current_state,Plot-level next yield · current-state upper bound,extra_trees,Extra Trees,2025-01-15,2,early season,80,103.36776148279827,103.36776148279827
plot_next_current_state,Plot-level next yield · current-state upper bound,extra_trees,Extra Trees,2025-01-24,3,mid season,119,101.35899260371984,101.35899260371984
plot_next_current_state,Plot-level next yield · current-state upper bound,extra_trees,Extra Trees,2025-01-29,4,mid season,158,83.64324384015646,82.58917976030935
plot_next_current_state,Plot-level next yield · current-state upper bound,extra_trees,Extra Trees,2025-02-05,5,mid season,198,78.68114837919741,77.76980312411422
plot_next_current_state,Plot-level next yield · current-state upper bound,extra_trees,Extra Trees,2025-02-12,6,late season,238,70.45000395595855,64.89557376033812
plot_next_current_state,Plot-level next yield · current-state upper bound,extra_trees,Extra Trees,2025-02-20,7,late season,278,67.52169167500168,62.752756597845135
plot_next_current_state,Plot-level next yield · current-state upper bound,extra_trees,Extra Trees,2025-02-26,8,late season,318,62.35882041221937,53.23542226108944
plot_next_current_state,Plot-level next yield · current-state upper bound,gradient_boosting,Gradient Boosting,2025-01-07,1,early season,40,184.22460408238675,184.22460408238675
plot_next_current_state,Plot-level next yield · current-state upper bound,gradient_boosting,Gradient Boosting,2025-01-15,2,early season,80,112.10901714571165,112.10901714571165
plot_next_current_state,Plot-level next yield · current-state upper bound,gradient_boosting,Gradient Boosting,2025-01-24,3,mid season,119,102.58499624921244,102.58499624921244
plot_next_current_state,Plot-level next yield · current-state upper bound,gradient_boosting,Gradient Boosting,2025-01-29,4,mid season,158,80.54766198600171,76.0423388557993
plot_next_current_state,Plot-level next yield · current-state upper bound,gradient_boosting,Gradient Boosting,2025-02-05,5,mid season,198,86.37402483560673,82.7788679943341
plot_next_current_state,Plot-level next yield · current-state upper bound,gradient_boosting,Gradient Boosting,2025-02-12,6,late season,238,77.14617664933377,67.69771186766246
plot_next_current_state,Plot-level next yield · current-state upper bound,gradient_boosting,Gradient Boosting,2025-02-20,7,late season,278,71.98077441624733,63.580533680358506
plot_next_current_state,Plot-level next yield · current-state upper bound,gradient_boosting,Gradient Boosting,2025-02-26,8,late season,318,66.60879139846148,52.94724911215177
plot_next_current_state,Plot-level next yield · current-state upper bound,hist_gradient_boosting,HistGradientBoosting,2025-01-07,1,early season,40,32.96601127016036,31.93316587573603
plot_next_current_state,Plot-level next yield · current-state upper bound,hist_gradient_boosting,HistGradientBoosting,2025-01-15,2,early season,80,27.420002675387128,26.534957842880413
plot_next_current_state,Plot-level next yield · current-state upper bound,hist_gradient_boosting,HistGradientBoosting,2025-01-24,3,mid season,119,54.35912541279735,53.764137290103754
plot_next_current_state,Plot-level next yield · current-state upper bound,hist_gradient_boosting,HistGradientBoosting,2025-01-29,4,mid season,158,44.02830585107023,39.09829830543351
plot_next_current_state,Plot-level next yield · current-state upper bound,hist_gradient_boosting,HistGradientBoosting,2025-02-05,5,mid season,198,54.46082953745479,50.52678311214873
plot_next_current_state,Plot-level next yield · current-state upper bound,hist_gradient_boosting,HistGradientBoosting,2025-02-12,6,late season,238,50.574249909928234,43.741315426336335
plot_next_current_state,Plot-level next yield · current-state upper bound,hist_gradient_boosting,HistGradientBoosting,2025-02-20,7,late season,278,49.58998197925159,43.69161869439161
plot_next_current_state,Plot-level next yield · current-state upper bound,hist_gradient_boosting,HistGradientBoosting,2025-02-26,8,late season,318,46.56349641369847,37.06039293904801
plot_next_current_state,Plot-level next yield · current-state upper bound,persistence,Persistence / no-change baseline,2025-01-07,1,early season,40,22.275,19.825
plot_next_current_state,Plot-level next yield · current-state upper bound,persistence,Persistence / no-change baseline,2025-01-15,2,early season,80,16.4625,13.8625
plot_next_current_state,Plot-level next yield · current-state upper bound,persistence,Persistence / no-change baseline,2025-01-24,3,mid season,119,12.067226890756302,9.546218487394958
plot_next_current_state,Plot-level next yield · current-state upper bound,persistence,Persistence / no-change baseline,2025-01-29,4,mid season,158,11.930379746835444,4.525316455696203
plot_next_current_state,Plot-level next yield · current-state upper bound,persistence,Persistence / no-change baseline,2025-02-05,5,mid season,198,13.393939393939394,1.3232323232323233
plot_next_current_state,Plot-level next yield · current-state upper bound,persistence,Persistence / no-change baseline,2025-02-12,6,late season,238,17.596638655462186,-4.428571428571429
plot_next_current_state,Plot-level next yield · current-state upper bound,persistence,Persistence / no-change baseline,2025-02-20,7,late season,278,20.5,0.37050359712230213
plot_next_current_state,Plot-level next yield · current-state upper bound,persistence,Persistence / no-change baseline,2025-02-26,8,late season,318,22.10691823899371,-2.9056603773584904
plot_next_current_state,Plot-level next yield · current-state upper bound,random_forest,Random Forest,2025-01-07,1,early season,40,129.3962823864953,129.3962823864953
plot_next_current_state,Plot-level next yield · current-state upper bound,random_forest,Random Forest,2025-01-15,2,early season,80,82.66051143862754,82.66051143862754
plot_next_current_state,Plot-level next yield · current-state upper bound,random_forest,Random Forest,2025-01-24,3,mid season,119,90.77479651293274,90.77479651293274
plot_next_current_state,Plot-level next yield · current-state upper bound,random_forest,Random Forest,2025-01-29,4,mid season,158,71.43350684255446,66.4257414419459
plot_next_current_state,Plot-level next yield · current-state upper bound,random_forest,Random Forest,2025-02-05,5,mid season,198,79.51146746584018,75.51537184313234
plot_next_current_state,Plot-level next yield · current-state upper bound,random_forest,Random Forest,2025-02-12,6,late season,238,70.88983794990271,60.62880706256931
plot_next_current_state,Plot-level next yield · current-state upper bound,random_forest,Random Forest,2025-02-20,7,late season,278,65.95387090462027,56.892928619556656
plot_next_current_state,Plot-level next yield · current-state upper bound,random_forest,Random Forest,2025-02-26,8,late season,318,60.850007050887484,48.57704370098424
plot_next_current_state,Plot-level next yield · current-state upper bound,ridge,Ridge regression,2025-01-07,1,early season,40,304.4346140748436,304.4346140748436
plot_next_current_state,Plot-level next yield · current-state upper bound,ridge,Ridge regression,2025-01-15,2,early season,80,205.51450904236407,99.51992748797552
plot_next_current_state,Plot-level next yield · current-state upper bound,ridge,Ridge regression,2025-01-24,3,mid season,119,153.44157864959718,53.667577269652746
plot_next_current_state,Plot-level next yield · current-state upper bound,ridge,Ridge regression,2025-01-29,4,mid season,158,132.06895684789382,56.6418820540598
plot_next_current_state,Plot-level next yield · current-state upper bound,ridge,Ridge regression,2025-02-05,5,mid season,198,111.28246867467371,44.576665380373036
plot_next_current_state,Plot-level next yield · current-state upper bound,ridge,Ridge regression,2025-02-12,6,late season,238,98.58097184655992,34.21134717213198
plot_next_current_state,Plot-level next yield · current-state upper bound,ridge,Ridge regression,2025-02-20,7,late season,278,90.16006710881925,33.99360345588294
plot_next_current_state,Plot-level next yield · current-state upper bound,ridge,Ridge regression,2025-02-26,8,late season,318,91.17017318004415,42.068673508609244
plot_next_current_state,Plot-level next yield · current-state upper bound,rolling_mean,Rolling mean baseline,2025-01-07,1,early season,40,293.625,293.625
plot_next_current_state,Plot-level next yield · current-state upper bound,rolling_mean,Rolling mean baseline,2025-01-15,2,early season,80,278.88125,278.88125
plot_next_current_state,Plot-level next yield · current-state upper bound,rolling_mean,Rolling mean baseline,2025-01-24,3,mid season,119,263.1302521008403,263.1302521008403
plot_next_current_state,Plot-level next yield · current-state upper bound,rolling_mean,Rolling mean baseline,2025-01-29,4,mid season,158,237.66455696202533,237.66455696202533
plot_next_current_state,Plot-level next yield · current-state upper bound,rolling_mean,Rolling mean baseline,2025-02-05,5,mid season,198,207.8989898989899,207.77777777777777
plot_next_current_state,Plot-level next yield · current-state upper bound,rolling_mean,Rolling mean baseline,2025-02-12,6,late season,238,181.1764705882353,178.3361344537815
plot_next_current_state,Plot-level next yield · current-state upper bound,rolling_mean,Rolling mean baseline,2025-02-20,7,late season,278,162.20143884892087,159.53956834532374
plot_next_current_state,Plot-level next yield · current-state upper bound,rolling_mean,Rolling mean baseline,2025-02-26,8,late season,318,146.52358490566039,140.49528301886792
plot_next_leading,Plot-level next yield · leading indicators,elasticnet,ElasticNet regression,2025-01-07,1,early season,40,302.3596627699603,302.3596627699603
plot_next_leading,Plot-level next yield · leading indicators,elasticnet,ElasticNet regression,2025-01-15,2,early season,80,229.44190631660567,72.91775645335461
plot_next_leading,Plot-level next yield · leading indicators,elasticnet,ElasticNet regression,2025-01-24,3,mid season,119,171.88967930996014,32.84934208479235
plot_next_leading,Plot-level next yield · leading indicators,elasticnet,ElasticNet regression,2025-01-29,4,mid season,158,140.65219182731744,35.19948911904335
plot_next_leading,Plot-level next yield · leading indicators,elasticnet,ElasticNet regression,2025-02-05,5,mid season,198,117.81793912381336,28.2215174342887
plot_next_leading,Plot-level next yield · leading indicators,elasticnet,ElasticNet regression,2025-02-12,6,late season,238,103.50988271632829,20.831328225989676
plot_next_leading,Plot-level next yield · leading indicators,elasticnet,ElasticNet regression,2025-02-20,7,late season,278,95.90049512991607,24.59295264361789
plot_next_leading,Plot-level next yield · leading indicators,elasticnet,ElasticNet regression,2025-02-26,8,late season,318,94.15189850328419,31.750128148956183
plot_next_leading,Plot-level next yield · leading indicators,extra_trees,Extra Trees,2025-01-07,1,early season,40,150.78379053510528,150.78379053510528
plot_next_leading,Plot-level next yield · leading indicators,extra_trees,Extra Trees,2025-01-15,2,early season,80,104.34129458573447,104.34129458573447
plot_next_leading,Plot-level next yield · leading indicators,extra_trees,Extra Trees,2025-01-24,3,mid season,119,105.78365818379109,105.78365818379109
plot_next_leading,Plot-level next yield · leading indicators,extra_trees,Extra Trees,2025-01-29,4,mid season,158,88.65555368702383,87.91012102160452
plot_next_leading,Plot-level next yield · leading indicators,extra_trees,Extra Trees,2025-02-05,5,mid season,198,83.62290363629175,82.98836797252379
plot_next_leading,Plot-level next yield · leading indicators,extra_trees,Extra Trees,2025-02-12,6,late season,238,74.57914136806511,69.9908172027687
plot_next_leading,Plot-level next yield · leading indicators,extra_trees,Extra Trees,2025-02-20,7,late season,278,70.51822847317389,66.55667268694448
plot_next_leading,Plot-level next yield · leading indicators,extra_trees,Extra Trees,2025-02-26,8,late season,318,64.9839878722334,56.6385528610601
plot_next_leading,Plot-level next yield · leading indicators,gradient_boosting,Gradient Boosting,2025-01-07,1,early season,40,178.8115875385491,178.8115875385491
plot_next_leading,Plot-level next yield · leading indicators,gradient_boosting,Gradient Boosting,2025-01-15,2,early season,80,103.80597370202054,103.67499336139451
plot_next_leading,Plot-level next yield · leading indicators,gradient_boosting,Gradient Boosting,2025-01-24,3,mid season,119,98.61498658396741,98.5269325734625
plot_next_leading,Plot-level next yield · leading indicators,gradient_boosting,Gradient Boosting,2025-01-29,4,mid season,158,77.65153993210556,72.67689759576578
plot_next_leading,Plot-level next yield · leading indicators,gradient_boosting,Gradient Boosting,2025-02-05,5,mid season,198,85.16628074387752,81.19661665730334
plot_next_leading,Plot-level next yield · leading indicators,gradient_boosting,Gradient Boosting,2025-02-12,6,late season,238,76.41514940620637,68.29302765534312
plot_next_leading,Plot-level next yield · leading indicators,gradient_boosting,Gradient Boosting,2025-02-20,7,late season,278,71.52799517908666,64.11079017826471
plot_next_leading,Plot-level next yield · leading indicators,gradient_boosting,Gradient Boosting,2025-02-26,8,late season,318,66.13508130041019,56.71443916782827
plot_next_leading,Plot-level next yield · leading indicators,hist_gradient_boosting,HistGradientBoosting,2025-01-07,1,early season,40,49.34629910388861,49.17816485395025
plot_next_leading,Plot-level next yield · leading indicators,hist_gradient_boosting,HistGradientBoosting,2025-01-15,2,early season,80,33.45013289997186,32.89762568075965
plot_next_leading,Plot-level next yield · leading indicators,hist_gradient_boosting,HistGradientBoosting,2025-01-24,3,mid season,119,62.89068070990435,62.51924728522388
plot_next_leading,Plot-level next yield · leading indicators,hist_gradient_boosting,HistGradientBoosting,2025-01-29,4,mid season,158,50.323809318967776,44.6177323811848
plot_next_leading,Plot-level next yield · leading indicators,hist_gradient_boosting,HistGradientBoosting,2025-02-05,5,mid season,198,57.41664654207141,52.86331242000218
plot_next_leading,Plot-level next yield · leading indicators,hist_gradient_boosting,HistGradientBoosting,2025-02-12,6,late season,238,55.085858465122044,49.22570362006887
plot_next_leading,Plot-level next yield · leading indicators,hist_gradient_boosting,HistGradientBoosting,2025-02-20,7,late season,278,53.308388867313305,48.19395111700155
plot_next_leading,Plot-level next yield · leading indicators,hist_gradient_boosting,HistGradientBoosting,2025-02-26,8,late season,318,50.229013334208744,40.61587165530387
plot_next_leading,Plot-level next yield · leading indicators,persistence,Persistence / no-change baseline,2025-01-07,1,early season,40,22.275,19.825
plot_next_leading,Plot-level next yield · leading indicators,persistence,Persistence / no-change baseline,2025-01-15,2,early season,80,16.4625,13.8625
plot_next_leading,Plot-level next yield · leading indicators,persistence,Persistence / no-change baseline,2025-01-24,3,mid season,119,12.067226890756302,9.546218487394958
plot_next_leading,Plot-level next yield · leading indicators,persistence,Persistence / no-change baseline,2025-01-29,4,mid season,158,11.930379746835444,4.525316455696203
plot_next_leading,Plot-level next yield · leading indicators,persistence,Persistence / no-change baseline,2025-02-05,5,mid season,198,13.393939393939394,1.3232323232323233
plot_next_leading,Plot-level next yield · leading indicators,persistence,Persistence / no-change baseline,2025-02-12,6,late season,238,17.596638655462186,-4.428571428571429
plot_next_leading,Plot-level next yield · leading indicators,persistence,Persistence / no-change baseline,2025-02-20,7,late season,278,20.5,0.37050359712230213
plot_next_leading,Plot-level next yield · leading indicators,persistence,Persistence / no-change baseline,2025-02-26,8,late season,318,22.10691823899371,-2.9056603773584904
plot_next_leading,Plot-level next yield · leading indicators,random_forest,Random Forest,2025-01-07,1,early season,40,157.87941573222005,157.87941573222005
plot_next_leading,Plot-level next yield · leading indicators,random_forest,Random Forest,2025-01-15,2,early season,80,94.14843281051303,94.14843281051303
plot_next_leading,Plot-level next yield · leading indicators,random_forest,Random Forest,2025-01-24,3,mid season,119,94.3026099251994,94.3026099251994
plot_next_leading,Plot-level next yield · leading indicators,random_forest,Random Forest,2025-01-29,4,mid season,158,74.0829611710422,69.43158874495424
plot_next_leading,Plot-level next yield · leading indicators,random_forest,Random Forest,2025-02-05,5,mid season,198,79.6318988843812,75.92019765548275
plot_next_leading,Plot-level next yield · leading indicators,random_forest,Random Forest,2025-02-12,6,late season,238,71.00007066015876,61.90916849937795
plot_next_leading,Plot-level next yield · leading indicators,random_forest,Random Forest,2025-02-20,7,late season,278,65.76440119980359,57.52241978228646
plot_next_leading,Plot-level next yield · leading indicators,random_forest,Random Forest,2025-02-26,8,late season,318,60.606541391703296,49.630635735448394
plot_next_leading,Plot-level next yield · leading indicators,ridge,Ridge regression,2025-01-07,1,early season,40,329.4855904643945,329.4855904643945
plot_next_leading,Plot-level next yield · leading indicators,ridge,Ridge regression,2025-01-15,2,early season,80,248.58447311600995,80.90111734838453
plot_next_leading,Plot-level next yield · leading indicators,ridge,Ridge regression,2025-01-24,3,mid season,119,192.22793519637224,29.907636679814708
plot_next_leading,Plot-level next yield · leading indicators,ridge,Ridge regression,2025-01-29,4,mid season,158,157.3257429988394,33.450584684450185
plot_next_leading,Plot-level next yield · leading indicators,ridge,Ridge regression,2025-02-05,5,mid season,198,132.822319425321,29.811321865768736
plot_next_leading,Plot-level next yield · leading indicators,ridge,Ridge regression,2025-02-12,6,late season,238,116.44243055326655,22.192537788774736
plot_next_leading,Plot-level next yield · leading indicators,ridge,Ridge regression,2025-02-20,7,late season,278,106.40198035284918,24.72792217045771
plot_next_leading,Plot-level next yield · leading indicators,ridge,Ridge regression,2025-02-26,8,late season,318,105.94037843995443,34.53978669559963
plot_next_leading,Plot-level next yield · leading indicators,rolling_mean,Rolling mean baseline,2025-01-07,1,early season,40,293.625,293.625
plot_next_leading,Plot-level next yield · leading indicators,rolling_mean,Rolling mean baseline,2025-01-15,2,early season,80,278.88125,278.88125
plot_next_leading,Plot-level next yield · leading indicators,rolling_mean,Rolling mean baseline,2025-01-24,3,mid season,119,263.1302521008403,263.1302521008403
plot_next_leading,Plot-level next yield · leading indicators,rolling_mean,Rolling mean baseline,2025-01-29,4,mid season,158,237.66455696202533,237.66455696202533
plot_next_leading,Plot-level next yield · leading indicators,rolling_mean,Rolling mean baseline,2025-02-05,5,mid season,198,207.8989898989899,207.77777777777777
plot_next_leading,Plot-level next yield · leading indicators,rolling_mean,Rolling mean baseline,2025-02-12,6,late season,238,181.1764705882353,178.3361344537815
plot_next_leading,Plot-level next yield · leading indicators,rolling_mean,Rolling mean baseline,2025-02-20,7,late season,278,162.20143884892087,159.53956834532374
plot_next_leading,Plot-level next yield · leading indicators,rolling_mean,Rolling mean baseline,2025-02-26,8,late season,318,146.52358490566039,140.49528301886792
