task_id,task_label,level,target_mode,feature_mode,model_id,model_label,forecast_origin_date,target_date,origin_sequence,season_phase,n_units,current_window_yield_g,forecasted_next_window_yield_g,observed_next_window_yield_g,aggregate_error_g,aggregate_absolute_error_g,forecast_change_vs_current_pct,observed_change_vs_current_pct,operational_flag
aggregate_delta_current_state,Direct aggregate delta-to-next · current-state model,aggregate,delta,current_state,persistence,Persistence / no-change baseline,2025-01-07,2025-01-15,1,early season,0,1210.0,1210.0,417.0,793.0,793.0,0.0,-65.53719008264463,Stable window
aggregate_delta_current_state,Direct aggregate delta-to-next · current-state model,aggregate,delta,current_state,persistence,Persistence / no-change baseline,2025-01-15,2025-01-24,2,early season,0,417.0,417.0,101.0,316.0,316.0,0.0,-75.77937649880096,Stable window
aggregate_delta_current_state,Direct aggregate delta-to-next · current-state model,aggregate,delta,current_state,persistence,Persistence / no-change baseline,2025-01-24,2025-01-29,3,mid season,0,101.0,101.0,66.0,35.0,35.0,0.0,-34.65346534653465,Stable window
aggregate_delta_current_state,Direct aggregate delta-to-next · current-state model,aggregate,delta,current_state,persistence,Persistence / no-change baseline,2025-01-29,2025-02-05,4,mid season,0,66.0,66.0,487.0,-421.0,421.0,0.0,637.8787878787879,Stable window
aggregate_delta_current_state,Direct aggregate delta-to-next · current-state model,aggregate,delta,current_state,persistence,Persistence / no-change baseline,2025-02-05,2025-02-12,5,mid season,0,487.0,487.0,940.0,-453.0,453.0,0.0,93.01848049281314,Stable window
aggregate_delta_current_state,Direct aggregate delta-to-next · current-state model,aggregate,delta,current_state,persistence,Persistence / no-change baseline,2025-02-12,2025-02-20,6,late season,0,940.0,940.0,2256.0,-1316.0,1316.0,0.0,140.0,Stable window
aggregate_delta_current_state,Direct aggregate delta-to-next · current-state model,aggregate,delta,current_state,persistence,Persistence / no-change baseline,2025-02-20,2025-02-26,7,late season,0,2256.0,2256.0,1099.0,1157.0,1157.0,0.0,-51.28546099290781,Stable window
aggregate_delta_current_state,Direct aggregate delta-to-next · current-state model,aggregate,delta,current_state,persistence,Persistence / no-change baseline,2025-02-26,2025-03-05,8,late season,0,1099.0,1099.0,2126.0,-1027.0,1027.0,0.0,93.44858962693358,Stable window
aggregate_delta_current_state,Direct aggregate delta-to-next · current-state model,aggregate,delta,current_state,rolling_mean,Rolling mean baseline,2025-01-07,2025-01-15,1,early season,0,1210.0,14226.0,417.0,13809.0,13809.0,1075.702479338843,-65.53719008264463,Production flush risk
aggregate_delta_current_state,Direct aggregate delta-to-next · current-state model,aggregate,delta,current_state,rolling_mean,Rolling mean baseline,2025-01-15,2025-01-24,2,early season,0,417.0,12869.0,101.0,12768.0,12768.0,2986.091127098321,-75.77937649880096,Production flush risk
aggregate_delta_current_state,Direct aggregate delta-to-next · current-state model,aggregate,delta,current_state,rolling_mean,Rolling mean baseline,2025-01-24,2025-01-29,3,mid season,0,101.0,11512.0,66.0,11446.0,11446.0,11298.019801980197,-34.65346534653465,Production flush risk
aggregate_delta_current_state,Direct aggregate delta-to-next · current-state model,aggregate,delta,current_state,rolling_mean,Rolling mean baseline,2025-01-29,2025-02-05,4,mid season,0,66.0,7776.0,487.0,7289.0,7289.0,11681.818181818182,637.8787878787879,Production flush risk
aggregate_delta_current_state,Direct aggregate delta-to-next · current-state model,aggregate,delta,current_state,rolling_mean,Rolling mean baseline,2025-02-05,2025-02-12,5,mid season,0,487.0,4040.0,940.0,3100.0,3100.0,729.5687885010267,93.01848049281314,Production flush risk
aggregate_delta_current_state,Direct aggregate delta-to-next · current-state model,aggregate,delta,current_state,rolling_mean,Rolling mean baseline,2025-02-12,2025-02-20,6,late season,0,940.0,3437.5,2256.0,1181.5,1181.5,265.6914893617021,140.0,Production flush risk
aggregate_delta_current_state,Direct aggregate delta-to-next · current-state model,aggregate,delta,current_state,rolling_mean,Rolling mean baseline,2025-02-20,2025-02-26,7,late season,0,2256.0,2835.0,1099.0,1736.0,1736.0,25.664893617021278,-51.28546099290781,Production flush risk
aggregate_delta_current_state,Direct aggregate delta-to-next · current-state model,aggregate,delta,current_state,rolling_mean,Rolling mean baseline,2025-02-26,2025-03-05,8,late season,0,1099.0,2545.5,2126.0,419.5,419.5,131.6196542311192,93.44858962693358,Production flush risk
aggregate_next_current_state,Direct aggregate next window · current-state upper bound,aggregate,next,current_state,persistence,Persistence / no-change baseline,2025-01-07,2025-01-15,1,early season,0,1210.0,1210.0,417.0,793.0,793.0,0.0,-65.53719008264463,Stable window
aggregate_next_current_state,Direct aggregate next window · current-state upper bound,aggregate,next,current_state,persistence,Persistence / no-change baseline,2025-01-15,2025-01-24,2,early season,0,417.0,417.0,101.0,316.0,316.0,0.0,-75.77937649880096,Stable window
aggregate_next_current_state,Direct aggregate next window · current-state upper bound,aggregate,next,current_state,persistence,Persistence / no-change baseline,2025-01-24,2025-01-29,3,mid season,0,101.0,101.0,66.0,35.0,35.0,0.0,-34.65346534653465,Stable window
aggregate_next_current_state,Direct aggregate next window · current-state upper bound,aggregate,next,current_state,persistence,Persistence / no-change baseline,2025-01-29,2025-02-05,4,mid season,0,66.0,66.0,487.0,-421.0,421.0,0.0,637.8787878787879,Stable window
aggregate_next_current_state,Direct aggregate next window · current-state upper bound,aggregate,next,current_state,persistence,Persistence / no-change baseline,2025-02-05,2025-02-12,5,mid season,0,487.0,487.0,940.0,-453.0,453.0,0.0,93.01848049281314,Stable window
aggregate_next_current_state,Direct aggregate next window · current-state upper bound,aggregate,next,current_state,persistence,Persistence / no-change baseline,2025-02-12,2025-02-20,6,late season,0,940.0,940.0,2256.0,-1316.0,1316.0,0.0,140.0,Stable window
aggregate_next_current_state,Direct aggregate next window · current-state upper bound,aggregate,next,current_state,persistence,Persistence / no-change baseline,2025-02-20,2025-02-26,7,late season,0,2256.0,2256.0,1099.0,1157.0,1157.0,0.0,-51.28546099290781,Stable window
aggregate_next_current_state,Direct aggregate next window · current-state upper bound,aggregate,next,current_state,persistence,Persistence / no-change baseline,2025-02-26,2025-03-05,8,late season,0,1099.0,1099.0,2126.0,-1027.0,1027.0,0.0,93.44858962693358,Stable window
aggregate_next_current_state,Direct aggregate next window · current-state upper bound,aggregate,next,current_state,rolling_mean,Rolling mean baseline,2025-01-07,2025-01-15,1,early season,0,1210.0,14226.0,417.0,13809.0,13809.0,1075.702479338843,-65.53719008264463,Production flush risk
aggregate_next_current_state,Direct aggregate next window · current-state upper bound,aggregate,next,current_state,rolling_mean,Rolling mean baseline,2025-01-15,2025-01-24,2,early season,0,417.0,12869.0,101.0,12768.0,12768.0,2986.091127098321,-75.77937649880096,Production flush risk
aggregate_next_current_state,Direct aggregate next window · current-state upper bound,aggregate,next,current_state,rolling_mean,Rolling mean baseline,2025-01-24,2025-01-29,3,mid season,0,101.0,11512.0,66.0,11446.0,11446.0,11298.019801980197,-34.65346534653465,Production flush risk
aggregate_next_current_state,Direct aggregate next window · current-state upper bound,aggregate,next,current_state,rolling_mean,Rolling mean baseline,2025-01-29,2025-02-05,4,mid season,0,66.0,7776.0,487.0,7289.0,7289.0,11681.818181818182,637.8787878787879,Production flush risk
aggregate_next_current_state,Direct aggregate next window · current-state upper bound,aggregate,next,current_state,rolling_mean,Rolling mean baseline,2025-02-05,2025-02-12,5,mid season,0,487.0,4040.0,940.0,3100.0,3100.0,729.5687885010267,93.01848049281314,Production flush risk
aggregate_next_current_state,Direct aggregate next window · current-state upper bound,aggregate,next,current_state,rolling_mean,Rolling mean baseline,2025-02-12,2025-02-20,6,late season,0,940.0,3437.5,2256.0,1181.5,1181.5,265.6914893617021,140.0,Production flush risk
aggregate_next_current_state,Direct aggregate next window · current-state upper bound,aggregate,next,current_state,rolling_mean,Rolling mean baseline,2025-02-20,2025-02-26,7,late season,0,2256.0,2835.0,1099.0,1736.0,1736.0,25.664893617021278,-51.28546099290781,Production flush risk
aggregate_next_current_state,Direct aggregate next window · current-state upper bound,aggregate,next,current_state,rolling_mean,Rolling mean baseline,2025-02-26,2025-03-05,8,late season,0,1099.0,2545.5,2126.0,419.5,419.5,131.6196542311192,93.44858962693358,Production flush risk
aggregate_next_leading,Direct aggregate next window · leading indicators,aggregate,next,leading,persistence,Persistence / no-change baseline,2025-01-07,2025-01-15,1,early season,0,1210.0,1210.0,417.0,793.0,793.0,0.0,-65.53719008264463,Stable window
aggregate_next_leading,Direct aggregate next window · leading indicators,aggregate,next,leading,persistence,Persistence / no-change baseline,2025-01-15,2025-01-24,2,early season,0,417.0,417.0,101.0,316.0,316.0,0.0,-75.77937649880096,Stable window
aggregate_next_leading,Direct aggregate next window · leading indicators,aggregate,next,leading,persistence,Persistence / no-change baseline,2025-01-24,2025-01-29,3,mid season,0,101.0,101.0,66.0,35.0,35.0,0.0,-34.65346534653465,Stable window
aggregate_next_leading,Direct aggregate next window · leading indicators,aggregate,next,leading,persistence,Persistence / no-change baseline,2025-01-29,2025-02-05,4,mid season,0,66.0,66.0,487.0,-421.0,421.0,0.0,637.8787878787879,Stable window
aggregate_next_leading,Direct aggregate next window · leading indicators,aggregate,next,leading,persistence,Persistence / no-change baseline,2025-02-05,2025-02-12,5,mid season,0,487.0,487.0,940.0,-453.0,453.0,0.0,93.01848049281314,Stable window
aggregate_next_leading,Direct aggregate next window · leading indicators,aggregate,next,leading,persistence,Persistence / no-change baseline,2025-02-12,2025-02-20,6,late season,0,940.0,940.0,2256.0,-1316.0,1316.0,0.0,140.0,Stable window
aggregate_next_leading,Direct aggregate next window · leading indicators,aggregate,next,leading,persistence,Persistence / no-change baseline,2025-02-20,2025-02-26,7,late season,0,2256.0,2256.0,1099.0,1157.0,1157.0,0.0,-51.28546099290781,Stable window
aggregate_next_leading,Direct aggregate next window · leading indicators,aggregate,next,leading,persistence,Persistence / no-change baseline,2025-02-26,2025-03-05,8,late season,0,1099.0,1099.0,2126.0,-1027.0,1027.0,0.0,93.44858962693358,Stable window
aggregate_next_leading,Direct aggregate next window · leading indicators,aggregate,next,leading,rolling_mean,Rolling mean baseline,2025-01-07,2025-01-15,1,early season,0,1210.0,14226.0,417.0,13809.0,13809.0,1075.702479338843,-65.53719008264463,Production flush risk
aggregate_next_leading,Direct aggregate next window · leading indicators,aggregate,next,leading,rolling_mean,Rolling mean baseline,2025-01-15,2025-01-24,2,early season,0,417.0,12869.0,101.0,12768.0,12768.0,2986.091127098321,-75.77937649880096,Production flush risk
aggregate_next_leading,Direct aggregate next window · leading indicators,aggregate,next,leading,rolling_mean,Rolling mean baseline,2025-01-24,2025-01-29,3,mid season,0,101.0,11512.0,66.0,11446.0,11446.0,11298.019801980197,-34.65346534653465,Production flush risk
aggregate_next_leading,Direct aggregate next window · leading indicators,aggregate,next,leading,rolling_mean,Rolling mean baseline,2025-01-29,2025-02-05,4,mid season,0,66.0,7776.0,487.0,7289.0,7289.0,11681.818181818182,637.8787878787879,Production flush risk
aggregate_next_leading,Direct aggregate next window · leading indicators,aggregate,next,leading,rolling_mean,Rolling mean baseline,2025-02-05,2025-02-12,5,mid season,0,487.0,4040.0,940.0,3100.0,3100.0,729.5687885010267,93.01848049281314,Production flush risk
aggregate_next_leading,Direct aggregate next window · leading indicators,aggregate,next,leading,rolling_mean,Rolling mean baseline,2025-02-12,2025-02-20,6,late season,0,940.0,3437.5,2256.0,1181.5,1181.5,265.6914893617021,140.0,Production flush risk
aggregate_next_leading,Direct aggregate next window · leading indicators,aggregate,next,leading,rolling_mean,Rolling mean baseline,2025-02-20,2025-02-26,7,late season,0,2256.0,2835.0,1099.0,1736.0,1736.0,25.664893617021278,-51.28546099290781,Production flush risk
aggregate_next_leading,Direct aggregate next window · leading indicators,aggregate,next,leading,rolling_mean,Rolling mean baseline,2025-02-26,2025-03-05,8,late season,0,1099.0,2545.5,2126.0,419.5,419.5,131.6196542311192,93.44858962693358,Production flush risk
plot_delta_current_state,Plot-level delta-to-next · current-state model,plot,delta,current_state,elasticnet,ElasticNet regression,2025-01-07,2025-01-15,1,early season,40,1210.0,11338.002263421702,417.0,10921.002263421702,10921.002263421702,837.0249804480746,-65.53719008264463,Production flush risk
plot_delta_current_state,Plot-level delta-to-next · current-state model,plot,delta,current_state,elasticnet,ElasticNet regression,2025-01-15,2025-01-24,2,early season,40,417.0,-2736.3554299620546,101.0,-2837.3554299620546,2837.3554299620546,-756.2003429165599,-75.77937649880096,Supply drop risk
plot_delta_current_state,Plot-level delta-to-next · current-state model,plot,delta,current_state,elasticnet,ElasticNet regression,2025-01-24,2025-01-29,3,mid season,39,93.0,-370.7783085621775,66.0,-436.7783085621775,436.7783085621775,-498.6863532926639,-29.03225806451613,Supply drop risk
plot_delta_current_state,Plot-level delta-to-next · current-state model,plot,delta,current_state,elasticnet,ElasticNet regression,2025-01-29,2025-02-05,4,mid season,39,66.0,3152.1983249890836,487.0,2665.1983249890836,2665.1983249890836,4676.058068165278,637.8787878787879,Production flush risk
plot_delta_current_state,Plot-level delta-to-next · current-state model,plot,delta,current_state,elasticnet,ElasticNet regression,2025-02-05,2025-02-12,5,mid season,40,487.0,218.97233387302157,940.0,-721.0276661269784,721.0276661269784,-55.0364817509196,93.01848049281314,Supply drop risk
plot_delta_current_state,Plot-level delta-to-next · current-state model,plot,delta,current_state,elasticnet,ElasticNet regression,2025-02-12,2025-02-20,6,late season,40,940.0,1399.752270746757,2256.0,-856.247729253243,856.247729253243,48.90981603688903,140.0,Production flush risk
plot_delta_current_state,Plot-level delta-to-next · current-state model,plot,delta,current_state,elasticnet,ElasticNet regression,2025-02-20,2025-02-26,7,late season,40,2256.0,2517.0887966590244,1099.0,1418.0887966590244,1418.0887966590244,11.573084958290089,-51.28546099290781,Stable window
plot_delta_current_state,Plot-level delta-to-next · current-state model,plot,delta,current_state,elasticnet,ElasticNet regression,2025-02-26,2025-03-05,8,late season,40,1099.0,5210.605709876217,2126.0,3084.6057098762167,3084.6057098762167,374.1224485783637,93.44858962693358,Production flush risk
plot_delta_current_state,Plot-level delta-to-next · current-state model,plot,delta,current_state,extra_trees,Extra Trees,2025-01-07,2025-01-15,1,early season,40,1210.0,7774.355837753754,417.0,7357.355837753754,7357.355837753754,542.5087469217979,-65.53719008264463,Production flush risk
plot_delta_current_state,Plot-level delta-to-next · current-state model,plot,delta,current_state,extra_trees,Extra Trees,2025-01-15,2025-01-24,2,early season,40,417.0,1671.5265377330074,101.0,1570.5265377330074,1570.5265377330074,300.8456925019202,-75.77937649880096,Production flush risk
plot_delta_current_state,Plot-level delta-to-next · current-state model,plot,delta,current_state,extra_trees,Extra Trees,2025-01-24,2025-01-29,3,mid season,39,93.0,998.362020531461,66.0,932.362020531461,932.362020531461,973.5075489585603,-29.03225806451613,Production flush risk
plot_delta_current_state,Plot-level delta-to-next · current-state model,plot,delta,current_state,extra_trees,Extra Trees,2025-01-29,2025-02-05,4,mid season,39,66.0,1695.4726281327216,487.0,1208.4726281327216,1208.4726281327216,2468.8979214132146,637.8787878787879,Production flush risk
plot_delta_current_state,Plot-level delta-to-next · current-state model,plot,delta,current_state,extra_trees,Extra Trees,2025-02-05,2025-02-12,5,mid season,40,487.0,2796.789628770303,940.0,1856.789628770303,1856.789628770303,474.28945149287534,93.01848049281314,Production flush risk
plot_delta_current_state,Plot-level delta-to-next · current-state model,plot,delta,current_state,extra_trees,Extra Trees,2025-02-12,2025-02-20,6,late season,40,940.0,1928.8443101709854,2256.0,-327.1556898290146,327.1556898290146,105.19620320967931,140.0,Production flush risk
plot_delta_current_state,Plot-level delta-to-next · current-state model,plot,delta,current_state,extra_trees,Extra Trees,2025-02-20,2025-02-26,7,late season,40,2256.0,3276.4914987080965,1099.0,2177.4914987080965,2177.4914987080965,45.23455224769931,-51.28546099290781,Production flush risk
plot_delta_current_state,Plot-level delta-to-next · current-state model,plot,delta,current_state,extra_trees,Extra Trees,2025-02-26,2025-03-05,8,late season,40,1099.0,1729.3731240978263,2126.0,-396.62687590217365,396.62687590217365,57.35879200162205,93.44858962693358,Production flush risk
plot_delta_current_state,Plot-level delta-to-next · current-state model,plot,delta,current_state,gradient_boosting,Gradient Boosting,2025-01-07,2025-01-15,1,early season,40,1210.0,5292.0825039339015,417.0,4875.0825039339015,4875.0825039339015,337.36219040776047,-65.53719008264463,Production flush risk
plot_delta_current_state,Plot-level delta-to-next · current-state model,plot,delta,current_state,gradient_boosting,Gradient Boosting,2025-01-15,2025-01-24,2,early season,40,417.0,2544.2425025176954,101.0,2443.2425025176954,2443.2425025176954,510.1300965270252,-75.77937649880096,Production flush risk
plot_delta_current_state,Plot-level delta-to-next · current-state model,plot,delta,current_state,gradient_boosting,Gradient Boosting,2025-01-24,2025-01-29,3,mid season,39,93.0,15.879640818516062,66.0,-50.120359181483934,50.120359181483934,-82.92511739944509,-29.03225806451613,Supply drop risk
plot_delta_current_state,Plot-level delta-to-next · current-state model,plot,delta,current_state,gradient_boosting,Gradient Boosting,2025-01-29,2025-02-05,4,mid season,39,66.0,2791.3274842299097,487.0,2304.3274842299097,2304.3274842299097,4129.284067015014,637.8787878787879,Production flush risk
plot_delta_current_state,Plot-level delta-to-next · current-state model,plot,delta,current_state,gradient_boosting,Gradient Boosting,2025-02-05,2025-02-12,5,mid season,40,487.0,6537.0559628037,940.0,5597.0559628037,5597.0559628037,1242.311285996653,93.01848049281314,Production flush risk
plot_delta_current_state,Plot-level delta-to-next · current-state model,plot,delta,current_state,gradient_boosting,Gradient Boosting,2025-02-12,2025-02-20,6,late season,40,940.0,2508.558082661832,2256.0,252.55808266183203,252.55808266183203,166.86788113423745,140.0,Production flush risk
plot_delta_current_state,Plot-level delta-to-next · current-state model,plot,delta,current_state,gradient_boosting,Gradient Boosting,2025-02-20,2025-02-26,7,late season,40,2256.0,3142.858961980661,1099.0,2043.8589619806612,2043.8589619806612,39.311124201270445,-51.28546099290781,Production flush risk
plot_delta_current_state,Plot-level delta-to-next · current-state model,plot,delta,current_state,gradient_boosting,Gradient Boosting,2025-02-26,2025-03-05,8,late season,40,1099.0,2268.3792293671354,2126.0,142.3792293671354,142.3792293671354,106.40393351839266,93.44858962693358,Production flush risk
plot_delta_current_state,Plot-level delta-to-next · current-state model,plot,delta,current_state,hist_gradient_boosting,HistGradientBoosting,2025-01-07,2025-01-15,1,early season,40,1210.0,2458.005451028282,417.0,2041.005451028282,2041.005451028282,103.14094636597373,-65.53719008264463,Production flush risk
plot_delta_current_state,Plot-level delta-to-next · current-state model,plot,delta,current_state,hist_gradient_boosting,HistGradientBoosting,2025-01-15,2025-01-24,2,early season,40,417.0,1317.3683908346547,101.0,1216.3683908346547,1216.3683908346547,215.9156812553129,-75.77937649880096,Production flush risk
plot_delta_current_state,Plot-level delta-to-next · current-state model,plot,delta,current_state,hist_gradient_boosting,HistGradientBoosting,2025-01-24,2025-01-29,3,mid season,39,93.0,585.4866736625696,66.0,519.4866736625696,519.4866736625696,529.5555630780319,-29.03225806451613,Production flush risk
plot_delta_current_state,Plot-level delta-to-next · current-state model,plot,delta,current_state,hist_gradient_boosting,HistGradientBoosting,2025-01-29,2025-02-05,4,mid season,39,66.0,948.8496335801398,487.0,461.84963358013977,461.84963358013977,1337.6509599699086,637.8787878787879,Production flush risk
plot_delta_current_state,Plot-level delta-to-next · current-state model,plot,delta,current_state,hist_gradient_boosting,HistGradientBoosting,2025-02-05,2025-02-12,5,mid season,40,487.0,5178.180895805739,940.0,4238.180895805739,4238.180895805739,963.2814981120614,93.01848049281314,Production flush risk
plot_delta_current_state,Plot-level delta-to-next · current-state model,plot,delta,current_state,hist_gradient_boosting,HistGradientBoosting,2025-02-12,2025-02-20,6,late season,40,940.0,2399.9506920731346,2256.0,143.95069207313463,143.95069207313463,155.3139034120356,140.0,Production flush risk
plot_delta_current_state,Plot-level delta-to-next · current-state model,plot,delta,current_state,hist_gradient_boosting,HistGradientBoosting,2025-02-20,2025-02-26,7,late season,40,2256.0,3378.3062520818185,1099.0,2279.3062520818185,2279.3062520818185,49.7476175568182,-51.28546099290781,Production flush risk
plot_delta_current_state,Plot-level delta-to-next · current-state model,plot,delta,current_state,hist_gradient_boosting,HistGradientBoosting,2025-02-26,2025-03-05,8,late season,40,1099.0,2424.782439695071,2126.0,298.78243969507093,298.78243969507093,120.63534483121666,93.44858962693358,Production flush risk
plot_delta_current_state,Plot-level delta-to-next · current-state model,plot,delta,current_state,persistence,Persistence / no-change baseline,2025-01-07,2025-01-15,1,early season,40,1210.0,1210.0,417.0,793.0,793.0,0.0,-65.53719008264463,Stable window
plot_delta_current_state,Plot-level delta-to-next · current-state model,plot,delta,current_state,persistence,Persistence / no-change baseline,2025-01-15,2025-01-24,2,early season,40,417.0,417.0,101.0,316.0,316.0,0.0,-75.77937649880096,Stable window
plot_delta_current_state,Plot-level delta-to-next · current-state model,plot,delta,current_state,persistence,Persistence / no-change baseline,2025-01-24,2025-01-29,3,mid season,39,93.0,93.0,66.0,27.0,27.0,0.0,-29.03225806451613,Stable window
plot_delta_current_state,Plot-level delta-to-next · current-state model,plot,delta,current_state,persistence,Persistence / no-change baseline,2025-01-29,2025-02-05,4,mid season,39,66.0,66.0,487.0,-421.0,421.0,0.0,637.8787878787879,Stable window
plot_delta_current_state,Plot-level delta-to-next · current-state model,plot,delta,current_state,persistence,Persistence / no-change baseline,2025-02-05,2025-02-12,5,mid season,40,487.0,487.0,940.0,-453.0,453.0,0.0,93.01848049281314,Stable window
plot_delta_current_state,Plot-level delta-to-next · current-state model,plot,delta,current_state,persistence,Persistence / no-change baseline,2025-02-12,2025-02-20,6,late season,40,940.0,940.0,2256.0,-1316.0,1316.0,0.0,140.0,Stable window
plot_delta_current_state,Plot-level delta-to-next · current-state model,plot,delta,current_state,persistence,Persistence / no-change baseline,2025-02-20,2025-02-26,7,late season,40,2256.0,2256.0,1099.0,1157.0,1157.0,0.0,-51.28546099290781,Stable window
plot_delta_current_state,Plot-level delta-to-next · current-state model,plot,delta,current_state,persistence,Persistence / no-change baseline,2025-02-26,2025-03-05,8,late season,40,1099.0,1099.0,2126.0,-1027.0,1027.0,0.0,93.44858962693358,Stable window
plot_delta_current_state,Plot-level delta-to-next · current-state model,plot,delta,current_state,random_forest,Random Forest,2025-01-07,2025-01-15,1,early season,40,1210.0,7239.844814648159,417.0,6822.844814648159,6822.844814648159,498.3342822023272,-65.53719008264463,Production flush risk
plot_delta_current_state,Plot-level delta-to-next · current-state model,plot,delta,current_state,random_forest,Random Forest,2025-01-15,2025-01-24,2,early season,40,417.0,2291.588620071419,101.0,2190.588620071419,2190.588620071419,449.54163550873363,-75.77937649880096,Production flush risk
plot_delta_current_state,Plot-level delta-to-next · current-state model,plot,delta,current_state,random_forest,Random Forest,2025-01-24,2025-01-29,3,mid season,39,93.0,-150.8290508324471,66.0,-216.8290508324471,216.8290508324471,-262.1817750886528,-29.03225806451613,Supply drop risk
plot_delta_current_state,Plot-level delta-to-next · current-state model,plot,delta,current_state,random_forest,Random Forest,2025-01-29,2025-02-05,4,mid season,39,66.0,2090.879351364653,487.0,1603.8793513646528,1603.8793513646528,3067.999017219171,637.8787878787879,Production flush risk
plot_delta_current_state,Plot-level delta-to-next · current-state model,plot,delta,current_state,random_forest,Random Forest,2025-02-05,2025-02-12,5,mid season,40,487.0,6578.00873305861,940.0,5638.00873305861,5638.00873305861,1250.7204790674764,93.01848049281314,Production flush risk
plot_delta_current_state,Plot-level delta-to-next · current-state model,plot,delta,current_state,random_forest,Random Forest,2025-02-12,2025-02-20,6,late season,40,940.0,2071.837274243334,2256.0,-184.16272575666608,184.16272575666608,120.40822066418446,140.0,Production flush risk
plot_delta_current_state,Plot-level delta-to-next · current-state model,plot,delta,current_state,random_forest,Random Forest,2025-02-20,2025-02-26,7,late season,40,2256.0,3523.8756201492447,1099.0,2424.8756201492447,2424.8756201492447,56.20016046760836,-51.28546099290781,Production flush risk
plot_delta_current_state,Plot-level delta-to-next · current-state model,plot,delta,current_state,random_forest,Random Forest,2025-02-26,2025-03-05,8,late season,40,1099.0,1421.3408758079938,2126.0,-704.6591241920062,704.6591241920062,29.33037996433065,93.44858962693358,Production flush risk
plot_delta_current_state,Plot-level delta-to-next · current-state model,plot,delta,current_state,ridge,Ridge regression,2025-01-07,2025-01-15,1,early season,40,1210.0,12380.061766382472,417.0,11963.061766382472,11963.061766382472,923.1456005274771,-65.53719008264463,Production flush risk
plot_delta_current_state,Plot-level delta-to-next · current-state model,plot,delta,current_state,ridge,Ridge regression,2025-01-15,2025-01-24,2,early season,40,417.0,-3602.1076837109176,101.0,-3703.1076837109176,3703.1076837109176,-963.8147922568148,-75.77937649880096,Supply drop risk
plot_delta_current_state,Plot-level delta-to-next · current-state model,plot,delta,current_state,ridge,Ridge regression,2025-01-24,2025-01-29,3,mid season,39,93.0,-1431.7302172933896,66.0,-1497.7302172933896,1497.7302172933896,-1639.4948573047197,-29.03225806451613,Supply drop risk
plot_delta_current_state,Plot-level delta-to-next · current-state model,plot,delta,current_state,ridge,Ridge regression,2025-01-29,2025-02-05,4,mid season,39,66.0,3139.4174223499112,487.0,2652.4174223499112,2652.4174223499112,4656.693064166532,637.8787878787879,Production flush risk
plot_delta_current_state,Plot-level delta-to-next · current-state model,plot,delta,current_state,ridge,Ridge regression,2025-02-05,2025-02-12,5,mid season,40,487.0,791.6833667167161,940.0,-148.31663328328386,148.31663328328386,62.5633196543565,93.01848049281314,Production flush risk
plot_delta_current_state,Plot-level delta-to-next · current-state model,plot,delta,current_state,ridge,Ridge regression,2025-02-12,2025-02-20,6,late season,40,940.0,1496.8347359418026,2256.0,-759.1652640581974,759.1652640581974,59.23773786614921,140.0,Production flush risk
plot_delta_current_state,Plot-level delta-to-next · current-state model,plot,delta,current_state,ridge,Ridge regression,2025-02-20,2025-02-26,7,late season,40,2256.0,2345.8989903674997,1099.0,1246.8989903674997,1246.8989903674997,3.984884324800517,-51.28546099290781,Stable window
plot_delta_current_state,Plot-level delta-to-next · current-state model,plot,delta,current_state,ridge,Ridge regression,2025-02-26,2025-03-05,8,late season,40,1099.0,6120.910978762871,2126.0,3994.9109787628713,3994.9109787628713,456.9527733178227,93.44858962693358,Production flush risk
plot_delta_current_state,Plot-level delta-to-next · current-state model,plot,delta,current_state,rolling_mean,Rolling mean baseline,2025-01-07,2025-01-15,1,early season,40,1210.0,12162.0,417.0,11745.0,11745.0,905.1239669421487,-65.53719008264463,Production flush risk
plot_delta_current_state,Plot-level delta-to-next · current-state model,plot,delta,current_state,rolling_mean,Rolling mean baseline,2025-01-15,2025-01-24,2,early season,40,417.0,10666.5,101.0,10565.5,10565.5,2457.913669064748,-75.77937649880096,Production flush risk
plot_delta_current_state,Plot-level delta-to-next · current-state model,plot,delta,current_state,rolling_mean,Rolling mean baseline,2025-01-24,2025-01-29,3,mid season,39,93.0,9068.0,66.0,9002.0,9002.0,9650.537634408602,-29.03225806451613,Production flush risk
plot_delta_current_state,Plot-level delta-to-next · current-state model,plot,delta,current_state,rolling_mean,Rolling mean baseline,2025-01-29,2025-02-05,4,mid season,39,66.0,6725.5,487.0,6238.5,6238.5,10090.151515151516,637.8787878787879,Production flush risk
plot_delta_current_state,Plot-level delta-to-next · current-state model,plot,delta,current_state,rolling_mean,Rolling mean baseline,2025-02-05,2025-02-12,5,mid season,40,487.0,4529.0,940.0,3589.0,3589.0,829.9794661190965,93.01848049281314,Production flush risk
plot_delta_current_state,Plot-level delta-to-next · current-state model,plot,delta,current_state,rolling_mean,Rolling mean baseline,2025-02-12,2025-02-20,6,late season,40,940.0,3560.0,2256.0,1304.0,1304.0,278.72340425531917,140.0,Production flush risk
plot_delta_current_state,Plot-level delta-to-next · current-state model,plot,delta,current_state,rolling_mean,Rolling mean baseline,2025-02-20,2025-02-26,7,late season,40,2256.0,3007.0,1099.0,1908.0,1908.0,33.28900709219858,-51.28546099290781,Production flush risk
plot_delta_current_state,Plot-level delta-to-next · current-state model,plot,delta,current_state,rolling_mean,Rolling mean baseline,2025-02-26,2025-03-05,8,late season,40,1099.0,2451.5,2126.0,325.5,325.5,123.06642402183803,93.44858962693358,Production flush risk
plot_next_current_state,Plot-level next yield · current-state upper bound,plot,next,current_state,elasticnet,ElasticNet regression,2025-01-07,2025-01-15,1,early season,40,1210.0,11614.353161134339,417.0,11197.353161134339,11197.353161134339,859.8638976144082,-65.53719008264463,Production flush risk
plot_next_current_state,Plot-level next yield · current-state upper bound,plot,next,current_state,elasticnet,ElasticNet regression,2025-01-15,2025-01-24,2,early season,40,417.0,-3509.2523199815932,101.0,-3610.2523199815932,3610.2523199815932,-941.54731894043,-75.77937649880096,Supply drop risk
plot_next_current_state,Plot-level next yield · current-state upper bound,plot,next,current_state,elasticnet,ElasticNet regression,2025-01-24,2025-01-29,3,mid season,39,93.0,-507.52212427042605,66.0,-573.522124270426,573.522124270426,-645.7227142692753,-29.03225806451613,Supply drop risk
plot_next_current_state,Plot-level next yield · current-state upper bound,plot,next,current_state,elasticnet,ElasticNet regression,2025-01-29,2025-02-05,4,mid season,39,66.0,2997.3081707970787,487.0,2510.3081707970787,2510.3081707970787,4441.376016359211,637.8787878787879,Production flush risk
plot_next_current_state,Plot-level next yield · current-state upper bound,plot,next,current_state,elasticnet,ElasticNet regression,2025-02-05,2025-02-12,5,mid season,40,487.0,300.6342679613518,940.0,-639.3657320386483,639.3657320386483,-38.26811746173475,93.01848049281314,Supply drop risk
plot_next_current_state,Plot-level next yield · current-state upper bound,plot,next,current_state,elasticnet,ElasticNet regression,2025-02-12,2025-02-20,6,late season,40,940.0,1539.1119161900065,2256.0,-716.8880838099935,716.8880838099935,63.735310232979415,140.0,Production flush risk
plot_next_current_state,Plot-level next yield · current-state upper bound,plot,next,current_state,elasticnet,ElasticNet regression,2025-02-20,2025-02-26,7,late season,40,2256.0,2618.607455822761,1099.0,1519.607455822761,1519.607455822761,16.073025524058558,-51.28546099290781,Stable window
plot_next_current_state,Plot-level next yield · current-state upper bound,plot,next,current_state,elasticnet,ElasticNet regression,2025-02-26,2025-03-05,8,late season,40,1099.0,5126.419631021488,2126.0,3000.4196310214884,3000.4196310214884,366.4622048245212,93.44858962693358,Production flush risk
plot_next_current_state,Plot-level next yield · current-state upper bound,plot,next,current_state,extra_trees,Extra Trees,2025-01-07,2025-01-15,1,early season,40,1210.0,6468.812423575368,417.0,6051.812423575368,6051.812423575368,434.6125969896998,-65.53719008264463,Production flush risk
plot_next_current_state,Plot-level next yield · current-state upper bound,plot,next,current_state,extra_trees,Extra Trees,2025-01-15,2025-01-24,2,early season,40,417.0,2318.608495048496,101.0,2217.608495048496,2217.608495048496,456.0212218341717,-75.77937649880096,Production flush risk
plot_next_current_state,Plot-level next yield · current-state upper bound,plot,next,current_state,extra_trees,Extra Trees,2025-01-24,2025-01-29,3,mid season,39,93.0,3858.2992012187988,66.0,3792.2992012187988,3792.2992012187988,4048.7088185148373,-29.03225806451613,Production flush risk
plot_next_current_state,Plot-level next yield · current-state upper bound,plot,next,current_state,extra_trees,Extra Trees,2025-01-29,2025-02-05,4,mid season,39,66.0,1474.3702822862153,487.0,987.3702822862153,987.3702822862153,2133.8943671003262,637.8787878787879,Production flush risk
plot_next_current_state,Plot-level next yield · current-state upper bound,plot,next,current_state,extra_trees,Extra Trees,2025-02-05,2025-02-12,5,mid season,40,487.0,3289.330616445738,940.0,2349.330616445738,2349.330616445738,575.4272313030264,93.01848049281314,Production flush risk
plot_next_current_state,Plot-level next yield · current-state upper bound,plot,next,current_state,extra_trees,Extra Trees,2025-02-12,2025-02-20,6,late season,40,940.0,2302.725536385858,2256.0,46.72553638585805,46.72553638585805,144.97080174317637,140.0,Production flush risk
plot_next_current_state,Plot-level next yield · current-state upper bound,plot,next,current_state,extra_trees,Extra Trees,2025-02-20,2025-02-26,7,late season,40,2256.0,3099.119779240474,1099.0,2000.1197792404741,2000.1197792404741,37.37233064009194,-51.28546099290781,Production flush risk
plot_next_current_state,Plot-level next yield · current-state upper bound,plot,next,current_state,extra_trees,Extra Trees,2025-02-26,2025-03-05,8,late season,40,1099.0,1609.5979448254939,2126.0,-516.4020551745061,516.4020551745061,46.460231558279695,93.44858962693358,Production flush risk
plot_next_current_state,Plot-level next yield · current-state upper bound,plot,next,current_state,gradient_boosting,Gradient Boosting,2025-01-07,2025-01-15,1,early season,40,1210.0,7785.98416329547,417.0,7368.98416329547,7368.98416329547,543.4697655616092,-65.53719008264463,Production flush risk
plot_next_current_state,Plot-level next yield · current-state upper bound,plot,next,current_state,gradient_boosting,Gradient Boosting,2025-01-15,2025-01-24,2,early season,40,417.0,1700.737208361459,101.0,1599.737208361459,1599.737208361459,307.8506494871604,-75.77937649880096,Production flush risk
plot_next_current_state,Plot-level next yield · current-state upper bound,plot,next,current_state,gradient_boosting,Gradient Boosting,2025-01-24,2025-01-29,3,mid season,39,93.0,3304.8931819993486,66.0,3238.8931819993486,3238.8931819993486,3453.6485827949987,-29.03225806451613,Production flush risk
plot_next_current_state,Plot-level next yield · current-state upper bound,plot,next,current_state,gradient_boosting,Gradient Boosting,2025-01-29,2025-02-05,4,mid season,39,66.0,294.0749855600111,487.0,-192.9250144399889,192.9250144399889,345.56815993941075,637.8787878787879,Production flush risk
plot_next_current_state,Plot-level next yield · current-state upper bound,plot,next,current_state,gradient_boosting,Gradient Boosting,2025-02-05,2025-02-12,5,mid season,40,487.0,5315.526323661861,940.0,4375.526323661861,4375.526323661861,991.4838446944273,93.01848049281314,Production flush risk
plot_next_current_state,Plot-level next yield · current-state upper bound,plot,next,current_state,gradient_boosting,Gradient Boosting,2025-02-12,2025-02-20,6,late season,40,940.0,1977.8395616255175,2256.0,-278.1604383744825,278.1604383744825,110.40846400271462,140.0,Production flush risk
plot_next_current_state,Plot-level next yield · current-state upper bound,plot,next,current_state,gradient_boosting,Gradient Boosting,2025-02-20,2025-02-26,7,late season,40,2256.0,2662.3329386359983,1099.0,1563.3329386359983,1563.3329386359983,18.011211818971557,-51.28546099290781,Stable window
plot_next_current_state,Plot-level next yield · current-state upper bound,plot,next,current_state,gradient_boosting,Gradient Boosting,2025-02-26,2025-03-05,8,late season,40,1099.0,1287.8368545245971,2126.0,-838.1631454754029,838.1631454754029,17.1826073270789,93.44858962693358,Stable window
plot_next_current_state,Plot-level next yield · current-state upper bound,plot,next,current_state,hist_gradient_boosting,HistGradientBoosting,2025-01-07,2025-01-15,1,early season,40,1210.0,1694.3266350294411,417.0,1277.3266350294411,1277.3266350294411,40.02699463053233,-65.53719008264463,Production flush risk
plot_next_current_state,Plot-level next yield · current-state upper bound,plot,next,current_state,hist_gradient_boosting,HistGradientBoosting,2025-01-15,2025-01-24,2,early season,40,417.0,946.4699924009917,101.0,845.4699924009917,845.4699924009917,126.97122119927859,-75.77937649880096,Production flush risk
plot_next_current_state,Plot-level next yield · current-state upper bound,plot,next,current_state,hist_gradient_boosting,HistGradientBoosting,2025-01-24,2025-01-29,3,mid season,39,93.0,4341.135710091912,66.0,4275.135710091912,4275.135710091912,4567.887860313884,-29.03225806451613,Production flush risk
plot_next_current_state,Plot-level next yield · current-state upper bound,plot,next,current_state,hist_gradient_boosting,HistGradientBoosting,2025-01-29,2025-02-05,4,mid season,39,66.0,266.5987947361479,487.0,-220.4012052638521,220.4012052638521,303.9375677820423,637.8787878787879,Production flush risk
plot_next_current_state,Plot-level next yield · current-state upper bound,plot,next,current_state,hist_gradient_boosting,HistGradientBoosting,2025-02-05,2025-02-12,5,mid season,40,487.0,4766.771923946953,940.0,3826.7719239469534,3826.7719239469534,878.8032698043025,93.01848049281314,Production flush risk
plot_next_current_state,Plot-level next yield · current-state upper bound,plot,next,current_state,hist_gradient_boosting,HistGradientBoosting,2025-02-12,2025-02-20,6,late season,40,940.0,2662.1300152625995,2256.0,406.1300152625995,406.1300152625995,183.20532077261697,140.0,Production flush risk
plot_next_current_state,Plot-level next yield · current-state upper bound,plot,next,current_state,hist_gradient_boosting,HistGradientBoosting,2025-02-20,2025-02-26,7,late season,40,2256.0,2834.8369255728194,1099.0,1735.8369255728194,1735.8369255728194,25.657665140639157,-51.28546099290781,Production flush risk
plot_next_current_state,Plot-level next yield · current-state upper bound,plot,next,current_state,hist_gradient_boosting,HistGradientBoosting,2025-02-26,2025-03-05,8,late season,40,1099.0,1764.9349575764008,2126.0,-361.06504242359915,361.06504242359915,60.594627622966414,93.44858962693358,Production flush risk
plot_next_current_state,Plot-level next yield · current-state upper bound,plot,next,current_state,persistence,Persistence / no-change baseline,2025-01-07,2025-01-15,1,early season,40,1210.0,1210.0,417.0,793.0,793.0,0.0,-65.53719008264463,Stable window
plot_next_current_state,Plot-level next yield · current-state upper bound,plot,next,current_state,persistence,Persistence / no-change baseline,2025-01-15,2025-01-24,2,early season,40,417.0,417.0,101.0,316.0,316.0,0.0,-75.77937649880096,Stable window
plot_next_current_state,Plot-level next yield · current-state upper bound,plot,next,current_state,persistence,Persistence / no-change baseline,2025-01-24,2025-01-29,3,mid season,39,93.0,93.0,66.0,27.0,27.0,0.0,-29.03225806451613,Stable window
plot_next_current_state,Plot-level next yield · current-state upper bound,plot,next,current_state,persistence,Persistence / no-change baseline,2025-01-29,2025-02-05,4,mid season,39,66.0,66.0,487.0,-421.0,421.0,0.0,637.8787878787879,Stable window
plot_next_current_state,Plot-level next yield · current-state upper bound,plot,next,current_state,persistence,Persistence / no-change baseline,2025-02-05,2025-02-12,5,mid season,40,487.0,487.0,940.0,-453.0,453.0,0.0,93.01848049281314,Stable window
plot_next_current_state,Plot-level next yield · current-state upper bound,plot,next,current_state,persistence,Persistence / no-change baseline,2025-02-12,2025-02-20,6,late season,40,940.0,940.0,2256.0,-1316.0,1316.0,0.0,140.0,Stable window
plot_next_current_state,Plot-level next yield · current-state upper bound,plot,next,current_state,persistence,Persistence / no-change baseline,2025-02-20,2025-02-26,7,late season,40,2256.0,2256.0,1099.0,1157.0,1157.0,0.0,-51.28546099290781,Stable window
plot_next_current_state,Plot-level next yield · current-state upper bound,plot,next,current_state,persistence,Persistence / no-change baseline,2025-02-26,2025-03-05,8,late season,40,1099.0,1099.0,2126.0,-1027.0,1027.0,0.0,93.44858962693358,Stable window
plot_next_current_state,Plot-level next yield · current-state upper bound,plot,next,current_state,random_forest,Random Forest,2025-01-07,2025-01-15,1,early season,40,1210.0,5592.851295459812,417.0,5175.851295459812,5175.851295459812,362.2191153272572,-65.53719008264463,Production flush risk
plot_next_current_state,Plot-level next yield · current-state upper bound,plot,next,current_state,random_forest,Random Forest,2025-01-15,2025-01-24,2,early season,40,417.0,1537.989619630391,101.0,1436.989619630391,1436.989619630391,268.8224507506933,-75.77937649880096,Production flush risk
plot_next_current_state,Plot-level next yield · current-state upper bound,plot,next,current_state,random_forest,Random Forest,2025-01-24,2025-01-29,3,mid season,39,93.0,4255.359869948791,66.0,4189.359869948791,4189.359869948791,4475.655774138485,-29.03225806451613,Production flush risk
plot_next_current_state,Plot-level next yield · current-state upper bound,plot,next,current_state,random_forest,Random Forest,2025-01-29,2025-02-05,4,mid season,39,66.0,180.06636278845843,487.0,-306.93363721154157,306.93363721154157,172.82782240675522,637.8787878787879,Production flush risk
plot_next_current_state,Plot-level next yield · current-state upper bound,plot,next,current_state,random_forest,Random Forest,2025-02-05,2025-02-12,5,mid season,40,487.0,5396.776477112755,940.0,4456.776477112755,4456.776477112755,1008.1676544379374,93.01848049281314,Production flush risk
plot_next_current_state,Plot-level next yield · current-state upper bound,plot,next,current_state,random_forest,Random Forest,2025-02-12,2025-02-20,6,late season,40,940.0,1733.6124559512868,2256.0,-522.3875440487132,522.3875440487132,84.42685701609435,140.0,Production flush risk
plot_next_current_state,Plot-level next yield · current-state upper bound,plot,next,current_state,random_forest,Random Forest,2025-02-20,2025-02-26,7,late season,40,2256.0,2485.578075345257,1099.0,1386.5780753452568,1386.5780753452568,10.176333127006066,-51.28546099290781,Stable window
plot_next_current_state,Plot-level next yield · current-state upper bound,plot,next,current_state,random_forest,Random Forest,2025-02-26,2025-03-05,8,late season,40,1099.0,1757.2657406762391,2126.0,-368.73425932376085,368.73425932376085,59.89679169028563,93.44858962693358,Production flush risk
plot_next_current_state,Plot-level next yield · current-state upper bound,plot,next,current_state,ridge,Ridge regression,2025-01-07,2025-01-15,1,early season,40,1210.0,12594.384562993742,417.0,12177.384562993742,12177.384562993742,940.8582283465902,-65.53719008264463,Production flush risk
plot_next_current_state,Plot-level next yield · current-state upper bound,plot,next,current_state,ridge,Ridge regression,2025-01-15,2025-01-24,2,early season,40,417.0,-4114.790363955701,101.0,-4215.790363955701,4215.790363955701,-1086.7602791260672,-75.77937649880096,Supply drop risk
plot_next_current_state,Plot-level next yield · current-state upper bound,plot,next,current_state,ridge,Ridge regression,2025-01-24,2025-01-29,3,mid season,39,93.0,-1509.1525039493658,66.0,-1575.1525039493658,1575.1525039493658,-1722.744627902544,-29.03225806451613,Supply drop risk
plot_next_current_state,Plot-level next yield · current-state upper bound,plot,next,current_state,ridge,Ridge regression,2025-01-29,2025-02-05,4,mid season,39,66.0,3049.9756694527746,487.0,2562.9756694527746,2562.9756694527746,4521.175256746628,637.8787878787879,Production flush risk
plot_next_current_state,Plot-level next yield · current-state upper bound,plot,next,current_state,ridge,Ridge regression,2025-02-05,2025-02-12,5,mid season,40,487.0,816.7623807724112,940.0,-123.23761922758877,123.23761922758877,67.71301453232263,93.01848049281314,Production flush risk
plot_next_current_state,Plot-level next yield · current-state upper bound,plot,next,current_state,ridge,Ridge regression,2025-02-12,2025-02-20,6,late season,40,940.0,1572.1208816535484,2256.0,-683.8791183464516,683.8791183464516,67.24690230356897,140.0,Production flush risk
plot_next_current_state,Plot-level next yield · current-state upper bound,plot,next,current_state,ridge,Ridge regression,2025-02-20,2025-02-26,7,late season,40,2256.0,2406.921133768046,1099.0,1307.9211337680458,1307.9211337680458,6.689766567732527,-51.28546099290781,Stable window
plot_next_current_state,Plot-level next yield · current-state upper bound,plot,next,current_state,ridge,Ridge regression,2025-02-26,2025-03-05,8,late season,40,1099.0,6053.616415002287,2126.0,3927.616415002287,3927.616415002287,450.82951910848834,93.44858962693358,Production flush risk
plot_next_current_state,Plot-level next yield · current-state upper bound,plot,next,current_state,rolling_mean,Rolling mean baseline,2025-01-07,2025-01-15,1,early season,40,1210.0,12162.0,417.0,11745.0,11745.0,905.1239669421487,-65.53719008264463,Production flush risk
plot_next_current_state,Plot-level next yield · current-state upper bound,plot,next,current_state,rolling_mean,Rolling mean baseline,2025-01-15,2025-01-24,2,early season,40,417.0,10666.5,101.0,10565.5,10565.5,2457.913669064748,-75.77937649880096,Production flush risk
plot_next_current_state,Plot-level next yield · current-state upper bound,plot,next,current_state,rolling_mean,Rolling mean baseline,2025-01-24,2025-01-29,3,mid season,39,93.0,9068.0,66.0,9002.0,9002.0,9650.537634408602,-29.03225806451613,Production flush risk
plot_next_current_state,Plot-level next yield · current-state upper bound,plot,next,current_state,rolling_mean,Rolling mean baseline,2025-01-29,2025-02-05,4,mid season,39,66.0,6725.5,487.0,6238.5,6238.5,10090.151515151516,637.8787878787879,Production flush risk
plot_next_current_state,Plot-level next yield · current-state upper bound,plot,next,current_state,rolling_mean,Rolling mean baseline,2025-02-05,2025-02-12,5,mid season,40,487.0,4529.0,940.0,3589.0,3589.0,829.9794661190965,93.01848049281314,Production flush risk
plot_next_current_state,Plot-level next yield · current-state upper bound,plot,next,current_state,rolling_mean,Rolling mean baseline,2025-02-12,2025-02-20,6,late season,40,940.0,3560.0,2256.0,1304.0,1304.0,278.72340425531917,140.0,Production flush risk
plot_next_current_state,Plot-level next yield · current-state upper bound,plot,next,current_state,rolling_mean,Rolling mean baseline,2025-02-20,2025-02-26,7,late season,40,2256.0,3007.0,1099.0,1908.0,1908.0,33.28900709219858,-51.28546099290781,Production flush risk
plot_next_current_state,Plot-level next yield · current-state upper bound,plot,next,current_state,rolling_mean,Rolling mean baseline,2025-02-26,2025-03-05,8,late season,40,1099.0,2451.5,2126.0,325.5,325.5,123.06642402183803,93.44858962693358,Production flush risk
plot_next_leading,Plot-level next yield · leading indicators,plot,next,leading,elasticnet,ElasticNet regression,2025-01-07,2025-01-15,1,early season,40,1210.0,12511.386510798413,417.0,12094.386510798413,12094.386510798413,933.9988851899515,-65.53719008264463,Production flush risk
plot_next_leading,Plot-level next yield · leading indicators,plot,next,leading,elasticnet,ElasticNet regression,2025-01-15,2025-01-24,2,early season,40,417.0,-6159.965994530043,101.0,-6260.965994530043,6260.965994530043,-1577.2100706307058,-75.77937649880096,Supply drop risk
plot_next_leading,Plot-level next yield · leading indicators,plot,next,leading,elasticnet,ElasticNet regression,2025-01-24,2025-01-29,3,mid season,39,93.0,-1858.3488081780793,66.0,-1924.3488081780793,1924.3488081780793,-2098.2245249226658,-29.03225806451613,Supply drop risk
plot_next_leading,Plot-level next yield · leading indicators,plot,next,leading,elasticnet,ElasticNet regression,2025-01-29,2025-02-05,4,mid season,39,66.0,2139.447572718559,487.0,1652.447572718559,1652.447572718559,3141.587231391756,637.8787878787879,Production flush risk
plot_next_leading,Plot-level next yield · leading indicators,plot,next,leading,elasticnet,ElasticNet regression,2025-02-05,2025-02-12,5,mid season,40,487.0,966.3411711803134,940.0,26.34117118031338,26.34117118031338,98.42734521156332,93.01848049281314,Production flush risk
plot_next_leading,Plot-level next yield · leading indicators,plot,next,leading,elasticnet,ElasticNet regression,2025-02-12,2025-02-20,6,late season,40,940.0,1625.9956657963808,2256.0,-630.0043342036192,630.0043342036192,72.97826231876391,140.0,Production flush risk
plot_next_leading,Plot-level next yield · leading indicators,plot,next,leading,elasticnet,ElasticNet regression,2025-02-20,2025-02-26,7,late season,40,2256.0,2977.9847171402293,1099.0,1878.9847171402293,1878.9847171402293,32.002868667563355,-51.28546099290781,Production flush risk
plot_next_leading,Plot-level next yield · leading indicators,plot,next,leading,elasticnet,ElasticNet regression,2025-02-26,2025-03-05,8,late season,40,1099.0,5385.699916442293,2126.0,3259.699916442293,3259.699916442293,390.0545874833752,93.44858962693358,Production flush risk
plot_next_leading,Plot-level next yield · leading indicators,plot,next,leading,extra_trees,Extra Trees,2025-01-07,2025-01-15,1,early season,40,1210.0,6448.351621404212,417.0,6031.351621404212,6031.351621404212,432.9216216036539,-65.53719008264463,Production flush risk
plot_next_leading,Plot-level next yield · leading indicators,plot,next,leading,extra_trees,Extra Trees,2025-01-15,2025-01-24,2,early season,40,417.0,2416.9519454545452,101.0,2315.9519454545452,2315.9519454545452,479.60478308262475,-75.77937649880096,Production flush risk
plot_next_leading,Plot-level next yield · leading indicators,plot,next,leading,extra_trees,Extra Trees,2025-01-24,2025-01-29,3,mid season,39,93.0,4306.951757012382,66.0,4240.951757012382,4240.951757012382,4531.13092151869,-29.03225806451613,Production flush risk
plot_next_leading,Plot-level next yield · leading indicators,plot,next,leading,extra_trees,Extra Trees,2025-01-29,2025-02-05,4,mid season,39,66.0,1788.5437975423745,487.0,1301.5437975423745,1301.5437975423745,2609.9148447611738,637.8787878787879,Production flush risk
plot_next_leading,Plot-level next yield · leading indicators,plot,next,leading,extra_trees,Extra Trees,2025-02-05,2025-02-12,5,mid season,40,487.0,3481.897737146196,940.0,2541.897737146196,2541.897737146196,614.9687345269397,93.01848049281314,Production flush risk
plot_next_leading,Plot-level next yield · leading indicators,plot,next,leading,extra_trees,Extra Trees,2025-02-12,2025-02-20,6,late season,40,940.0,2482.11763569924,2256.0,226.11763569924005,226.11763569924005,164.05506762757872,140.0,Production flush risk
plot_next_leading,Plot-level next yield · leading indicators,plot,next,leading,extra_trees,Extra Trees,2025-02-20,2025-02-26,7,late season,40,2256.0,2943.940512711617,1099.0,1844.940512711617,1844.940512711617,30.4938170528199,-51.28546099290781,Production flush risk
plot_next_leading,Plot-level next yield · leading indicators,plot,next,leading,extra_trees,Extra Trees,2025-02-26,2025-03-05,8,late season,40,1099.0,1634.3048028465455,2126.0,-491.6951971534545,491.6951971534545,48.70835330723799,93.44858962693358,Production flush risk
plot_next_leading,Plot-level next yield · leading indicators,plot,next,leading,gradient_boosting,Gradient Boosting,2025-01-07,2025-01-15,1,early season,40,1210.0,7569.463501541964,417.0,7152.463501541964,7152.463501541964,525.5754959952037,-65.53719008264463,Production flush risk
plot_next_leading,Plot-level next yield · leading indicators,plot,next,leading,gradient_boosting,Gradient Boosting,2025-01-15,2025-01-24,2,early season,40,417.0,1242.5359673695957,101.0,1141.5359673695957,1141.5359673695957,197.97025596393183,-75.77937649880096,Production flush risk
plot_next_leading,Plot-level next yield · leading indicators,plot,next,leading,gradient_boosting,Gradient Boosting,2025-01-24,2025-01-29,3,mid season,39,93.0,3496.705507330475,66.0,3430.705507330475,3430.705507330475,3659.8983949790054,-29.03225806451613,Production flush risk
plot_next_leading,Plot-level next yield · leading indicators,plot,next,leading,gradient_boosting,Gradient Boosting,2025-01-29,2025-02-05,4,mid season,39,66.0,245.24484388895624,487.0,-241.75515611104376,241.75515611104376,271.58309680144885,637.8787878787879,Production flush risk
plot_next_leading,Plot-level next yield · leading indicators,plot,next,leading,gradient_boosting,Gradient Boosting,2025-02-05,2025-02-12,5,mid season,40,487.0,5533.980278015071,940.0,4593.980278015071,4593.980278015071,1036.3409195102815,93.01848049281314,Production flush risk
plot_next_leading,Plot-level next yield · leading indicators,plot,next,leading,gradient_boosting,Gradient Boosting,2025-02-12,2025-02-20,6,late season,40,940.0,2432.810483825597,2256.0,176.8104838255972,176.8104838255972,158.8096259388933,140.0,Production flush risk
plot_next_leading,Plot-level next yield · leading indicators,plot,next,leading,gradient_boosting,Gradient Boosting,2025-02-20,2025-02-26,7,late season,40,2256.0,2668.0590875859316,1099.0,1569.0590875859316,1569.0590875859316,18.265030478099806,-51.28546099290781,Stable window
plot_next_leading,Plot-level next yield · leading indicators,plot,next,leading,gradient_boosting,Gradient Boosting,2025-02-26,2025-03-05,8,late season,40,1099.0,2338.3919858117997,2126.0,212.3919858117997,212.3919858117997,112.7745210019836,93.44858962693358,Production flush risk
plot_next_leading,Plot-level next yield · leading indicators,plot,next,leading,hist_gradient_boosting,HistGradientBoosting,2025-01-07,2025-01-15,1,early season,40,1210.0,2384.12659415801,417.0,1967.12659415801,1967.12659415801,97.03525571553801,-65.53719008264463,Production flush risk
plot_next_leading,Plot-level next yield · leading indicators,plot,next,leading,hist_gradient_boosting,HistGradientBoosting,2025-01-15,2025-01-24,2,early season,40,417.0,765.6834603027625,101.0,664.6834603027625,664.6834603027625,83.61713676325239,-75.77937649880096,Production flush risk
plot_next_leading,Plot-level next yield · leading indicators,plot,next,leading,hist_gradient_boosting,HistGradientBoosting,2025-01-24,2025-01-29,3,mid season,39,93.0,4873.980372480869,66.0,4807.980372480869,4807.980372480869,5140.839110194483,-29.03225806451613,Production flush risk
plot_next_leading,Plot-level next yield · leading indicators,plot,next,leading,hist_gradient_boosting,HistGradientBoosting,2025-01-29,2025-02-05,4,mid season,39,66.0,96.81128928555763,487.0,-390.1887107144424,390.1887107144424,46.683771644784294,637.8787878787879,Production flush risk
plot_next_leading,Plot-level next yield · leading indicators,plot,next,leading,hist_gradient_boosting,HistGradientBoosting,2025-02-05,2025-02-12,5,mid season,40,487.0,4357.334142933234,940.0,3417.334142933234,3417.334142933234,794.7298034770502,93.01848049281314,Production flush risk
plot_next_leading,Plot-level next yield · leading indicators,plot,next,leading,hist_gradient_boosting,HistGradientBoosting,2025-02-12,2025-02-20,6,late season,40,940.0,3504.781602415958,2256.0,1248.7816024159579,1248.7816024159579,272.8491066399955,140.0,Production flush risk
plot_next_leading,Plot-level next yield · leading indicators,plot,next,leading,hist_gradient_boosting,HistGradientBoosting,2025-02-20,2025-02-26,7,late season,40,2256.0,2781.200948950043,1099.0,1682.2009489500429,1682.2009489500429,23.280183907360055,-51.28546099290781,Production flush risk
plot_next_leading,Plot-level next yield · leading indicators,plot,next,leading,hist_gradient_boosting,HistGradientBoosting,2025-02-26,2025-03-05,8,late season,40,1099.0,1643.9287758601959,2126.0,-482.07122413980414,482.07122413980414,49.58405603823438,93.44858962693358,Production flush risk
plot_next_leading,Plot-level next yield · leading indicators,plot,next,leading,persistence,Persistence / no-change baseline,2025-01-07,2025-01-15,1,early season,40,1210.0,1210.0,417.0,793.0,793.0,0.0,-65.53719008264463,Stable window
plot_next_leading,Plot-level next yield · leading indicators,plot,next,leading,persistence,Persistence / no-change baseline,2025-01-15,2025-01-24,2,early season,40,417.0,417.0,101.0,316.0,316.0,0.0,-75.77937649880096,Stable window
plot_next_leading,Plot-level next yield · leading indicators,plot,next,leading,persistence,Persistence / no-change baseline,2025-01-24,2025-01-29,3,mid season,39,93.0,93.0,66.0,27.0,27.0,0.0,-29.03225806451613,Stable window
plot_next_leading,Plot-level next yield · leading indicators,plot,next,leading,persistence,Persistence / no-change baseline,2025-01-29,2025-02-05,4,mid season,39,66.0,66.0,487.0,-421.0,421.0,0.0,637.8787878787879,Stable window
plot_next_leading,Plot-level next yield · leading indicators,plot,next,leading,persistence,Persistence / no-change baseline,2025-02-05,2025-02-12,5,mid season,40,487.0,487.0,940.0,-453.0,453.0,0.0,93.01848049281314,Stable window
plot_next_leading,Plot-level next yield · leading indicators,plot,next,leading,persistence,Persistence / no-change baseline,2025-02-12,2025-02-20,6,late season,40,940.0,940.0,2256.0,-1316.0,1316.0,0.0,140.0,Stable window
plot_next_leading,Plot-level next yield · leading indicators,plot,next,leading,persistence,Persistence / no-change baseline,2025-02-20,2025-02-26,7,late season,40,2256.0,2256.0,1099.0,1157.0,1157.0,0.0,-51.28546099290781,Stable window
plot_next_leading,Plot-level next yield · leading indicators,plot,next,leading,persistence,Persistence / no-change baseline,2025-02-26,2025-03-05,8,late season,40,1099.0,1099.0,2126.0,-1027.0,1027.0,0.0,93.44858962693358,Stable window
plot_next_leading,Plot-level next yield · leading indicators,plot,next,leading,random_forest,Random Forest,2025-01-07,2025-01-15,1,early season,40,1210.0,6732.176629288802,417.0,6315.176629288802,6315.176629288802,456.37823382552085,-65.53719008264463,Production flush risk
plot_next_leading,Plot-level next yield · leading indicators,plot,next,leading,random_forest,Random Forest,2025-01-15,2025-01-24,2,early season,40,417.0,1317.6979955522413,101.0,1216.6979955522413,1216.6979955522413,215.99472315401468,-75.77937649880096,Production flush risk
plot_next_leading,Plot-level next yield · leading indicators,plot,next,leading,random_forest,Random Forest,2025-01-24,2025-01-29,3,mid season,39,93.0,3756.135956257686,66.0,3690.135956257686,3690.135956257686,3938.855866943748,-29.03225806451613,Production flush risk
plot_next_leading,Plot-level next yield · leading indicators,plot,next,leading,random_forest,Random Forest,2025-01-29,2025-02-05,4,mid season,39,66.0,235.18044060404117,487.0,-251.81955939595883,251.81955939595883,256.3340009152139,637.8787878787879,Production flush risk
plot_next_leading,Plot-level next yield · leading indicators,plot,next,leading,random_forest,Random Forest,2025-02-05,2025-02-12,5,mid season,40,487.0,5002.0081140828115,940.0,4062.0081140828115,4062.0081140828115,927.1063889287086,93.01848049281314,Production flush risk
plot_next_leading,Plot-level next yield · leading indicators,plot,next,leading,random_forest,Random Forest,2025-02-12,2025-02-20,6,late season,40,940.0,1958.1829670663703,2256.0,-297.81703293362966,297.81703293362966,108.3173369219543,140.0,Production flush risk
plot_next_leading,Plot-level next yield · leading indicators,plot,next,leading,random_forest,Random Forest,2025-02-20,2025-02-26,7,late season,40,2256.0,2355.8505966236844,1099.0,1256.8505966236844,1256.8505966236844,4.426001623390266,-51.28546099290781,Stable window
plot_next_leading,Plot-level next yield · leading indicators,plot,next,leading,random_forest,Random Forest,2025-02-26,2025-03-05,8,late season,40,1099.0,1917.309464396954,2126.0,-208.6905356030461,208.6905356030461,74.45945990873102,93.44858962693358,Production flush risk
plot_next_leading,Plot-level next yield · leading indicators,plot,next,leading,ridge,Ridge regression,2025-01-07,2025-01-15,1,early season,40,1210.0,13596.42361857578,417.0,13179.42361857578,13179.42361857578,1023.671373436015,-65.53719008264463,Production flush risk
plot_next_leading,Plot-level next yield · leading indicators,plot,next,leading,ridge,Ridge regression,2025-01-15,2025-01-24,2,early season,40,417.0,-6606.334230705017,101.0,-6707.334230705017,6707.334230705017,-1684.2528131187091,-75.77937649880096,Supply drop risk
plot_next_leading,Plot-level next yield · leading indicators,plot,next,leading,ridge,Ridge regression,2025-01-24,2025-01-29,3,mid season,39,93.0,-2847.080622972813,66.0,-2913.080622972813,2913.080622972813,-3161.3770139492617,-29.03225806451613,Supply drop risk
plot_next_leading,Plot-level next yield · leading indicators,plot,next,leading,ridge,Ridge regression,2025-01-29,2025-02-05,4,mid season,39,66.0,2213.1836152451788,487.0,1726.1836152451788,1726.1836152451788,3253.3085079472407,637.8787878787879,Production flush risk
plot_next_leading,Plot-level next yield · leading indicators,plot,next,leading,ridge,Ridge regression,2025-02-05,2025-02-12,5,mid season,40,487.0,1557.4493492790823,940.0,617.4493492790823,617.4493492790823,219.80479451315858,93.01848049281314,Production flush risk
plot_next_leading,Plot-level next yield · leading indicators,plot,next,leading,ridge,Ridge regression,2025-02-12,2025-02-20,6,late season,40,940.0,1635.182264306176,2256.0,-620.817735693824,620.817735693824,73.95556003257191,140.0,Production flush risk
plot_next_leading,Plot-level next yield · leading indicators,plot,next,leading,ridge,Ridge regression,2025-02-20,2025-02-26,7,late season,40,2256.0,2691.5383696588588,1099.0,1592.5383696588588,1592.5383696588588,19.30577879693523,-51.28546099290781,Stable window
plot_next_leading,Plot-level next yield · leading indicators,plot,next,leading,ridge,Ridge regression,2025-02-26,2025-03-05,8,late season,40,1099.0,6235.289805813438,2126.0,4109.289805813438,4109.289805813438,467.36030990113176,93.44858962693358,Production flush risk
plot_next_leading,Plot-level next yield · leading indicators,plot,next,leading,rolling_mean,Rolling mean baseline,2025-01-07,2025-01-15,1,early season,40,1210.0,12162.0,417.0,11745.0,11745.0,905.1239669421487,-65.53719008264463,Production flush risk
plot_next_leading,Plot-level next yield · leading indicators,plot,next,leading,rolling_mean,Rolling mean baseline,2025-01-15,2025-01-24,2,early season,40,417.0,10666.5,101.0,10565.5,10565.5,2457.913669064748,-75.77937649880096,Production flush risk
plot_next_leading,Plot-level next yield · leading indicators,plot,next,leading,rolling_mean,Rolling mean baseline,2025-01-24,2025-01-29,3,mid season,39,93.0,9068.0,66.0,9002.0,9002.0,9650.537634408602,-29.03225806451613,Production flush risk
plot_next_leading,Plot-level next yield · leading indicators,plot,next,leading,rolling_mean,Rolling mean baseline,2025-01-29,2025-02-05,4,mid season,39,66.0,6725.5,487.0,6238.5,6238.5,10090.151515151516,637.8787878787879,Production flush risk
plot_next_leading,Plot-level next yield · leading indicators,plot,next,leading,rolling_mean,Rolling mean baseline,2025-02-05,2025-02-12,5,mid season,40,487.0,4529.0,940.0,3589.0,3589.0,829.9794661190965,93.01848049281314,Production flush risk
plot_next_leading,Plot-level next yield · leading indicators,plot,next,leading,rolling_mean,Rolling mean baseline,2025-02-12,2025-02-20,6,late season,40,940.0,3560.0,2256.0,1304.0,1304.0,278.72340425531917,140.0,Production flush risk
plot_next_leading,Plot-level next yield · leading indicators,plot,next,leading,rolling_mean,Rolling mean baseline,2025-02-20,2025-02-26,7,late season,40,2256.0,3007.0,1099.0,1908.0,1908.0,33.28900709219858,-51.28546099290781,Production flush risk
plot_next_leading,Plot-level next yield · leading indicators,plot,next,leading,rolling_mean,Rolling mean baseline,2025-02-26,2025-03-05,8,late season,40,1099.0,2451.5,2126.0,325.5,325.5,123.06642402183803,93.44858962693358,Production flush risk
