season,feature_set,model_label,fold_id,validation_scope,n_target_horizons,mean_heldout_plots_per_row,same_horizon_corr,prediction_vs_previous_horizon_corr,same_horizon_mae_g,prediction_vs_previous_horizon_mae_g,prediction_vs_last_history_mae_g,target_vs_last_history_mae_g,direction_accuracy,lag_warning,lag_note
2324,paper_informed_nonreactive,Last observed week-5 yield baseline,2,held_out_cv_fold_aggregate_primary,3,8.0,,,422.0,300.5,0.0,422.0,0.0,True,prediction is substantially closer to previous future horizon than target; future direction changes are not captured; last-observed baseline is reactive by definition
2324,paper_informed_nonreactive,Last observed week-5 yield baseline,5,held_out_cv_fold_aggregate_primary,3,8.0,,,472.0,595.0,0.0,472.0,0.0,True,future direction changes are not captured; last-observed baseline is reactive by definition
2324,paper_informed_nonreactive,Last observed week-5 yield baseline,1,held_out_cv_fold_aggregate_primary,3,8.0,,,482.0,533.0,0.0,482.0,0.0,True,future direction changes are not captured; last-observed baseline is reactive by definition
2324,paper_informed_nonreactive,ElasticNet,5,held_out_cv_fold_aggregate_primary,3,8.0,-0.4719056868746991,-1.0,573.2562126221253,479.30665492877984,656.1708658065273,472.0,0.5,True,prediction is substantially closer to previous future horizon than target
2324,paper_informed_nonreactive,Last observed week-5 yield baseline,4,held_out_cv_fold_aggregate_primary,3,8.0,,,603.0,882.5,0.0,603.0,0.0,True,future direction changes are not captured; last-observed baseline is reactive by definition
2324,paper_informed_nonreactive,Extra Trees,2,held_out_cv_fold_aggregate_primary,3,8.0,0.37172280008161007,-1.0,660.5335113002467,591.7260019196492,639.2001779669134,422.0,1.0,True,prediction is substantially closer to previous future horizon than target
2324,paper_informed_nonreactive,Last observed week-5 yield baseline,3,held_out_cv_fold_aggregate_primary,3,8.0,,,688.3333333333334,672.0,0.0,688.3333333333334,0.0,True,future direction changes are not captured; last-observed baseline is reactive by definition
2324,paper_informed_nonreactive,Gradient Boosting,2,held_out_cv_fold_aggregate_primary,3,8.0,0.21053856772301568,-1.0,693.0676990033726,473.55217932131245,671.7343656700392,422.0,1.0,True,prediction is substantially closer to previous future horizon than target
2324,paper_informed_nonreactive,Observed 5-week mean yield baseline,3,held_out_cv_fold_aggregate_primary,3,8.0,,,845.6666666666666,862.0,1534.0,688.3333333333334,0.0,True,future direction changes are not captured
2324,paper_informed_nonreactive,Observed 5-week mean yield baseline,5,held_out_cv_fold_aggregate_primary,3,8.0,,,1056.4,933.4000000000001,1528.4000000000003,472.0,0.0,True,prediction is substantially closer to previous future horizon than target; future direction changes are not captured
2324,paper_informed_nonreactive,Observed 5-week mean yield baseline,1,held_out_cv_fold_aggregate_primary,3,8.0,,,1384.0666666666668,1595.4,1341.4,482.0,0.0,True,future direction changes are not captured
2324,paper_informed_nonreactive,Observed 5-week mean yield baseline,4,held_out_cv_fold_aggregate_primary,3,8.0,,,1500.466666666667,1427.3000000000002,1690.8,603.0,0.0,True,future direction changes are not captured
2324,paper_informed_nonreactive,Observed 5-week mean yield baseline,2,held_out_cv_fold_aggregate_primary,3,8.0,,,1522.5333333333335,1212.7,1477.2,422.0,0.0,True,prediction is substantially closer to previous future horizon than target; future direction changes are not captured
2324,paper_informed_nonreactive,Zero yield baseline,3,held_out_cv_fold_aggregate_primary,3,8.0,,,2484.6666666666665,2501.0,3173.0,688.3333333333334,0.0,True,future direction changes are not captured
2324,paper_informed_nonreactive,Zero yield baseline,5,held_out_cv_fold_aggregate_primary,3,8.0,,,2597.0,2474.0,3069.0,472.0,0.0,True,future direction changes are not captured
2324,paper_informed_nonreactive,Zero yield baseline,1,held_out_cv_fold_aggregate_primary,3,8.0,,,2789.6666666666665,3001.0,2747.0,482.0,0.0,True,future direction changes are not captured
2324,paper_informed_nonreactive,Zero yield baseline,2,held_out_cv_fold_aggregate_primary,3,8.0,,,3293.3333333333335,2983.5,3248.0,422.0,0.0,True,future direction changes are not captured
2324,paper_informed_nonreactive,Zero yield baseline,4,held_out_cv_fold_aggregate_primary,3,8.0,,,3363.6666666666665,3290.5,3554.0,603.0,0.0,True,future direction changes are not captured
2324,paper_informed_nonreactive,Random Forest,5,held_out_cv_fold_aggregate_primary,3,8.0,0.9998053041533235,-0.9999999999999999,48.26518761485462,796.2591736041732,515.8069131609132,472.0,1.0,False,
2324,paper_informed_nonreactive,Gradient Boosting,5,held_out_cv_fold_aggregate_primary,3,8.0,0.9901635463473362,-1.0,109.86666454959489,892.0946752909372,362.1333354504051,472.0,1.0,False,
2324,paper_informed_nonreactive,Extra Trees,5,held_out_cv_fold_aggregate_primary,3,8.0,0.9748636515654806,-1.0,133.83904434146112,715.2545477809228,605.8390443414611,472.0,1.0,False,
2324,paper_informed_nonreactive,Extra Trees,4,held_out_cv_fold_aggregate_primary,3,8.0,0.9983984985040667,-1.0,373.23167803801107,1179.4950464350466,488.62884769551437,603.0,1.0,False,
2324,paper_informed_nonreactive,Cultivar horizon mean baseline,5,held_out_cv_fold_aggregate_primary,3,8.0,0.9430480231955819,-1.0,385.8333333333333,781.125,386.6666666666667,472.0,1.0,False,
2324,paper_informed_nonreactive,HistGradientBoosting,5,held_out_cv_fold_aggregate_primary,3,8.0,0.9430480231955819,-1.0,385.8333333333333,781.125,386.6666666666667,472.0,1.0,False,
2324,paper_informed_nonreactive,Training horizon mean baseline,5,held_out_cv_fold_aggregate_primary,3,8.0,0.9430480231955819,-1.0,385.8333333333333,781.125,386.6666666666667,472.0,1.0,False,
2324,paper_informed_nonreactive,Ridge,5,held_out_cv_fold_aggregate_primary,3,8.0,0.07656311935217867,-1.0,386.7782423533292,570.8403676820947,589.3857775818092,472.0,0.5,False,
2324,paper_informed_nonreactive,ElasticNet,3,held_out_cv_fold_aggregate_primary,3,8.0,0.9479820047843269,-1.0,393.6507962700936,1119.901847399049,497.12358811808116,688.3333333333334,1.0,False,
2324,paper_informed_nonreactive,HistGradientBoosting,1,held_out_cv_fold_aggregate_primary,3,8.0,0.5661450092027697,-1.0,396.6666666666667,992.25,511.6666666666667,482.0,0.5,False,
2324,paper_informed_nonreactive,Training horizon mean baseline,1,held_out_cv_fold_aggregate_primary,3,8.0,0.5661450092027697,-1.0,396.6666666666667,992.25,511.6666666666667,482.0,0.5,False,
2324,paper_informed_nonreactive,Random Forest,3,held_out_cv_fold_aggregate_primary,3,8.0,0.9032107472618551,-1.0,400.2458135814806,1048.0531611351612,366.8219242115906,688.3333333333334,1.0,False,
2324,paper_informed_nonreactive,Gradient Boosting,4,held_out_cv_fold_aggregate_primary,3,8.0,0.9970690016462594,-1.0,408.67998261191696,1203.883652020487,599.0133159452503,603.0,1.0,False,
2324,paper_informed_nonreactive,Random Forest,4,held_out_cv_fold_aggregate_primary,3,8.0,0.9785736971923322,-1.0,431.17533745883765,1092.227713083213,487.5440920745917,603.0,1.0,False,
2324,paper_informed_nonreactive,Extra Trees,3,held_out_cv_fold_aggregate_primary,3,8.0,0.8732626389721618,-1.0,444.08846086678113,1051.2752672612478,346.82616650682,688.3333333333334,1.0,False,
2324,paper_informed_nonreactive,Ridge,3,held_out_cv_fold_aggregate_primary,3,8.0,0.9464558079341564,-1.0,455.773558632194,1078.5418305253434,441.96799193891565,688.3333333333334,1.0,False,
2324,paper_informed_nonreactive,Gradient Boosting,3,held_out_cv_fold_aggregate_primary,3,8.0,0.9663796863180274,-1.0,462.53092301647274,1012.7497085434247,437.478491426478,688.3333333333334,1.0,False,
2324,paper_informed_nonreactive,Gradient Boosting,1,held_out_cv_fold_aggregate_primary,3,8.0,0.6452283039019089,-1.0,467.04730136886593,1046.2506181490487,695.7139680355326,482.0,0.5,False,
2324,paper_informed_nonreactive,Ridge,4,held_out_cv_fold_aggregate_primary,3,8.0,0.9997905085907909,-1.0,470.22260176627395,1195.6636598673153,660.5559350996073,603.0,1.0,False,
2324,paper_informed_nonreactive,Random Forest,1,held_out_cv_fold_aggregate_primary,3,8.0,0.5889213527658025,-1.0,470.7557301463965,1057.4183503163506,693.5140385170388,482.0,0.5,False,
2324,paper_informed_nonreactive,Extra Trees,1,held_out_cv_fold_aggregate_primary,3,8.0,0.6027135544293697,-1.0,489.52811199294564,1088.0859539442044,718.1947786596123,482.0,0.5,False,
2324,paper_informed_nonreactive,Cultivar horizon mean baseline,1,held_out_cv_fold_aggregate_primary,3,8.0,0.37780899772412624,-1.0,494.0980392156862,1051.764705882353,493.58823529411774,482.0,0.5,False,
2324,paper_informed_nonreactive,Cultivar horizon mean baseline,3,held_out_cv_fold_aggregate_primary,3,8.0,0.9033042811638234,-0.9999999999999998,513.1045751633986,1001.6176470588236,339.8169934640525,688.3333333333334,1.0,False,
2324,paper_informed_nonreactive,ElasticNet,4,held_out_cv_fold_aggregate_primary,3,8.0,0.9940257159717637,-1.0,526.1214496943438,1262.1722963544132,716.4547830276771,603.0,1.0,False,
2324,paper_informed_nonreactive,HistGradientBoosting,3,held_out_cv_fold_aggregate_primary,3,8.0,0.9607443082288659,-1.0,526.25,966.375,363.4166666666667,688.3333333333334,1.0,False,
2324,paper_informed_nonreactive,Training horizon mean baseline,3,held_out_cv_fold_aggregate_primary,3,8.0,0.9607443082288659,-1.0,526.25,966.375,363.4166666666667,688.3333333333334,1.0,False,
2324,paper_informed_nonreactive,Random Forest,2,held_out_cv_fold_aggregate_primary,3,8.0,0.41956146335967903,-0.9999999999999999,561.8747789001121,584.4178882506383,540.5414455667787,422.0,1.0,False,
2324,paper_informed_nonreactive,HistGradientBoosting,4,held_out_cv_fold_aggregate_primary,3,8.0,0.9989144722856322,-1.0,572.5,1191.375,762.8333333333334,603.0,1.0,False,
2324,paper_informed_nonreactive,Training horizon mean baseline,4,held_out_cv_fold_aggregate_primary,3,8.0,0.9989144722856322,-1.0,572.5,1191.375,762.8333333333334,603.0,1.0,False,
2324,paper_informed_nonreactive,Cultivar horizon mean baseline,2,held_out_cv_fold_aggregate_primary,3,8.0,0.46892821394395,-0.9999999999999999,579.25,593.375,557.9166666666666,422.0,1.0,False,
2324,paper_informed_nonreactive,HistGradientBoosting,2,held_out_cv_fold_aggregate_primary,3,8.0,0.46892821394395,-0.9999999999999999,579.25,593.375,557.9166666666666,422.0,1.0,False,
2324,paper_informed_nonreactive,Training horizon mean baseline,2,held_out_cv_fold_aggregate_primary,3,8.0,0.46892821394395,-0.9999999999999999,579.25,593.375,557.9166666666666,422.0,1.0,False,
2324,paper_informed_nonreactive,ElasticNet,2,held_out_cv_fold_aggregate_primary,3,8.0,0.5781350748092383,-0.9999999999999999,630.7671837776439,850.1609364516755,628.2681966182423,422.0,1.0,False,
2324,paper_informed_nonreactive,Cultivar horizon mean baseline,4,held_out_cv_fold_aggregate_primary,3,8.0,0.9513127430939392,-1.0,637.0105820105819,1065.8095238095239,827.3439153439152,603.0,1.0,False,
2324,paper_informed_nonreactive,Ridge,2,held_out_cv_fold_aggregate_primary,3,8.0,0.48174062519972993,-1.0,664.3927253943748,723.6789011702758,643.0593920610414,422.0,1.0,False,
2324,paper_informed_nonreactive,Ridge,1,held_out_cv_fold_aggregate_primary,3,8.0,0.6788039225504178,-1.0,672.0196077291347,1192.9959422132836,900.6862743958013,482.0,0.5,False,
2324,paper_informed_nonreactive,ElasticNet,1,held_out_cv_fold_aggregate_primary,3,8.0,0.7143071248470626,-1.0,706.9914698329367,1178.308290297381,935.6581364996033,482.0,0.5,False,
2425,paper_informed_nonreactive,Last observed week-5 yield baseline,2,held_out_cv_fold_aggregate_primary,4,8.0,,,109.25,69.0,0.0,109.25,0.0,True,prediction is substantially closer to previous future horizon than target; future direction changes are not captured; last-observed baseline is reactive by definition
2425,paper_informed_nonreactive,Observed 5-week mean yield baseline,2,held_out_cv_fold_aggregate_primary,4,8.0,,,172.45,131.53333333333333,65.19999999999999,109.25,0.0,True,prediction is substantially closer to previous future horizon than target; future direction changes are not captured
2425,paper_informed_nonreactive,Last observed week-5 yield baseline,5,held_out_cv_fold_aggregate_primary,4,8.0,,,207.25,150.66666666666666,0.0,207.25,0.0,True,prediction is substantially closer to previous future horizon than target; future direction changes are not captured; last-observed baseline is reactive by definition
2425,paper_informed_nonreactive,Observed 5-week mean yield baseline,3,held_out_cv_fold_aggregate_primary,4,8.0,,,207.35000000000002,164.51666666666668,15.150000000000006,222.5,0.0,True,prediction is substantially closer to previous future horizon than target; future direction changes are not captured
2425,paper_informed_nonreactive,Last observed week-5 yield baseline,4,held_out_cv_fold_aggregate_primary,4,8.0,,,211.75,221.0,0.0,211.75,0.0,True,future direction changes are not captured; last-observed baseline is reactive by definition
2425,paper_informed_nonreactive,Observed 5-week mean yield baseline,4,held_out_cv_fold_aggregate_primary,4,8.0,,,219.14999999999998,228.39999999999998,7.400000000000006,211.75,0.0,True,future direction changes are not captured
2425,paper_informed_nonreactive,Last observed week-5 yield baseline,3,held_out_cv_fold_aggregate_primary,4,8.0,,,222.5,179.66666666666666,0.0,222.5,0.0,True,prediction is substantially closer to previous future horizon than target; future direction changes are not captured; last-observed baseline is reactive by definition
2425,paper_informed_nonreactive,Observed 5-week mean yield baseline,5,held_out_cv_fold_aggregate_primary,4,8.0,,,238.85000000000002,182.26666666666668,31.599999999999994,207.25,0.0,True,prediction is substantially closer to previous future horizon than target; future direction changes are not captured
2425,paper_informed_nonreactive,Zero yield baseline,2,held_out_cv_fold_aggregate_primary,4,8.0,,,278.25,237.33333333333334,171.0,109.25,0.0,True,prediction is substantially closer to previous future horizon than target; future direction changes are not captured
2425,paper_informed_nonreactive,Zero yield baseline,3,held_out_cv_fold_aggregate_primary,4,8.0,,,293.5,250.66666666666666,71.0,222.5,0.0,True,prediction is substantially closer to previous future horizon than target; future direction changes are not captured
2425,paper_informed_nonreactive,Observed 5-week mean yield baseline,1,held_out_cv_fold_aggregate_primary,4,8.0,,,309.5,267.0,60.0,369.5,0.0,True,prediction is substantially closer to previous future horizon than target; future direction changes are not captured
2425,paper_informed_nonreactive,Zero yield baseline,4,held_out_cv_fold_aggregate_primary,4,8.0,,,316.75,326.0,105.0,211.75,0.0,True,future direction changes are not captured
2425,paper_informed_nonreactive,Zero yield baseline,5,held_out_cv_fold_aggregate_primary,4,8.0,,,328.25,271.6666666666667,121.0,207.25,0.0,True,prediction is substantially closer to previous future horizon than target; future direction changes are not captured
2425,paper_informed_nonreactive,Last observed week-5 yield baseline,1,held_out_cv_fold_aggregate_primary,4,8.0,,,369.5,327.0,0.0,369.5,0.0,True,prediction is substantially closer to previous future horizon than target; future direction changes are not captured; last-observed baseline is reactive by definition
2425,paper_informed_nonreactive,Zero yield baseline,1,held_out_cv_fold_aggregate_primary,4,8.0,,,388.5,346.0,19.0,369.5,0.0,True,prediction is substantially closer to previous future horizon than target; future direction changes are not captured
2425,paper_informed_nonreactive,Random Forest,2,held_out_cv_fold_aggregate_primary,4,8.0,0.9015515146025562,-0.9751308936189212,45.43363966126469,231.7075845389179,149.94960653698155,109.25,1.0,False,
2425,paper_informed_nonreactive,Gradient Boosting,1,held_out_cv_fold_aggregate_primary,4,8.0,0.9637919943016612,-0.9519975670293059,47.11482837255134,281.59543231361914,328.8813566910237,369.5,1.0,False,
2425,paper_informed_nonreactive,Gradient Boosting,5,held_out_cv_fold_aggregate_primary,4,8.0,0.9924682507339249,-0.9965535498766761,51.23094991500453,264.3227354516353,193.18557707145482,207.25,1.0,False,
2425,paper_informed_nonreactive,Cultivar horizon mean baseline,4,held_out_cv_fold_aggregate_primary,4,8.0,0.8675296495517769,-0.8847648956553329,52.74999999999999,204.94708994708995,194.03968253968256,211.75,1.0,False,
2425,paper_informed_nonreactive,Cultivar horizon mean baseline,2,held_out_cv_fold_aggregate_primary,4,8.0,0.9587172428022595,-0.9985066237276528,53.5,225.75,160.75,109.25,1.0,False,
2425,paper_informed_nonreactive,HistGradientBoosting,2,held_out_cv_fold_aggregate_primary,4,8.0,0.9587172428022595,-0.9985066237276528,53.5,225.75,160.75,109.25,1.0,False,
2425,paper_informed_nonreactive,Training horizon mean baseline,2,held_out_cv_fold_aggregate_primary,4,8.0,0.9587172428022595,-0.9985066237276528,53.5,225.75,160.75,109.25,1.0,False,
2425,paper_informed_nonreactive,Gradient Boosting,2,held_out_cv_fold_aggregate_primary,4,8.0,0.8676270214541351,-0.9452801452119527,54.312907335902544,253.59200482022334,161.56290733590254,109.25,1.0,False,
2425,paper_informed_nonreactive,Extra Trees,1,held_out_cv_fold_aggregate_primary,4,8.0,0.9757614902762808,-0.9929578012609475,54.770001360703546,254.143210831652,314.72999863929647,369.5,1.0,False,
2425,paper_informed_nonreactive,Extra Trees,4,held_out_cv_fold_aggregate_primary,4,8.0,0.8649709177490148,-0.8671446265868652,55.79197201373189,195.61089636289634,180.15011572260585,211.75,1.0,False,
2425,paper_informed_nonreactive,Random Forest,1,held_out_cv_fold_aggregate_primary,4,8.0,0.9736083357306659,-0.9631601408994741,56.06257315832315,252.74811885645218,313.4374268416768,369.5,1.0,False,
2425,paper_informed_nonreactive,Cultivar horizon mean baseline,5,held_out_cv_fold_aggregate_primary,4,8.0,0.9828368159147282,-0.9897162265328497,57.625,257.3333333333333,198.25,207.25,1.0,False,
2425,paper_informed_nonreactive,HistGradientBoosting,5,held_out_cv_fold_aggregate_primary,4,8.0,0.9828368159147282,-0.9897162265328497,57.625,257.3333333333333,198.25,207.25,1.0,False,
2425,paper_informed_nonreactive,Training horizon mean baseline,5,held_out_cv_fold_aggregate_primary,4,8.0,0.9828368159147282,-0.9897162265328497,57.625,257.3333333333333,198.25,207.25,1.0,False,
2425,paper_informed_nonreactive,Gradient Boosting,4,held_out_cv_fold_aggregate_primary,4,8.0,0.8382252175741647,-0.8960172833209087,59.500236385426184,212.6397293824975,196.0754852864666,211.75,1.0,False,
2425,paper_informed_nonreactive,Gradient Boosting,3,held_out_cv_fold_aggregate_primary,4,8.0,0.902886144512557,-0.3670944434099515,62.76578315180793,224.9336844569974,252.18766242562762,222.5,1.0,False,
2425,paper_informed_nonreactive,Ridge,1,held_out_cv_fold_aggregate_primary,4,8.0,0.9709908649233062,-0.9952338483332863,63.091142542950614,256.0690984508687,306.4088574570494,369.5,1.0,False,
2425,paper_informed_nonreactive,Random Forest,5,held_out_cv_fold_aggregate_primary,4,8.0,0.9788219151525992,-0.9801988164931209,63.764724441136174,257.2756977604821,196.86254749063576,207.25,1.0,False,
2425,paper_informed_nonreactive,Random Forest,3,held_out_cv_fold_aggregate_primary,4,8.0,0.904638137144665,-0.4860728676661355,66.253012006512,227.58425861792526,254.50968964368963,222.5,1.0,False,
2425,paper_informed_nonreactive,Random Forest,4,held_out_cv_fold_aggregate_primary,4,8.0,0.7808353982116408,-0.9645296565958689,66.96326357438858,219.68737554420886,199.5206315305065,211.75,1.0,False,
2425,paper_informed_nonreactive,Extra Trees,5,held_out_cv_fold_aggregate_primary,4,8.0,0.922766928979783,-0.9119692142059792,67.21648623721046,254.45105536928585,198.67349851006838,207.25,1.0,False,
2425,paper_informed_nonreactive,Ridge,4,held_out_cv_fold_aggregate_primary,4,8.0,0.9530453566685259,-0.83734036821151,67.99928653081349,277.9419468455819,218.15472290644743,211.75,1.0,False,
2425,paper_informed_nonreactive,Ridge,2,held_out_cv_fold_aggregate_primary,4,8.0,0.8101341688414282,-0.9191532447437172,68.22807332229712,238.47129120988623,140.60483637760905,109.25,1.0,False,
2425,paper_informed_nonreactive,Extra Trees,2,held_out_cv_fold_aggregate_primary,4,8.0,0.9100290943612519,-0.982354062006914,68.4267766901929,261.2731182726707,175.6767766901929,109.25,1.0,False,
2425,paper_informed_nonreactive,ElasticNet,4,held_out_cv_fold_aggregate_primary,4,8.0,0.9856069998122423,-0.7561888707378585,70.57297243595302,287.80482361019045,217.85974451657347,211.75,1.0,False,
2425,paper_informed_nonreactive,HistGradientBoosting,3,held_out_cv_fold_aggregate_primary,4,8.0,0.8010375014315911,-0.846925691124346,72.6875,223.5,256.9375,222.5,1.0,False,
2425,paper_informed_nonreactive,Training horizon mean baseline,3,held_out_cv_fold_aggregate_primary,4,8.0,0.8010375014315911,-0.846925691124346,72.6875,223.5,256.9375,222.5,1.0,False,
2425,paper_informed_nonreactive,Extra Trees,3,held_out_cv_fold_aggregate_primary,4,8.0,0.8760508972161904,-0.393327094820816,73.55894290049481,237.8264085408057,253.0971632561196,222.5,1.0,False,
2425,paper_informed_nonreactive,Cultivar horizon mean baseline,1,held_out_cv_fold_aggregate_primary,4,8.0,0.9659961103038728,-0.9959927362861061,78.75980392156865,233.0457516339869,290.7401960784314,369.5,1.0,False,
2425,paper_informed_nonreactive,HistGradientBoosting,4,held_out_cv_fold_aggregate_primary,4,8.0,0.6661916945192334,-0.9998563707734233,79.75,239.58333333333334,217.125,211.75,1.0,False,
2425,paper_informed_nonreactive,Training horizon mean baseline,4,held_out_cv_fold_aggregate_primary,4,8.0,0.6661916945192334,-0.9998563707734233,79.75,239.58333333333334,217.125,211.75,1.0,False,
2425,paper_informed_nonreactive,Cultivar horizon mean baseline,3,held_out_cv_fold_aggregate_primary,4,8.0,0.8367645797582998,-0.6929544674264823,80.8186274509804,237.29411764705887,258.6813725490196,222.5,1.0,False,
2425,paper_informed_nonreactive,HistGradientBoosting,1,held_out_cv_fold_aggregate_primary,4,8.0,0.9804250993106486,-0.9844070895261356,84.3125,220.5,285.1875,369.5,1.0,False,
2425,paper_informed_nonreactive,Training horizon mean baseline,1,held_out_cv_fold_aggregate_primary,4,8.0,0.9804250993106486,-0.9844070895261356,84.3125,220.5,285.1875,369.5,1.0,False,
2425,paper_informed_nonreactive,ElasticNet,2,held_out_cv_fold_aggregate_primary,4,8.0,0.7432564352785498,-0.8721218450972111,91.42763550558189,263.8006862121834,162.33699181955612,109.25,1.0,False,
2425,paper_informed_nonreactive,Ridge,5,held_out_cv_fold_aggregate_primary,4,8.0,0.8277513277853618,-0.7861625389068067,93.1169122213187,267.2588335088085,233.72925073851053,207.25,1.0,False,
2425,paper_informed_nonreactive,ElasticNet,5,held_out_cv_fold_aggregate_primary,4,8.0,0.8799714298391422,-0.8429133759722423,95.61845650572435,286.96840785181575,263.04234905380054,207.25,1.0,False,
2425,paper_informed_nonreactive,ElasticNet,1,held_out_cv_fold_aggregate_primary,4,8.0,0.7256526754927111,-0.7335215069632836,105.77439448948883,229.70774658717198,283.66477328973053,369.5,1.0,False,
2425,paper_informed_nonreactive,Ridge,3,held_out_cv_fold_aggregate_primary,4,8.0,0.7757480468230946,0.24809649811291662,127.8380707690521,197.34604874000192,206.52904193687903,222.5,0.6666666666666666,False,
2425,paper_informed_nonreactive,ElasticNet,3,held_out_cv_fold_aggregate_primary,4,8.0,0.6377422523368054,0.4217193571467321,187.3152916703132,211.74788628239284,189.10972096821843,222.5,0.3333333333333333,False,
