year,nitrogen_treatment,current_observation_date,target_date,forecast_horizon_days,current_fruit_number,current_fresh_matter_g,next_fresh_matter_g,model,model_label,observed,predicted,residual
2023,0N,2023-07-29,2023-08-01,3.0,0,,18.56,baseline_persistence,Persistence baseline,18.56,50.729139240506335,-32.16913924050634
2023,0N,2023-08-01,2023-08-04,3.0,3,18.56,17.26,baseline_persistence,Persistence baseline,17.26,18.56,-1.2999999999999972
2023,0N,2023-08-04,2023-08-07,3.0,2,17.26,22.56,baseline_persistence,Persistence baseline,22.56,17.26,5.299999999999997
2023,0N,2023-08-07,2023-08-11,4.0,2,22.56,63.62,baseline_persistence,Persistence baseline,63.62,22.56,41.06
2023,0N,2023-08-11,2023-08-13,2.0,7,63.62,24.69,baseline_persistence,Persistence baseline,24.69,63.62,-38.92999999999999
2023,0N,2023-08-13,2023-08-17,4.0,5,24.69,32.81,baseline_persistence,Persistence baseline,32.81,24.69,8.120000000000001
2023,0N,2023-08-17,2023-08-21,4.0,6,32.81,30.54,baseline_persistence,Persistence baseline,30.54,32.81,-2.270000000000003
2023,0N,2023-08-21,2023-08-24,3.0,5,30.54,9.12,baseline_persistence,Persistence baseline,9.12,30.54,-21.42
2023,0N,2023-08-24,2023-08-27,3.0,2,9.12,16.52,baseline_persistence,Persistence baseline,16.52,9.12,7.4
2023,0N,2023-08-27,2023-08-31,4.0,2,16.52,32.98,baseline_persistence,Persistence baseline,32.98,16.52,16.459999999999997
2023,0N,2023-08-31,2023-09-05,5.0,5,32.98,19.45,baseline_persistence,Persistence baseline,19.45,32.98,-13.529999999999998
2023,0N,2023-09-05,2023-09-09,4.0,4,19.45,7.34,baseline_persistence,Persistence baseline,7.34,19.45,-12.11
2023,0N,2023-09-09,2023-09-13,4.0,1,7.34,7.4,baseline_persistence,Persistence baseline,7.4,7.34,0.0600000000000005
2023,0N,2023-09-13,2023-09-17,4.0,2,7.4,5.97,baseline_persistence,Persistence baseline,5.97,7.4,-1.4300000000000006
2023,0N,2023-09-17,2023-09-21,4.0,2,5.97,0.0,baseline_persistence,Persistence baseline,0.0,5.97,-5.97
2023,0N,2023-09-21,2023-09-24,3.0,0,0.0,0.0,baseline_persistence,Persistence baseline,0.0,0.0,0.0
2023,0N,2023-09-24,2023-09-28,4.0,0,0.0,7.99,baseline_persistence,Persistence baseline,7.99,0.0,7.99
2023,100N,2023-08-01,2023-08-04,3.0,0,,12.16,baseline_persistence,Persistence baseline,12.16,50.729139240506335,-38.56913924050633
2023,100N,2023-08-04,2023-08-07,3.0,1,12.16,24.6,baseline_persistence,Persistence baseline,24.6,12.16,12.440000000000001
2023,100N,2023-08-07,2023-08-11,4.0,2,24.6,65.32,baseline_persistence,Persistence baseline,65.32,24.6,40.71999999999999
2023,100N,2023-08-11,2023-08-13,2.0,6,65.32,69.62,baseline_persistence,Persistence baseline,69.62,65.32,4.300000000000011
2023,100N,2023-08-13,2023-08-17,4.0,9,69.62,71.03,baseline_persistence,Persistence baseline,71.03,69.62,1.4099999999999966
2023,100N,2023-08-17,2023-08-21,4.0,9,71.03,93.9,baseline_persistence,Persistence baseline,93.9,71.03,22.870000000000005
2023,100N,2023-08-21,2023-08-24,3.0,13,93.9,40.22,baseline_persistence,Persistence baseline,40.22,93.9,-53.68000000000001
2023,100N,2023-08-24,2023-08-27,3.0,6,40.22,50.09,baseline_persistence,Persistence baseline,50.09,40.22,9.870000000000005
2023,100N,2023-08-27,2023-08-31,4.0,7,50.09,56.04,baseline_persistence,Persistence baseline,56.04,50.09,5.949999999999996
2023,100N,2023-08-31,2023-09-05,5.0,7,56.04,91.04,baseline_persistence,Persistence baseline,91.04,56.04,35.00000000000001
2023,100N,2023-09-05,2023-09-09,4.0,10,91.04,12.27,baseline_persistence,Persistence baseline,12.27,91.04,-78.77000000000001
2023,100N,2023-09-09,2023-09-13,4.0,3,12.27,37.0,baseline_persistence,Persistence baseline,37.0,12.27,24.73
2023,100N,2023-09-13,2023-09-17,4.0,5,37.0,13.71,baseline_persistence,Persistence baseline,13.71,37.0,-23.29
2023,100N,2023-09-17,2023-09-21,4.0,2,13.71,35.92,baseline_persistence,Persistence baseline,35.92,13.71,22.21
2023,100N,2023-09-21,2023-09-24,3.0,4,35.92,10.14,baseline_persistence,Persistence baseline,10.14,35.92,-25.78
2023,100N,2023-09-24,2023-09-28,4.0,1,10.14,72.41,baseline_persistence,Persistence baseline,72.41,10.14,62.269999999999996
2023,150N,2023-08-07,2023-08-11,4.0,0,,34.02,baseline_persistence,Persistence baseline,34.02,50.729139240506335,-16.70913924050633
2023,150N,2023-08-11,2023-08-13,2.0,4,34.02,97.47,baseline_persistence,Persistence baseline,97.47,34.02,63.449999999999996
2023,150N,2023-08-13,2023-08-17,4.0,9,97.47,90.22,baseline_persistence,Persistence baseline,90.22,97.47,-7.25
2023,150N,2023-08-17,2023-08-21,4.0,12,90.22,82.8,baseline_persistence,Persistence baseline,82.8,90.22,-7.420000000000002
2023,150N,2023-08-21,2023-08-24,3.0,12,82.8,53.65,baseline_persistence,Persistence baseline,53.65,82.8,-29.15
2023,150N,2023-08-24,2023-08-27,3.0,10,53.65,57.09,baseline_persistence,Persistence baseline,57.09,53.65,3.440000000000005
2023,150N,2023-08-27,2023-08-31,4.0,8,57.09,43.28,baseline_persistence,Persistence baseline,43.28,57.09,-13.810000000000002
2023,150N,2023-08-31,2023-09-05,5.0,6,43.28,7.33,baseline_persistence,Persistence baseline,7.33,43.28,-35.95
2023,150N,2023-09-05,2023-09-09,4.0,1,7.33,41.5,baseline_persistence,Persistence baseline,41.5,7.33,34.17
2023,150N,2023-09-09,2023-09-13,4.0,4,41.5,17.68,baseline_persistence,Persistence baseline,17.68,41.5,-23.82
2023,150N,2023-09-13,2023-09-17,4.0,2,17.68,32.06,baseline_persistence,Persistence baseline,32.06,17.68,14.380000000000003
2023,150N,2023-09-17,2023-09-21,4.0,3,32.06,30.71,baseline_persistence,Persistence baseline,30.71,32.06,-1.3500000000000014
2023,150N,2023-09-21,2023-09-24,3.0,3,30.71,29.71,baseline_persistence,Persistence baseline,29.71,30.71,-1.0
2023,150N,2023-09-24,2023-09-28,4.0,3,29.71,41.26,baseline_persistence,Persistence baseline,41.26,29.71,11.549999999999997
2023,50N,2023-07-29,2023-08-01,3.0,0,,10.56,baseline_persistence,Persistence baseline,10.56,50.729139240506335,-40.16913924050633
2023,50N,2023-08-01,2023-08-04,3.0,2,10.56,13.78,baseline_persistence,Persistence baseline,13.78,10.56,3.219999999999999
2023,50N,2023-08-04,2023-08-07,3.0,1,13.78,37.65,baseline_persistence,Persistence baseline,37.65,13.78,23.869999999999997
2023,50N,2023-08-07,2023-08-11,4.0,3,37.65,58.04,baseline_persistence,Persistence baseline,58.04,37.65,20.39
2023,50N,2023-08-11,2023-08-13,2.0,6,58.04,48.12,baseline_persistence,Persistence baseline,48.12,58.04,-9.920000000000002
2023,50N,2023-08-13,2023-08-17,4.0,5,48.12,88.5,baseline_persistence,Persistence baseline,88.5,48.12,40.38
2023,50N,2023-08-17,2023-08-21,4.0,12,88.5,75.43,baseline_persistence,Persistence baseline,75.43,88.5,-13.069999999999993
2023,50N,2023-08-21,2023-08-24,3.0,10,75.43,15.72,baseline_persistence,Persistence baseline,15.72,75.43,-59.71000000000001
2023,50N,2023-08-24,2023-08-27,3.0,2,15.72,45.12,baseline_persistence,Persistence baseline,45.12,15.72,29.4
2023,50N,2023-08-27,2023-08-31,4.0,7,45.12,52.75,baseline_persistence,Persistence baseline,52.75,45.12,7.630000000000003
2023,50N,2023-08-31,2023-09-05,5.0,7,52.75,55.04,baseline_persistence,Persistence baseline,55.04,52.75,2.289999999999999
2023,50N,2023-09-05,2023-09-09,4.0,7,55.04,6.59,baseline_persistence,Persistence baseline,6.59,55.04,-48.45
2023,50N,2023-09-09,2023-09-13,4.0,2,6.59,32.74,baseline_persistence,Persistence baseline,32.74,6.59,26.150000000000002
2023,50N,2023-09-13,2023-09-17,4.0,4,32.74,10.33,baseline_persistence,Persistence baseline,10.33,32.74,-22.410000000000004
2023,50N,2023-09-17,2023-09-21,4.0,2,10.33,24.47,baseline_persistence,Persistence baseline,24.47,10.33,14.139999999999999
2023,50N,2023-09-21,2023-09-24,3.0,3,24.47,25.09,baseline_persistence,Persistence baseline,25.09,24.47,0.620000000000001
2023,50N,2023-09-24,2023-09-28,4.0,3,25.09,13.57,baseline_persistence,Persistence baseline,13.57,25.09,-11.52
2023,0N,2023-07-29,2023-08-01,3.0,0,,18.56,baseline_treatment_mean,Treatment mean baseline,18.56,13.905625,4.654374999999998
2023,0N,2023-08-01,2023-08-04,3.0,3,18.56,17.26,baseline_treatment_mean,Treatment mean baseline,17.26,13.905625,3.354375000000001
2023,0N,2023-08-04,2023-08-07,3.0,2,17.26,22.56,baseline_treatment_mean,Treatment mean baseline,22.56,13.905625,8.654374999999998
2023,0N,2023-08-07,2023-08-11,4.0,2,22.56,63.62,baseline_treatment_mean,Treatment mean baseline,63.62,13.905625,49.714375
2023,0N,2023-08-11,2023-08-13,2.0,7,63.62,24.69,baseline_treatment_mean,Treatment mean baseline,24.69,13.905625,10.784375
2023,0N,2023-08-13,2023-08-17,4.0,5,24.69,32.81,baseline_treatment_mean,Treatment mean baseline,32.81,13.905625,18.904375
2023,0N,2023-08-17,2023-08-21,4.0,6,32.81,30.54,baseline_treatment_mean,Treatment mean baseline,30.54,13.905625,16.634375
2023,0N,2023-08-21,2023-08-24,3.0,5,30.54,9.12,baseline_treatment_mean,Treatment mean baseline,9.12,13.905625,-4.785625000000001
2023,0N,2023-08-24,2023-08-27,3.0,2,9.12,16.52,baseline_treatment_mean,Treatment mean baseline,16.52,13.905625,2.614374999999999
2023,0N,2023-08-27,2023-08-31,4.0,2,16.52,32.98,baseline_treatment_mean,Treatment mean baseline,32.98,13.905625,19.074374999999996
2023,0N,2023-08-31,2023-09-05,5.0,5,32.98,19.45,baseline_treatment_mean,Treatment mean baseline,19.45,13.905625,5.544374999999999
2023,0N,2023-09-05,2023-09-09,4.0,4,19.45,7.34,baseline_treatment_mean,Treatment mean baseline,7.34,13.905625,-6.565625000000001
2023,0N,2023-09-09,2023-09-13,4.0,1,7.34,7.4,baseline_treatment_mean,Treatment mean baseline,7.4,13.905625,-6.505625
2023,0N,2023-09-13,2023-09-17,4.0,2,7.4,5.97,baseline_treatment_mean,Treatment mean baseline,5.97,13.905625,-7.935625000000001
2023,0N,2023-09-17,2023-09-21,4.0,2,5.97,0.0,baseline_treatment_mean,Treatment mean baseline,0.0,13.905625,-13.905625
2023,0N,2023-09-21,2023-09-24,3.0,0,0.0,0.0,baseline_treatment_mean,Treatment mean baseline,0.0,13.905625,-13.905625
2023,0N,2023-09-24,2023-09-28,4.0,0,0.0,7.99,baseline_treatment_mean,Treatment mean baseline,7.99,13.905625,-5.915625
2023,100N,2023-08-01,2023-08-04,3.0,0,,12.16,baseline_treatment_mean,Treatment mean baseline,12.16,79.73872727272727,-67.57872727272728
2023,100N,2023-08-04,2023-08-07,3.0,1,12.16,24.6,baseline_treatment_mean,Treatment mean baseline,24.6,79.73872727272727,-55.13872727272727
2023,100N,2023-08-07,2023-08-11,4.0,2,24.6,65.32,baseline_treatment_mean,Treatment mean baseline,65.32,79.73872727272727,-14.418727272727281
2023,100N,2023-08-11,2023-08-13,2.0,6,65.32,69.62,baseline_treatment_mean,Treatment mean baseline,69.62,79.73872727272727,-10.11872727272727
2023,100N,2023-08-13,2023-08-17,4.0,9,69.62,71.03,baseline_treatment_mean,Treatment mean baseline,71.03,79.73872727272727,-8.708727272727273
2023,100N,2023-08-17,2023-08-21,4.0,9,71.03,93.9,baseline_treatment_mean,Treatment mean baseline,93.9,79.73872727272727,14.161272727272731
2023,100N,2023-08-21,2023-08-24,3.0,13,93.9,40.22,baseline_treatment_mean,Treatment mean baseline,40.22,79.73872727272727,-39.518727272727276
2023,100N,2023-08-24,2023-08-27,3.0,6,40.22,50.09,baseline_treatment_mean,Treatment mean baseline,50.09,79.73872727272727,-29.64872727272727
2023,100N,2023-08-27,2023-08-31,4.0,7,50.09,56.04,baseline_treatment_mean,Treatment mean baseline,56.04,79.73872727272727,-23.698727272727275
2023,100N,2023-08-31,2023-09-05,5.0,7,56.04,91.04,baseline_treatment_mean,Treatment mean baseline,91.04,79.73872727272727,11.301272727272732
2023,100N,2023-09-05,2023-09-09,4.0,10,91.04,12.27,baseline_treatment_mean,Treatment mean baseline,12.27,79.73872727272727,-67.46872727272728
2023,100N,2023-09-09,2023-09-13,4.0,3,12.27,37.0,baseline_treatment_mean,Treatment mean baseline,37.0,79.73872727272727,-42.738727272727274
2023,100N,2023-09-13,2023-09-17,4.0,5,37.0,13.71,baseline_treatment_mean,Treatment mean baseline,13.71,79.73872727272727,-66.02872727272728
2023,100N,2023-09-17,2023-09-21,4.0,2,13.71,35.92,baseline_treatment_mean,Treatment mean baseline,35.92,79.73872727272727,-43.81872727272727
2023,100N,2023-09-21,2023-09-24,3.0,4,35.92,10.14,baseline_treatment_mean,Treatment mean baseline,10.14,79.73872727272727,-69.59872727272727
2023,100N,2023-09-24,2023-09-28,4.0,1,10.14,72.41,baseline_treatment_mean,Treatment mean baseline,72.41,79.73872727272727,-7.328727272727278
2023,150N,2023-08-07,2023-08-11,4.0,0,,34.02,baseline_treatment_mean,Treatment mean baseline,34.02,49.231,-15.210999999999999
2023,150N,2023-08-11,2023-08-13,2.0,4,34.02,97.47,baseline_treatment_mean,Treatment mean baseline,97.47,49.231,48.239
2023,150N,2023-08-13,2023-08-17,4.0,9,97.47,90.22,baseline_treatment_mean,Treatment mean baseline,90.22,49.231,40.989
2023,150N,2023-08-17,2023-08-21,4.0,12,90.22,82.8,baseline_treatment_mean,Treatment mean baseline,82.8,49.231,33.568999999999996
2023,150N,2023-08-21,2023-08-24,3.0,12,82.8,53.65,baseline_treatment_mean,Treatment mean baseline,53.65,49.231,4.418999999999997
2023,150N,2023-08-24,2023-08-27,3.0,10,53.65,57.09,baseline_treatment_mean,Treatment mean baseline,57.09,49.231,7.859000000000002
2023,150N,2023-08-27,2023-08-31,4.0,8,57.09,43.28,baseline_treatment_mean,Treatment mean baseline,43.28,49.231,-5.9510000000000005
2023,150N,2023-08-31,2023-09-05,5.0,6,43.28,7.33,baseline_treatment_mean,Treatment mean baseline,7.33,49.231,-41.901
2023,150N,2023-09-05,2023-09-09,4.0,1,7.33,41.5,baseline_treatment_mean,Treatment mean baseline,41.5,49.231,-7.731000000000002
2023,150N,2023-09-09,2023-09-13,4.0,4,41.5,17.68,baseline_treatment_mean,Treatment mean baseline,17.68,49.231,-31.551000000000002
2023,150N,2023-09-13,2023-09-17,4.0,2,17.68,32.06,baseline_treatment_mean,Treatment mean baseline,32.06,49.231,-17.171
2023,150N,2023-09-17,2023-09-21,4.0,3,32.06,30.71,baseline_treatment_mean,Treatment mean baseline,30.71,49.231,-18.521
2023,150N,2023-09-21,2023-09-24,3.0,3,30.71,29.71,baseline_treatment_mean,Treatment mean baseline,29.71,49.231,-19.521
2023,150N,2023-09-24,2023-09-28,4.0,3,29.71,41.26,baseline_treatment_mean,Treatment mean baseline,41.26,49.231,-7.971000000000004
2023,50N,2023-07-29,2023-08-01,3.0,0,,10.56,baseline_treatment_mean,Treatment mean baseline,10.56,49.820952380952384,-39.26095238095238
2023,50N,2023-08-01,2023-08-04,3.0,2,10.56,13.78,baseline_treatment_mean,Treatment mean baseline,13.78,49.820952380952384,-36.04095238095238
2023,50N,2023-08-04,2023-08-07,3.0,1,13.78,37.65,baseline_treatment_mean,Treatment mean baseline,37.65,49.820952380952384,-12.170952380952386
2023,50N,2023-08-07,2023-08-11,4.0,3,37.65,58.04,baseline_treatment_mean,Treatment mean baseline,58.04,49.820952380952384,8.219047619047615
2023,50N,2023-08-11,2023-08-13,2.0,6,58.04,48.12,baseline_treatment_mean,Treatment mean baseline,48.12,49.820952380952384,-1.700952380952387
2023,50N,2023-08-13,2023-08-17,4.0,5,48.12,88.5,baseline_treatment_mean,Treatment mean baseline,88.5,49.820952380952384,38.679047619047616
2023,50N,2023-08-17,2023-08-21,4.0,12,88.5,75.43,baseline_treatment_mean,Treatment mean baseline,75.43,49.820952380952384,25.609047619047622
2023,50N,2023-08-21,2023-08-24,3.0,10,75.43,15.72,baseline_treatment_mean,Treatment mean baseline,15.72,49.820952380952384,-34.100952380952386
2023,50N,2023-08-24,2023-08-27,3.0,2,15.72,45.12,baseline_treatment_mean,Treatment mean baseline,45.12,49.820952380952384,-4.700952380952387
2023,50N,2023-08-27,2023-08-31,4.0,7,45.12,52.75,baseline_treatment_mean,Treatment mean baseline,52.75,49.820952380952384,2.9290476190476156
2023,50N,2023-08-31,2023-09-05,5.0,7,52.75,55.04,baseline_treatment_mean,Treatment mean baseline,55.04,49.820952380952384,5.219047619047615
2023,50N,2023-09-05,2023-09-09,4.0,7,55.04,6.59,baseline_treatment_mean,Treatment mean baseline,6.59,49.820952380952384,-43.23095238095239
2023,50N,2023-09-09,2023-09-13,4.0,2,6.59,32.74,baseline_treatment_mean,Treatment mean baseline,32.74,49.820952380952384,-17.080952380952382
2023,50N,2023-09-13,2023-09-17,4.0,4,32.74,10.33,baseline_treatment_mean,Treatment mean baseline,10.33,49.820952380952384,-39.490952380952386
2023,50N,2023-09-17,2023-09-21,4.0,2,10.33,24.47,baseline_treatment_mean,Treatment mean baseline,24.47,49.820952380952384,-25.350952380952386
2023,50N,2023-09-21,2023-09-24,3.0,3,24.47,25.09,baseline_treatment_mean,Treatment mean baseline,25.09,49.820952380952384,-24.730952380952385
2023,50N,2023-09-24,2023-09-28,4.0,3,25.09,13.57,baseline_treatment_mean,Treatment mean baseline,13.57,49.820952380952384,-36.250952380952384
2023,0N,2023-07-29,2023-08-01,3.0,0,,18.56,weather_gdd_ridge,Weather + GDD linear model,18.56,19.912055718993976,-1.3520557189939773
2023,0N,2023-08-01,2023-08-04,3.0,3,18.56,17.26,weather_gdd_ridge,Weather + GDD linear model,17.26,14.90479402894396,2.3552059710560407
2023,0N,2023-08-04,2023-08-07,3.0,2,17.26,22.56,weather_gdd_ridge,Weather + GDD linear model,22.56,24.65599994123908,-2.095999941239082
2023,0N,2023-08-07,2023-08-11,4.0,2,22.56,63.62,weather_gdd_ridge,Weather + GDD linear model,63.62,30.43005184762821,33.189948152371784
2023,0N,2023-08-11,2023-08-13,2.0,7,63.62,24.69,weather_gdd_ridge,Weather + GDD linear model,24.69,40.74019240115182,-16.050192401151822
2023,0N,2023-08-13,2023-08-17,4.0,5,24.69,32.81,weather_gdd_ridge,Weather + GDD linear model,32.81,53.920414721956476,-21.110414721956474
2023,0N,2023-08-17,2023-08-21,4.0,6,32.81,30.54,weather_gdd_ridge,Weather + GDD linear model,30.54,35.568344396563944,-5.028344396563945
2023,0N,2023-08-21,2023-08-24,3.0,5,30.54,9.12,weather_gdd_ridge,Weather + GDD linear model,9.12,43.987397339097306,-34.86739733909731
2023,0N,2023-08-24,2023-08-27,3.0,2,9.12,16.52,weather_gdd_ridge,Weather + GDD linear model,16.52,42.004472760631145,-25.484472760631146
2023,0N,2023-08-27,2023-08-31,4.0,2,16.52,32.98,weather_gdd_ridge,Weather + GDD linear model,32.98,35.0422074137533,-2.062207413753306
2023,0N,2023-08-31,2023-09-05,5.0,5,32.98,19.45,weather_gdd_ridge,Weather + GDD linear model,19.45,28.06120063243052,-8.61120063243052
2023,0N,2023-09-05,2023-09-09,4.0,4,19.45,7.34,weather_gdd_ridge,Weather + GDD linear model,7.34,24.295487803427342,-16.955487803427342
2023,0N,2023-09-09,2023-09-13,4.0,1,7.34,7.4,weather_gdd_ridge,Weather + GDD linear model,7.4,55.238027052734914,-47.838027052734915
2023,0N,2023-09-13,2023-09-17,4.0,2,7.4,5.97,weather_gdd_ridge,Weather + GDD linear model,5.97,53.38100293899605,-47.41100293899605
2023,0N,2023-09-17,2023-09-21,4.0,2,5.97,0.0,weather_gdd_ridge,Weather + GDD linear model,0.0,59.135261764177585,-59.135261764177585
2023,0N,2023-09-21,2023-09-24,3.0,0,0.0,0.0,weather_gdd_ridge,Weather + GDD linear model,0.0,48.96336371887534,-48.96336371887534
2023,0N,2023-09-24,2023-09-28,4.0,0,0.0,7.99,weather_gdd_ridge,Weather + GDD linear model,7.99,73.84619816042449,-65.8561981604245
2023,100N,2023-08-01,2023-08-04,3.0,0,,12.16,weather_gdd_ridge,Weather + GDD linear model,12.16,39.531103248853654,-27.371103248853654
2023,100N,2023-08-04,2023-08-07,3.0,1,12.16,24.6,weather_gdd_ridge,Weather + GDD linear model,24.6,49.282309161148774,-24.682309161148773
2023,100N,2023-08-07,2023-08-11,4.0,2,24.6,65.32,weather_gdd_ridge,Weather + GDD linear model,65.32,55.0563610675379,10.263638932462094
2023,100N,2023-08-11,2023-08-13,2.0,6,65.32,69.62,weather_gdd_ridge,Weather + GDD linear model,69.62,65.36650162106152,4.253498378938488
2023,100N,2023-08-13,2023-08-17,4.0,9,69.62,71.03,weather_gdd_ridge,Weather + GDD linear model,71.03,78.54672394186616,-7.516723941866161
2023,100N,2023-08-17,2023-08-21,4.0,9,71.03,93.9,weather_gdd_ridge,Weather + GDD linear model,93.9,60.194653616473644,33.70534638352636
2023,100N,2023-08-21,2023-08-24,3.0,13,93.9,40.22,weather_gdd_ridge,Weather + GDD linear model,40.22,68.613706559007,-28.393706559007
2023,100N,2023-08-24,2023-08-27,3.0,6,40.22,50.09,weather_gdd_ridge,Weather + GDD linear model,50.09,66.63078198054085,-16.540781980540842
2023,100N,2023-08-27,2023-08-31,4.0,7,50.09,56.04,weather_gdd_ridge,Weather + GDD linear model,56.04,59.668516633662996,-3.628516633662997
2023,100N,2023-08-31,2023-09-05,5.0,7,56.04,91.04,weather_gdd_ridge,Weather + GDD linear model,91.04,52.68750985234021,38.35249014765979
2023,100N,2023-09-05,2023-09-09,4.0,10,91.04,12.27,weather_gdd_ridge,Weather + GDD linear model,12.27,48.921797023337035,-36.65179702333704
2023,100N,2023-09-09,2023-09-13,4.0,3,12.27,37.0,weather_gdd_ridge,Weather + GDD linear model,37.0,79.86433627264461,-42.86433627264461
2023,100N,2023-09-13,2023-09-17,4.0,5,37.0,13.71,weather_gdd_ridge,Weather + GDD linear model,13.71,78.00731215890575,-64.29731215890575
2023,100N,2023-09-17,2023-09-21,4.0,2,13.71,35.92,weather_gdd_ridge,Weather + GDD linear model,35.92,83.76157098408727,-47.84157098408727
2023,100N,2023-09-21,2023-09-24,3.0,4,35.92,10.14,weather_gdd_ridge,Weather + GDD linear model,10.14,73.58967293878504,-63.44967293878504
2023,100N,2023-09-24,2023-09-28,4.0,1,10.14,72.41,weather_gdd_ridge,Weather + GDD linear model,72.41,98.47250738033418,-26.062507380334182
2023,150N,2023-08-07,2023-08-11,4.0,0,,34.02,weather_gdd_ridge,Weather + GDD linear model,34.02,67.36951567749274,-33.34951567749274
2023,150N,2023-08-11,2023-08-13,2.0,4,34.02,97.47,weather_gdd_ridge,Weather + GDD linear model,97.47,77.67965623101637,19.790343768983632
2023,150N,2023-08-13,2023-08-17,4.0,9,97.47,90.22,weather_gdd_ridge,Weather + GDD linear model,90.22,90.85987855182101,-0.6398785518210133
2023,150N,2023-08-17,2023-08-21,4.0,12,90.22,82.8,weather_gdd_ridge,Weather + GDD linear model,82.8,72.5078082264285,10.292191773571503
2023,150N,2023-08-21,2023-08-24,3.0,12,82.8,53.65,weather_gdd_ridge,Weather + GDD linear model,53.65,80.92686116896184,-27.276861168961837
2023,150N,2023-08-24,2023-08-27,3.0,10,53.65,57.09,weather_gdd_ridge,Weather + GDD linear model,57.09,78.9439365904957,-21.853936590495692
2023,150N,2023-08-27,2023-08-31,4.0,8,57.09,43.28,weather_gdd_ridge,Weather + GDD linear model,43.28,71.98167124361784,-28.701671243617838
2023,150N,2023-08-31,2023-09-05,5.0,6,43.28,7.33,weather_gdd_ridge,Weather + GDD linear model,7.33,65.00066446229506,-57.670664462295065
2023,150N,2023-09-05,2023-09-09,4.0,1,7.33,41.5,weather_gdd_ridge,Weather + GDD linear model,41.5,61.234951633291885,-19.734951633291885
2023,150N,2023-09-09,2023-09-13,4.0,4,41.5,17.68,weather_gdd_ridge,Weather + GDD linear model,17.68,92.17749088259944,-74.49749088259944
2023,150N,2023-09-13,2023-09-17,4.0,2,17.68,32.06,weather_gdd_ridge,Weather + GDD linear model,32.06,90.3204667688606,-58.260466768860596
2023,150N,2023-09-17,2023-09-21,4.0,3,32.06,30.71,weather_gdd_ridge,Weather + GDD linear model,30.71,96.07472559404212,-65.36472559404211
2023,150N,2023-09-21,2023-09-24,3.0,3,30.71,29.71,weather_gdd_ridge,Weather + GDD linear model,29.71,85.90282754873988,-56.19282754873988
2023,150N,2023-09-24,2023-09-28,4.0,3,29.71,41.26,weather_gdd_ridge,Weather + GDD linear model,41.26,110.78566199028904,-69.52566199028905
2023,50N,2023-07-29,2023-08-01,3.0,0,,10.56,weather_gdd_ridge,Weather + GDD linear model,10.56,32.22521032894882,-21.665210328948817
2023,50N,2023-08-01,2023-08-04,3.0,2,10.56,13.78,weather_gdd_ridge,Weather + GDD linear model,13.78,27.21794863889881,-13.437948638898812
2023,50N,2023-08-04,2023-08-07,3.0,1,13.78,37.65,weather_gdd_ridge,Weather + GDD linear model,37.65,36.969154551193924,0.6808454488060747
2023,50N,2023-08-07,2023-08-11,4.0,3,37.65,58.04,weather_gdd_ridge,Weather + GDD linear model,58.04,42.74320645758306,15.296793542416943
2023,50N,2023-08-11,2023-08-13,2.0,6,58.04,48.12,weather_gdd_ridge,Weather + GDD linear model,48.12,53.053347011106666,-4.933347011106669
2023,50N,2023-08-13,2023-08-17,4.0,5,48.12,88.5,weather_gdd_ridge,Weather + GDD linear model,88.5,66.23356933191133,22.266430668088674
2023,50N,2023-08-17,2023-08-21,4.0,12,88.5,75.43,weather_gdd_ridge,Weather + GDD linear model,75.43,47.881499006518794,27.548500993481213
2023,50N,2023-08-21,2023-08-24,3.0,10,75.43,15.72,weather_gdd_ridge,Weather + GDD linear model,15.72,56.300551949052156,-40.58055194905216
2023,50N,2023-08-24,2023-08-27,3.0,2,15.72,45.12,weather_gdd_ridge,Weather + GDD linear model,45.12,54.317627370585996,-9.197627370585998
2023,50N,2023-08-27,2023-08-31,4.0,7,45.12,52.75,weather_gdd_ridge,Weather + GDD linear model,52.75,47.35536202370815,5.394637976291847
2023,50N,2023-08-31,2023-09-05,5.0,7,52.75,55.04,weather_gdd_ridge,Weather + GDD linear model,55.04,40.37435524238537,14.66564475761463
2023,50N,2023-09-05,2023-09-09,4.0,7,55.04,6.59,weather_gdd_ridge,Weather + GDD linear model,6.59,36.608642413382185,-30.018642413382185
2023,50N,2023-09-09,2023-09-13,4.0,2,6.59,32.74,weather_gdd_ridge,Weather + GDD linear model,32.74,67.55118166268977,-34.81118166268977
2023,50N,2023-09-13,2023-09-17,4.0,4,32.74,10.33,weather_gdd_ridge,Weather + GDD linear model,10.33,65.6941575489509,-55.3641575489509
2023,50N,2023-09-17,2023-09-21,4.0,2,10.33,24.47,weather_gdd_ridge,Weather + GDD linear model,24.47,71.44841637413242,-46.97841637413242
2023,50N,2023-09-21,2023-09-24,3.0,3,24.47,25.09,weather_gdd_ridge,Weather + GDD linear model,25.09,61.27651832883019,-36.18651832883019
2023,50N,2023-09-24,2023-09-28,4.0,3,25.09,13.57,weather_gdd_ridge,Weather + GDD linear model,13.57,86.15935277037934,-72.58935277037935
2023,0N,2023-07-29,2023-08-01,3.0,0,,18.56,crop_development_ridge,Crop development linear model,18.56,50.090342530764524,-31.530342530764525
2023,0N,2023-08-01,2023-08-04,3.0,3,18.56,17.26,crop_development_ridge,Crop development linear model,17.26,25.217868319948014,-7.9578683199480125
2023,0N,2023-08-04,2023-08-07,3.0,2,17.26,22.56,crop_development_ridge,Crop development linear model,22.56,8.414752999616738,14.14524700038326
2023,0N,2023-08-07,2023-08-11,4.0,2,22.56,63.62,crop_development_ridge,Crop development linear model,63.62,-2.810150954077727,66.43015095407773
2023,0N,2023-08-11,2023-08-13,2.0,7,63.62,24.69,crop_development_ridge,Crop development linear model,24.69,-13.006148420374004,37.696148420374
2023,0N,2023-08-13,2023-08-17,4.0,5,24.69,32.81,crop_development_ridge,Crop development linear model,32.81,1.689750551244238,31.120249448755764
2023,0N,2023-08-17,2023-08-21,4.0,6,32.81,30.54,crop_development_ridge,Crop development linear model,30.54,64.66963698763897,-34.12963698763897
2023,0N,2023-08-21,2023-08-24,3.0,5,30.54,9.12,crop_development_ridge,Crop development linear model,9.12,62.45350281431573,-53.333502814315736
2023,0N,2023-08-24,2023-08-27,3.0,2,9.12,16.52,crop_development_ridge,Crop development linear model,16.52,45.0661311638226,-28.546131163822597
2023,0N,2023-08-27,2023-08-31,4.0,2,16.52,32.98,crop_development_ridge,Crop development linear model,32.98,50.58846168371765,-17.60846168371765
2023,0N,2023-08-31,2023-09-05,5.0,5,32.98,19.45,crop_development_ridge,Crop development linear model,19.45,38.371064428421896,-18.921064428421897
2023,0N,2023-09-05,2023-09-09,4.0,4,19.45,7.34,crop_development_ridge,Crop development linear model,7.34,13.741260945121105,-6.4012609451211056
2023,0N,2023-09-09,2023-09-13,4.0,1,7.34,7.4,crop_development_ridge,Crop development linear model,7.4,37.98049408144273,-30.58049408144273
2023,0N,2023-09-13,2023-09-17,4.0,2,7.4,5.97,crop_development_ridge,Crop development linear model,5.97,40.527776586899634,-34.557776586899635
2023,0N,2023-09-17,2023-09-21,4.0,2,5.97,0.0,crop_development_ridge,Crop development linear model,0.0,50.465605821862674,-50.465605821862674
2023,0N,2023-09-21,2023-09-24,3.0,0,0.0,0.0,crop_development_ridge,Crop development linear model,0.0,43.37686776508228,-43.37686776508228
2023,0N,2023-09-24,2023-09-28,4.0,0,0.0,7.99,crop_development_ridge,Crop development linear model,7.99,37.63527269194654,-29.645272691946538
2023,100N,2023-08-01,2023-08-04,3.0,0,,12.16,crop_development_ridge,Crop development linear model,12.16,46.71346023033172,-34.55346023033172
2023,100N,2023-08-04,2023-08-07,3.0,1,12.16,24.6,crop_development_ridge,Crop development linear model,24.6,25.969503623006318,-1.3695036230063167
2023,100N,2023-08-07,2023-08-11,4.0,2,24.6,65.32,crop_development_ridge,Crop development linear model,65.32,1.7411615643252603,63.57883843567473
2023,100N,2023-08-11,2023-08-13,2.0,6,65.32,69.62,crop_development_ridge,Crop development linear model,69.62,-5.021904330948743,74.64190433094875
2023,100N,2023-08-13,2023-08-17,4.0,9,69.62,71.03,crop_development_ridge,Crop development linear model,71.03,19.350896414006556,51.679103585993445
2023,100N,2023-08-17,2023-08-21,4.0,9,71.03,93.9,crop_development_ridge,Crop development linear model,93.9,83.93713406852824,9.962865931471768
2023,100N,2023-08-21,2023-08-24,3.0,13,93.9,40.22,crop_development_ridge,Crop development linear model,40.22,92.00529794301285,-51.78529794301285
2023,100N,2023-08-24,2023-08-27,3.0,6,40.22,50.09,crop_development_ridge,Crop development linear model,50.09,75.77314722954164,-25.683147229541632
2023,100N,2023-08-27,2023-08-31,4.0,7,50.09,56.04,crop_development_ridge,Crop development linear model,56.04,85.70333183284714,-29.663331832847142
2023,100N,2023-08-31,2023-09-05,5.0,7,56.04,91.04,crop_development_ridge,Crop development linear model,91.04,74.84675500464876,16.19324499535125
2023,100N,2023-09-05,2023-09-09,4.0,10,91.04,12.27,crop_development_ridge,Crop development linear model,12.27,58.001480519442595,-45.7314805194426
2023,100N,2023-09-09,2023-09-13,4.0,3,12.27,37.0,crop_development_ridge,Crop development linear model,37.0,55.49038226179045,-18.49038226179045
2023,100N,2023-09-13,2023-09-17,4.0,5,37.0,13.71,crop_development_ridge,Crop development linear model,13.71,75.0556022598127,-61.3456022598127
2023,100N,2023-09-17,2023-09-21,4.0,2,13.71,35.92,crop_development_ridge,Crop development linear model,35.92,76.93039477027878,-41.01039477027878
2023,100N,2023-09-21,2023-09-24,3.0,4,35.92,10.14,crop_development_ridge,Crop development linear model,10.14,70.9358205561366,-60.795820556136604
2023,100N,2023-09-24,2023-09-28,4.0,1,10.14,72.41,crop_development_ridge,Crop development linear model,72.41,59.42967932162245,12.980320678377545
2023,150N,2023-08-07,2023-08-11,4.0,0,,34.02,crop_development_ridge,Crop development linear model,34.02,23.297182262499145,10.722817737500858
2023,150N,2023-08-11,2023-08-13,2.0,4,34.02,97.47,crop_development_ridge,Crop development linear model,97.47,-8.526269836005348,105.99626983600535
2023,150N,2023-08-13,2023-08-17,4.0,9,97.47,90.22,crop_development_ridge,Crop development linear model,90.22,39.52338118541745,50.69661881458255
2023,150N,2023-08-17,2023-08-21,4.0,12,90.22,82.8,crop_development_ridge,Crop development linear model,82.8,86.11673693849525,-3.3167369384952536
2023,150N,2023-08-21,2023-08-24,3.0,12,82.8,53.65,crop_development_ridge,Crop development linear model,53.65,92.33952013381224,-38.689520133812245
2023,150N,2023-08-24,2023-08-27,3.0,10,53.65,57.09,crop_development_ridge,Crop development linear model,57.09,84.34667893679146,-27.25667893679146
2023,150N,2023-08-27,2023-08-31,4.0,8,57.09,43.28,crop_development_ridge,Crop development linear model,43.28,96.34337401721132,-53.063374017211316
2023,150N,2023-08-31,2023-09-05,5.0,6,43.28,7.33,crop_development_ridge,Crop development linear model,7.33,79.35732466711963,-72.02732466711963
2023,150N,2023-09-05,2023-09-09,4.0,1,7.33,41.5,crop_development_ridge,Crop development linear model,41.5,47.14686347479468,-5.646863474794678
2023,150N,2023-09-09,2023-09-13,4.0,4,41.5,17.68,crop_development_ridge,Crop development linear model,17.68,68.92776394709426,-51.24776394709426
2023,150N,2023-09-13,2023-09-17,4.0,2,17.68,32.06,crop_development_ridge,Crop development linear model,32.06,55.66132508989887,-23.601325089898864
2023,150N,2023-09-17,2023-09-21,4.0,3,32.06,30.71,crop_development_ridge,Crop development linear model,30.71,76.36114002691312,-45.65114002691312
2023,150N,2023-09-21,2023-09-24,3.0,3,30.71,29.71,crop_development_ridge,Crop development linear model,29.71,72.38512055321428,-42.67512055321428
2023,150N,2023-09-24,2023-09-28,4.0,3,29.71,41.26,crop_development_ridge,Crop development linear model,41.26,66.22462494075089,-24.964624940750888
2023,50N,2023-07-29,2023-08-01,3.0,0,,10.56,crop_development_ridge,Crop development linear model,10.56,44.28985006261157,-33.72985006261157
2023,50N,2023-08-01,2023-08-04,3.0,2,10.56,13.78,crop_development_ridge,Crop development linear model,13.78,22.678783828119045,-8.898783828119045
2023,50N,2023-08-04,2023-08-07,3.0,1,13.78,37.65,crop_development_ridge,Crop development linear model,37.65,12.455923440708943,25.194076559291055
2023,50N,2023-08-07,2023-08-11,4.0,3,37.65,58.04,crop_development_ridge,Crop development linear model,58.04,3.090036588414236,54.94996341158576
2023,50N,2023-08-11,2023-08-13,2.0,6,58.04,48.12,crop_development_ridge,Crop development linear model,48.12,-12.3975493727471,60.5175493727471
2023,50N,2023-08-13,2023-08-17,4.0,5,48.12,88.5,crop_development_ridge,Crop development linear model,88.5,17.345654847979844,71.15434515202016
2023,50N,2023-08-17,2023-08-21,4.0,12,88.5,75.43,crop_development_ridge,Crop development linear model,75.43,78.79809478702873,-3.368094787028724
2023,50N,2023-08-21,2023-08-24,3.0,10,75.43,15.72,crop_development_ridge,Crop development linear model,15.72,78.02381440286985,-62.30381440286985
2023,50N,2023-08-24,2023-08-27,3.0,2,15.72,45.12,crop_development_ridge,Crop development linear model,45.12,67.68864524008895,-22.568645240088948
2023,50N,2023-08-27,2023-08-31,4.0,7,45.12,52.75,crop_development_ridge,Crop development linear model,52.75,76.52495102223527,-23.77495102223527
2023,50N,2023-08-31,2023-09-05,5.0,7,52.75,55.04,crop_development_ridge,Crop development linear model,55.04,58.38677881187896,-3.3467788118789628
2023,50N,2023-09-05,2023-09-09,4.0,7,55.04,6.59,crop_development_ridge,Crop development linear model,6.59,37.38503000490627,-30.79503000490627
2023,50N,2023-09-09,2023-09-13,4.0,2,6.59,32.74,crop_development_ridge,Crop development linear model,32.74,49.768099095430486,-17.028099095430484
2023,50N,2023-09-13,2023-09-17,4.0,4,32.74,10.33,crop_development_ridge,Crop development linear model,10.33,63.55397258216473,-53.223972582164734
2023,50N,2023-09-17,2023-09-21,4.0,2,10.33,24.47,crop_development_ridge,Crop development linear model,24.47,63.262453110467824,-38.792453110467825
2023,50N,2023-09-21,2023-09-24,3.0,3,24.47,25.09,crop_development_ridge,Crop development linear model,25.09,61.07770581935385,-35.98770581935385
2023,50N,2023-09-24,2023-09-28,4.0,3,25.09,13.57,crop_development_ridge,Crop development linear model,13.57,56.63442186355557,-43.06442186355557
2023,0N,2023-07-29,2023-08-01,3.0,0,,18.56,crop_development_rf,Crop development random forest,18.56,22.77588807621845,-4.215888076218452
2023,0N,2023-08-01,2023-08-04,3.0,3,18.56,17.26,crop_development_rf,Crop development random forest,17.26,24.94372643502467,-7.683726435024667
2023,0N,2023-08-04,2023-08-07,3.0,2,17.26,22.56,crop_development_rf,Crop development random forest,22.56,19.71688169331214,2.8431183066878596
2023,0N,2023-08-07,2023-08-11,4.0,2,22.56,63.62,crop_development_rf,Crop development random forest,63.62,16.08627420028372,47.53372579971628
2023,0N,2023-08-11,2023-08-13,2.0,7,63.62,24.69,crop_development_rf,Crop development random forest,24.69,48.62526514392575,-23.93526514392575
2023,0N,2023-08-13,2023-08-17,4.0,5,24.69,32.81,crop_development_rf,Crop development random forest,32.81,30.03471156236607,2.7752884376339324
2023,0N,2023-08-17,2023-08-21,4.0,6,32.81,30.54,crop_development_rf,Crop development random forest,30.54,24.668398579878787,5.8716014201212126
2023,0N,2023-08-21,2023-08-24,3.0,5,30.54,9.12,crop_development_rf,Crop development random forest,9.12,31.687012855714542,-22.567012855714545
2023,0N,2023-08-24,2023-08-27,3.0,2,9.12,16.52,crop_development_rf,Crop development random forest,16.52,26.265876412991755,-9.745876412991755
2023,0N,2023-08-27,2023-08-31,4.0,2,16.52,32.98,crop_development_rf,Crop development random forest,32.98,18.827019849405563,14.152980150594434
2023,0N,2023-08-31,2023-09-05,5.0,5,32.98,19.45,crop_development_rf,Crop development random forest,19.45,18.086474077114122,1.3635259228858772
2023,0N,2023-09-05,2023-09-09,4.0,4,19.45,7.34,crop_development_rf,Crop development random forest,7.34,18.839877888892012,-11.499877888892012
2023,0N,2023-09-09,2023-09-13,4.0,1,7.34,7.4,crop_development_rf,Crop development random forest,7.4,20.611022850840396,-13.211022850840395
2023,0N,2023-09-13,2023-09-17,4.0,2,7.4,5.97,crop_development_rf,Crop development random forest,5.97,18.79127012370642,-12.82127012370642
2023,0N,2023-09-17,2023-09-21,4.0,2,5.97,0.0,crop_development_rf,Crop development random forest,0.0,19.738411779735575,-19.738411779735575
2023,0N,2023-09-21,2023-09-24,3.0,0,0.0,0.0,crop_development_rf,Crop development random forest,0.0,18.97481392476647,-18.97481392476647
2023,0N,2023-09-24,2023-09-28,4.0,0,0.0,7.99,crop_development_rf,Crop development random forest,7.99,20.082717601968895,-12.092717601968895
2023,100N,2023-08-01,2023-08-04,3.0,0,,12.16,crop_development_rf,Crop development random forest,12.16,46.556642360046084,-34.39664236004609
2023,100N,2023-08-04,2023-08-07,3.0,1,12.16,24.6,crop_development_rf,Crop development random forest,24.6,47.53731066208027,-22.93731066208027
2023,100N,2023-08-07,2023-08-11,4.0,2,24.6,65.32,crop_development_rf,Crop development random forest,65.32,35.55891980310953,29.76108019689046
2023,100N,2023-08-11,2023-08-13,2.0,6,65.32,69.62,crop_development_rf,Crop development random forest,69.62,64.71053530314457,4.909464696855437
2023,100N,2023-08-13,2023-08-17,4.0,9,69.62,71.03,crop_development_rf,Crop development random forest,71.03,74.46919812678807,-3.439198126788071
2023,100N,2023-08-17,2023-08-21,4.0,9,71.03,93.9,crop_development_rf,Crop development random forest,93.9,76.22528681758436,17.674713182415644
2023,100N,2023-08-21,2023-08-24,3.0,13,93.9,40.22,crop_development_rf,Crop development random forest,40.22,86.43914588489352,-46.21914588489352
2023,100N,2023-08-24,2023-08-27,3.0,6,40.22,50.09,crop_development_rf,Crop development random forest,50.09,48.23691369156204,1.853086308437966
2023,100N,2023-08-27,2023-08-31,4.0,7,50.09,56.04,crop_development_rf,Crop development random forest,56.04,46.40177260817348,9.638227391826518
2023,100N,2023-08-31,2023-09-05,5.0,7,56.04,91.04,crop_development_rf,Crop development random forest,91.04,52.181854418710415,38.85814558128959
2023,100N,2023-09-05,2023-09-09,4.0,10,91.04,12.27,crop_development_rf,Crop development random forest,12.27,76.53723426595981,-64.26723426595981
2023,100N,2023-09-09,2023-09-13,4.0,3,12.27,37.0,crop_development_rf,Crop development random forest,37.0,61.42982746177548,-24.42982746177548
2023,100N,2023-09-13,2023-09-17,4.0,5,37.0,13.71,crop_development_rf,Crop development random forest,13.71,57.64901036252674,-43.93901036252674
2023,100N,2023-09-17,2023-09-21,4.0,2,13.71,35.92,crop_development_rf,Crop development random forest,35.92,62.23462974467132,-26.314629744671315
2023,100N,2023-09-21,2023-09-24,3.0,4,35.92,10.14,crop_development_rf,Crop development random forest,10.14,44.98597630951548,-34.84597630951548
2023,100N,2023-09-24,2023-09-28,4.0,1,10.14,72.41,crop_development_rf,Crop development random forest,72.41,55.84108246591358,16.568917534086417
2023,150N,2023-08-07,2023-08-11,4.0,0,,34.02,crop_development_rf,Crop development random forest,34.02,35.75374416727479,-1.7337441672747858
2023,150N,2023-08-11,2023-08-13,2.0,4,34.02,97.47,crop_development_rf,Crop development random forest,97.47,47.5814358429983,49.888564157001696
2023,150N,2023-08-13,2023-08-17,4.0,9,97.47,90.22,crop_development_rf,Crop development random forest,90.22,73.73097672643156,16.489023273568435
2023,150N,2023-08-17,2023-08-21,4.0,12,90.22,82.8,crop_development_rf,Crop development random forest,82.8,72.99815772650877,9.801842273491232
2023,150N,2023-08-21,2023-08-24,3.0,12,82.8,53.65,crop_development_rf,Crop development random forest,53.65,90.02052758222231,-36.370527582222316
2023,150N,2023-08-24,2023-08-27,3.0,10,53.65,57.09,crop_development_rf,Crop development random forest,57.09,52.31473036282959,4.77526963717041
2023,150N,2023-08-27,2023-08-31,4.0,8,57.09,43.28,crop_development_rf,Crop development random forest,43.28,52.914634634730085,-9.634634634730084
2023,150N,2023-08-31,2023-09-05,5.0,6,43.28,7.33,crop_development_rf,Crop development random forest,7.33,49.104886192578824,-41.774886192578826
2023,150N,2023-09-05,2023-09-09,4.0,1,7.33,41.5,crop_development_rf,Crop development random forest,41.5,51.99998396094516,-10.499983960945158
2023,150N,2023-09-09,2023-09-13,4.0,4,41.5,17.68,crop_development_rf,Crop development random forest,17.68,55.04906913729665,-37.36906913729665
2023,150N,2023-09-13,2023-09-17,4.0,2,17.68,32.06,crop_development_rf,Crop development random forest,32.06,50.25433302294801,-18.19433302294801
2023,150N,2023-09-17,2023-09-21,4.0,3,32.06,30.71,crop_development_rf,Crop development random forest,30.71,49.90399749221349,-19.19399749221349
2023,150N,2023-09-21,2023-09-24,3.0,3,30.71,29.71,crop_development_rf,Crop development random forest,29.71,46.96660877159042,-17.25660877159042
2023,150N,2023-09-24,2023-09-28,4.0,3,29.71,41.26,crop_development_rf,Crop development random forest,41.26,50.431525255623846,-9.171525255623848
2023,50N,2023-07-29,2023-08-01,3.0,0,,10.56,crop_development_rf,Crop development random forest,10.56,36.51585640435416,-25.955856404354158
2023,50N,2023-08-01,2023-08-04,3.0,2,10.56,13.78,crop_development_rf,Crop development random forest,13.78,40.75196100966441,-26.971961009664412
2023,50N,2023-08-04,2023-08-07,3.0,1,13.78,37.65,crop_development_rf,Crop development random forest,37.65,41.74242885493316,-4.092428854933161
2023,50N,2023-08-07,2023-08-11,4.0,3,37.65,58.04,crop_development_rf,Crop development random forest,58.04,33.98676929560778,24.05323070439222
2023,50N,2023-08-11,2023-08-13,2.0,6,58.04,48.12,crop_development_rf,Crop development random forest,48.12,50.041957683157605,-1.9219576831576077
2023,50N,2023-08-13,2023-08-17,4.0,5,48.12,88.5,crop_development_rf,Crop development random forest,88.5,52.13651911264207,36.36348088735793
2023,50N,2023-08-17,2023-08-21,4.0,12,88.5,75.43,crop_development_rf,Crop development random forest,75.43,66.63908045701245,8.790919542987552
2023,50N,2023-08-21,2023-08-24,3.0,10,75.43,15.72,crop_development_rf,Crop development random forest,15.72,82.7379621948526,-67.0179621948526
2023,50N,2023-08-24,2023-08-27,3.0,2,15.72,45.12,crop_development_rf,Crop development random forest,45.12,48.702544282498856,-3.5825442824988585
2023,50N,2023-08-27,2023-08-31,4.0,7,45.12,52.75,crop_development_rf,Crop development random forest,52.75,48.75710396454599,3.9928960354540095
2023,50N,2023-08-31,2023-09-05,5.0,7,52.75,55.04,crop_development_rf,Crop development random forest,55.04,47.99874379579015,7.041256204209851
2023,50N,2023-09-05,2023-09-09,4.0,7,55.04,6.59,crop_development_rf,Crop development random forest,6.59,49.070548153865275,-42.48054815386527
2023,50N,2023-09-09,2023-09-13,4.0,2,6.59,32.74,crop_development_rf,Crop development random forest,32.74,60.79500732510987,-28.05500732510987
2023,50N,2023-09-13,2023-09-17,4.0,4,32.74,10.33,crop_development_rf,Crop development random forest,10.33,53.285914773559625,-42.95591477355963
2023,50N,2023-09-17,2023-09-21,4.0,2,10.33,24.47,crop_development_rf,Crop development random forest,24.47,56.10306411722413,-31.63306411722413
2023,50N,2023-09-21,2023-09-24,3.0,3,24.47,25.09,crop_development_rf,Crop development random forest,25.09,44.77963923970349,-19.689639239703492
2023,50N,2023-09-24,2023-09-28,4.0,3,25.09,13.57,crop_development_rf,Crop development random forest,13.57,50.88663370472104,-37.31663370472104
