year,current_observation_date,target_date,nitrogen_treatment,observed_next_fresh_matter_g,predicted_next_fresh_matter_g,error_g,absolute_error_g,model_id,model_label,model_type,n_model_features,n_training_rows
2023,2023-07-29,2023-08-01,0N,18.56,,,,M0,Persistence baseline,baseline_rule,1,79
2023,2023-07-29,2023-08-01,50N,10.56,,,,M0,Persistence baseline,baseline_rule,1,79
2023,2023-07-29,2023-08-01,0N,18.56,13.905625,-4.654374999999998,4.654374999999998,M0b,Treatment mean baseline,baseline_rule,1,79
2023,2023-07-29,2023-08-01,50N,10.56,49.820952380952384,39.26095238095238,39.26095238095238,M0b,Treatment mean baseline,baseline_rule,1,79
2023,2023-07-29,2023-08-01,0N,18.56,19.367511267510274,0.8075112675102751,0.8075112675102751,M1,Calendar + nitrogen RF,random_forest,3,79
2023,2023-07-29,2023-08-01,50N,10.56,30.514282640692624,19.954282640692625,19.954282640692625,M1,Calendar + nitrogen RF,random_forest,3,79
2023,2023-07-29,2023-08-01,0N,18.56,18.064366220945736,-0.49563377905426265,0.49563377905426265,M2,+ weather / GDD RF,random_forest,9,79
2023,2023-07-29,2023-08-01,50N,10.56,44.039259191946904,33.4792591919469,33.4792591919469,M2,+ weather / GDD RF,random_forest,9,79
2023,2023-07-29,2023-08-01,0N,18.56,15.682728318542575,-2.877271681457424,2.877271681457424,M3,+ leading crop indicators RF,random_forest,16,79
2023,2023-07-29,2023-08-01,50N,10.56,40.76774147778541,30.207741477785405,30.207741477785405,M3,+ leading crop indicators RF,random_forest,16,79
2023,2023-07-29,2023-08-01,0N,18.56,16.206867714008236,-2.3531322859917623,2.3531322859917623,M4,Compact crop/weather RF,random_forest,18,79
2023,2023-07-29,2023-08-01,50N,10.56,38.66787470190109,28.10787470190109,28.10787470190109,M4,Compact crop/weather RF,random_forest,18,79
2023,2023-07-29,2023-08-01,0N,18.56,17.098758157561413,-1.4612418424385858,1.4612418424385858,M5,Compact crop/weather + tagged-fruit RF,random_forest,23,79
2023,2023-07-29,2023-08-01,50N,10.56,41.55263422411522,30.992634224115214,30.992634224115214,M5,Compact crop/weather + tagged-fruit RF,random_forest,23,79
2023,2023-07-29,2023-08-01,0N,18.56,22.76167771605721,4.201677716057212,4.201677716057212,M6,Full raw RF reference,random_forest_reference,80,79
2023,2023-07-29,2023-08-01,50N,10.56,32.50956324550134,21.949563245501338,21.949563245501338,M6,Full raw RF reference,random_forest_reference,80,79
2023,2023-08-01,2023-08-04,0N,17.26,18.56,1.2999999999999972,1.2999999999999972,M0,Persistence baseline,baseline_rule,1,81
2023,2023-08-01,2023-08-04,100N,12.16,,,,M0,Persistence baseline,baseline_rule,1,81
2023,2023-08-01,2023-08-04,50N,13.78,10.56,-3.219999999999999,3.219999999999999,M0,Persistence baseline,baseline_rule,1,81
2023,2023-08-01,2023-08-04,0N,17.26,14.179411764705883,-3.080588235294119,3.080588235294119,M0b,Treatment mean baseline,baseline_rule,1,81
2023,2023-08-01,2023-08-04,100N,12.16,79.73872727272727,67.57872727272728,67.57872727272728,M0b,Treatment mean baseline,baseline_rule,1,81
2023,2023-08-01,2023-08-04,50N,13.78,48.03636363636363,34.25636363636363,34.25636363636363,M0b,Treatment mean baseline,baseline_rule,1,81
2023,2023-08-01,2023-08-04,0N,17.26,20.126227438616954,2.866227438616953,2.866227438616953,M1,Calendar + nitrogen RF,random_forest,3,81
2023,2023-08-01,2023-08-04,100N,12.16,52.83920347297144,40.67920347297144,40.67920347297144,M1,Calendar + nitrogen RF,random_forest,3,81
2023,2023-08-01,2023-08-04,50N,13.78,25.39424330402932,11.614243304029321,11.614243304029321,M1,Calendar + nitrogen RF,random_forest,3,81
2023,2023-08-01,2023-08-04,0N,17.26,18.408272097347126,1.1482720973471245,1.1482720973471245,M2,+ weather / GDD RF,random_forest,9,81
2023,2023-08-01,2023-08-04,100N,12.16,90.25230954256855,78.09230954256856,78.09230954256856,M2,+ weather / GDD RF,random_forest,9,81
2023,2023-08-01,2023-08-04,50N,13.78,32.90011531165894,19.120115311658942,19.120115311658942,M2,+ weather / GDD RF,random_forest,9,81
2023,2023-08-01,2023-08-04,0N,17.26,19.42732022716175,2.167320227161749,2.167320227161749,M3,+ leading crop indicators RF,random_forest,16,81
2023,2023-08-01,2023-08-04,100N,12.16,47.382755870030955,35.22275587003095,35.22275587003095,M3,+ leading crop indicators RF,random_forest,16,81
2023,2023-08-01,2023-08-04,50N,13.78,31.969183986603266,18.18918398660327,18.18918398660327,M3,+ leading crop indicators RF,random_forest,16,81
2023,2023-08-01,2023-08-04,0N,17.26,18.141873445054955,0.8818734450549535,0.8818734450549535,M4,Compact crop/weather RF,random_forest,18,81
2023,2023-08-01,2023-08-04,100N,12.16,33.45982792451456,21.299827924514563,21.299827924514563,M4,Compact crop/weather RF,random_forest,18,81
2023,2023-08-01,2023-08-04,50N,13.78,34.44563609813083,20.665636098130825,20.665636098130825,M4,Compact crop/weather RF,random_forest,18,81
2023,2023-08-01,2023-08-04,0N,17.26,18.548255996947507,1.2882559969475054,1.2882559969475054,M5,Compact crop/weather + tagged-fruit RF,random_forest,23,81
2023,2023-08-01,2023-08-04,100N,12.16,33.86391633228061,21.70391633228061,21.70391633228061,M5,Compact crop/weather + tagged-fruit RF,random_forest,23,81
2023,2023-08-01,2023-08-04,50N,13.78,35.67065014444822,21.890650144448216,21.890650144448216,M5,Compact crop/weather + tagged-fruit RF,random_forest,23,81
2023,2023-08-01,2023-08-04,0N,17.26,20.336712416320598,3.0767124163205963,3.0767124163205963,M6,Full raw RF reference,random_forest_reference,80,81
2023,2023-08-01,2023-08-04,100N,12.16,28.258246359037855,16.098246359037855,16.098246359037855,M6,Full raw RF reference,random_forest_reference,80,81
2023,2023-08-01,2023-08-04,50N,13.78,24.69418688097138,10.91418688097138,10.91418688097138,M6,Full raw RF reference,random_forest_reference,80,81
2023,2023-08-04,2023-08-07,0N,22.56,17.26,-5.299999999999997,5.299999999999997,M0,Persistence baseline,baseline_rule,1,84
2023,2023-08-04,2023-08-07,100N,24.6,12.16,-12.440000000000001,12.440000000000001,M0,Persistence baseline,baseline_rule,1,84
2023,2023-08-04,2023-08-07,50N,37.65,13.78,-23.869999999999997,23.869999999999997,M0,Persistence baseline,baseline_rule,1,84
2023,2023-08-04,2023-08-07,0N,22.56,14.350555555555555,-8.209444444444443,8.209444444444443,M0b,Treatment mean baseline,baseline_rule,1,84
2023,2023-08-04,2023-08-07,100N,24.6,76.80052173913043,52.20052173913043,52.20052173913043,M0b,Treatment mean baseline,baseline_rule,1,84
2023,2023-08-04,2023-08-07,50N,37.65,46.546956521739126,8.896956521739128,8.896956521739128,M0b,Treatment mean baseline,baseline_rule,1,84
2023,2023-08-04,2023-08-07,0N,22.56,20.80367285053836,-1.7563271494616401,1.7563271494616401,M1,Calendar + nitrogen RF,random_forest,3,84
2023,2023-08-04,2023-08-07,100N,24.6,40.50709526229326,15.90709526229326,15.90709526229326,M1,Calendar + nitrogen RF,random_forest,3,84
2023,2023-08-04,2023-08-07,50N,37.65,21.935963158230653,-15.714036841769346,15.714036841769346,M1,Calendar + nitrogen RF,random_forest,3,84
2023,2023-08-04,2023-08-07,0N,22.56,18.357384842990353,-4.202615157009646,4.202615157009646,M2,+ weather / GDD RF,random_forest,9,84
2023,2023-08-04,2023-08-07,100N,24.6,56.27648807647908,31.67648807647908,31.67648807647908,M2,+ weather / GDD RF,random_forest,9,84
2023,2023-08-04,2023-08-07,50N,37.65,21.12177052109002,-16.528229478909978,16.528229478909978,M2,+ weather / GDD RF,random_forest,9,84
2023,2023-08-04,2023-08-07,0N,22.56,21.426078745809757,-1.1339212541902413,1.1339212541902413,M3,+ leading crop indicators RF,random_forest,16,84
2023,2023-08-04,2023-08-07,100N,24.6,29.137829144215797,4.537829144215795,4.537829144215795,M3,+ leading crop indicators RF,random_forest,16,84
2023,2023-08-04,2023-08-07,50N,37.65,20.484237536963043,-17.165762463036955,17.165762463036955,M3,+ leading crop indicators RF,random_forest,16,84
2023,2023-08-04,2023-08-07,0N,22.56,21.554636244750103,-1.0053637552498955,1.0053637552498955,M4,Compact crop/weather RF,random_forest,18,84
2023,2023-08-04,2023-08-07,100N,24.6,25.29264095371949,0.69264095371949,0.69264095371949,M4,Compact crop/weather RF,random_forest,18,84
2023,2023-08-04,2023-08-07,50N,37.65,22.356448623537993,-15.293551376462005,15.293551376462005,M4,Compact crop/weather RF,random_forest,18,84
2023,2023-08-04,2023-08-07,0N,22.56,20.6316225945166,-1.928377405483399,1.928377405483399,M5,Compact crop/weather + tagged-fruit RF,random_forest,23,84
2023,2023-08-04,2023-08-07,100N,24.6,25.1720111075581,0.5720111075580974,0.5720111075580974,M5,Compact crop/weather + tagged-fruit RF,random_forest,23,84
2023,2023-08-04,2023-08-07,50N,37.65,22.149765154833045,-15.500234845166954,15.500234845166954,M5,Compact crop/weather + tagged-fruit RF,random_forest,23,84
2023,2023-08-04,2023-08-07,0N,22.56,17.289250483339643,-5.270749516660356,5.270749516660356,M6,Full raw RF reference,random_forest_reference,80,84
2023,2023-08-04,2023-08-07,100N,24.6,18.418928471969068,-6.181071528030934,6.181071528030934,M6,Full raw RF reference,random_forest_reference,80,84
2023,2023-08-04,2023-08-07,50N,37.65,16.846320591654933,-20.803679408345065,20.803679408345065,M6,Full raw RF reference,random_forest_reference,80,84
2023,2023-08-07,2023-08-11,0N,63.62,22.56,-41.06,41.06,M0,Persistence baseline,baseline_rule,1,87
2023,2023-08-07,2023-08-11,100N,65.32,24.6,-40.71999999999999,40.71999999999999,M0,Persistence baseline,baseline_rule,1,87
2023,2023-08-07,2023-08-11,150N,34.02,,,,M0,Persistence baseline,baseline_rule,1,87
2023,2023-08-07,2023-08-11,50N,58.04,37.65,-20.39,20.39,M0,Persistence baseline,baseline_rule,1,87
2023,2023-08-07,2023-08-11,0N,63.62,14.782631578947369,-48.83736842105263,48.83736842105263,M0b,Treatment mean baseline,baseline_rule,1,87
2023,2023-08-07,2023-08-11,100N,65.32,74.6255,9.30550000000001,9.30550000000001,M0b,Treatment mean baseline,baseline_rule,1,87
2023,2023-08-07,2023-08-11,150N,34.02,49.231,15.210999999999999,15.210999999999999,M0b,Treatment mean baseline,baseline_rule,1,87
2023,2023-08-07,2023-08-11,50N,58.04,46.17625,-11.863749999999996,11.863749999999996,M0b,Treatment mean baseline,baseline_rule,1,87
2023,2023-08-07,2023-08-11,0N,63.62,20.924080052503065,-42.69591994749693,42.69591994749693,M1,Calendar + nitrogen RF,random_forest,3,87
2023,2023-08-07,2023-08-11,100N,65.32,56.43448610844703,-8.88551389155296,8.88551389155296,M1,Calendar + nitrogen RF,random_forest,3,87
2023,2023-08-07,2023-08-11,150N,34.02,34.20812038172938,0.18812038172937662,0.18812038172937662,M1,Calendar + nitrogen RF,random_forest,3,87
2023,2023-08-07,2023-08-11,50N,58.04,31.738785800588314,-26.301214199411685,26.301214199411685,M1,Calendar + nitrogen RF,random_forest,3,87
2023,2023-08-07,2023-08-11,0N,63.62,20.442416509379527,-43.17758349062047,43.17758349062047,M2,+ weather / GDD RF,random_forest,9,87
2023,2023-08-07,2023-08-11,100N,65.32,55.00134282541898,-10.318657174581013,10.318657174581013,M2,+ weather / GDD RF,random_forest,9,87
2023,2023-08-07,2023-08-11,150N,34.02,31.785270461954738,-2.234729538045265,2.234729538045265,M2,+ weather / GDD RF,random_forest,9,87
2023,2023-08-07,2023-08-11,50N,58.04,26.772842579392833,-31.267157420607166,31.267157420607166,M2,+ weather / GDD RF,random_forest,9,87
2023,2023-08-07,2023-08-11,0N,63.62,19.86680851902505,-43.75319148097495,43.75319148097495,M3,+ leading crop indicators RF,random_forest,16,87
2023,2023-08-07,2023-08-11,100N,65.32,32.89573574190188,-32.42426425809811,32.42426425809811,M3,+ leading crop indicators RF,random_forest,16,87
2023,2023-08-07,2023-08-11,150N,34.02,26.561389546640527,-7.458610453359476,7.458610453359476,M3,+ leading crop indicators RF,random_forest,16,87
2023,2023-08-07,2023-08-11,50N,58.04,24.850125308811137,-33.18987469118886,33.18987469118886,M3,+ leading crop indicators RF,random_forest,16,87
2023,2023-08-07,2023-08-11,0N,63.62,20.000225685080814,-43.619774314919184,43.619774314919184,M4,Compact crop/weather RF,random_forest,18,87
2023,2023-08-07,2023-08-11,100N,65.32,29.90743823554554,-35.41256176445445,35.41256176445445,M4,Compact crop/weather RF,random_forest,18,87
2023,2023-08-07,2023-08-11,150N,34.02,24.909233805386304,-9.1107661946137,9.1107661946137,M4,Compact crop/weather RF,random_forest,18,87
2023,2023-08-07,2023-08-11,50N,58.04,26.19685763813208,-31.84314236186792,31.84314236186792,M4,Compact crop/weather RF,random_forest,18,87
2023,2023-08-07,2023-08-11,0N,63.62,18.511632132437196,-45.108367867562805,45.108367867562805,M5,Compact crop/weather + tagged-fruit RF,random_forest,23,87
2023,2023-08-07,2023-08-11,100N,65.32,27.06519634790826,-38.25480365209174,38.25480365209174,M5,Compact crop/weather + tagged-fruit RF,random_forest,23,87
2023,2023-08-07,2023-08-11,150N,34.02,23.41401052573452,-10.605989474265485,10.605989474265485,M5,Compact crop/weather + tagged-fruit RF,random_forest,23,87
2023,2023-08-07,2023-08-11,50N,58.04,24.115256482489382,-33.92474351751062,33.92474351751062,M5,Compact crop/weather + tagged-fruit RF,random_forest,23,87
2023,2023-08-07,2023-08-11,0N,63.62,22.374044172242822,-41.24595582775717,41.24595582775717,M6,Full raw RF reference,random_forest_reference,80,87
2023,2023-08-07,2023-08-11,100N,65.32,25.33063231383992,-39.98936768616007,39.98936768616007,M6,Full raw RF reference,random_forest_reference,80,87
2023,2023-08-07,2023-08-11,150N,34.02,24.1872900147162,-9.832709985283802,9.832709985283802,M6,Full raw RF reference,random_forest_reference,80,87
2023,2023-08-07,2023-08-11,50N,58.04,24.88351024889178,-33.15648975110822,33.15648975110822,M6,Full raw RF reference,random_forest_reference,80,87
2023,2023-08-11,2023-08-13,0N,24.69,63.62,38.92999999999999,38.92999999999999,M0,Persistence baseline,baseline_rule,1,91
2023,2023-08-11,2023-08-13,100N,69.62,65.32,-4.300000000000011,4.300000000000011,M0,Persistence baseline,baseline_rule,1,91
2023,2023-08-11,2023-08-13,150N,97.47,34.02,-63.449999999999996,63.449999999999996,M0,Persistence baseline,baseline_rule,1,91
2023,2023-08-11,2023-08-13,50N,48.12,58.04,9.920000000000002,9.920000000000002,M0,Persistence baseline,baseline_rule,1,91
2023,2023-08-11,2023-08-13,0N,24.69,17.2245,-7.465500000000002,7.465500000000002,M0b,Treatment mean baseline,baseline_rule,1,91
2023,2023-08-11,2023-08-13,100N,69.62,74.25328,4.633279999999999,4.633279999999999,M0b,Treatment mean baseline,baseline_rule,1,91
2023,2023-08-11,2023-08-13,150N,97.47,48.50666666666667,-48.96333333333333,48.96333333333333,M0b,Treatment mean baseline,baseline_rule,1,91
2023,2023-08-11,2023-08-13,50N,48.12,46.6508,-1.4692000000000007,1.4692000000000007,M0b,Treatment mean baseline,baseline_rule,1,91
2023,2023-08-11,2023-08-13,0N,24.69,27.964065337384845,3.274065337384844,3.274065337384844,M1,Calendar + nitrogen RF,random_forest,3,91
2023,2023-08-11,2023-08-13,100N,69.62,65.34280117377064,-4.277198826229366,4.277198826229366,M1,Calendar + nitrogen RF,random_forest,3,91
2023,2023-08-11,2023-08-13,150N,97.47,41.008949612175435,-56.461050387824564,56.461050387824564,M1,Calendar + nitrogen RF,random_forest,3,91
2023,2023-08-11,2023-08-13,50N,48.12,38.52906477873107,-9.590935221268929,9.590935221268929,M1,Calendar + nitrogen RF,random_forest,3,91
2023,2023-08-11,2023-08-13,0N,24.69,23.52471753268953,-1.1652824673104725,1.1652824673104725,M2,+ weather / GDD RF,random_forest,9,91
2023,2023-08-11,2023-08-13,100N,69.62,64.2358917384282,-5.384108261571811,5.384108261571811,M2,+ weather / GDD RF,random_forest,9,91
2023,2023-08-11,2023-08-13,150N,97.47,43.32551591966669,-54.14448408033331,54.14448408033331,M2,+ weather / GDD RF,random_forest,9,91
2023,2023-08-11,2023-08-13,50N,48.12,40.60348565880989,-7.51651434119011,7.51651434119011,M2,+ weather / GDD RF,random_forest,9,91
2023,2023-08-11,2023-08-13,0N,24.69,36.81336465688554,12.123364656885538,12.123364656885538,M3,+ leading crop indicators RF,random_forest,16,91
2023,2023-08-11,2023-08-13,100N,69.62,55.2234800395345,-14.396519960465504,14.396519960465504,M3,+ leading crop indicators RF,random_forest,16,91
2023,2023-08-11,2023-08-13,150N,97.47,37.456530141997554,-60.013469858002445,60.013469858002445,M3,+ leading crop indicators RF,random_forest,16,91
2023,2023-08-11,2023-08-13,50N,48.12,43.629846133264756,-4.490153866735241,4.490153866735241,M3,+ leading crop indicators RF,random_forest,16,91
2023,2023-08-11,2023-08-13,0N,24.69,63.21202348772336,38.52202348772336,38.52202348772336,M4,Compact crop/weather RF,random_forest,18,91
2023,2023-08-11,2023-08-13,100N,69.62,74.56420957056277,4.944209570562762,4.944209570562762,M4,Compact crop/weather RF,random_forest,18,91
2023,2023-08-11,2023-08-13,150N,97.47,34.29254009883554,-63.17745990116446,63.17745990116446,M4,Compact crop/weather RF,random_forest,18,91
2023,2023-08-11,2023-08-13,50N,48.12,48.36550437971498,0.24550437971497985,0.24550437971497985,M4,Compact crop/weather RF,random_forest,18,91
2023,2023-08-11,2023-08-13,0N,24.69,62.46314920674468,37.77314920674468,37.77314920674468,M5,Compact crop/weather + tagged-fruit RF,random_forest,23,91
2023,2023-08-11,2023-08-13,100N,69.62,72.88090579205237,3.2609057920523696,3.2609057920523696,M5,Compact crop/weather + tagged-fruit RF,random_forest,23,91
2023,2023-08-11,2023-08-13,150N,97.47,35.50368149988751,-61.966318500112486,61.966318500112486,M5,Compact crop/weather + tagged-fruit RF,random_forest,23,91
2023,2023-08-11,2023-08-13,50N,48.12,47.33677174629816,-0.7832282537018358,0.7832282537018358,M5,Compact crop/weather + tagged-fruit RF,random_forest,23,91
2023,2023-08-11,2023-08-13,0N,24.69,42.66417096322024,17.974170963220242,17.974170963220242,M6,Full raw RF reference,random_forest_reference,80,91
2023,2023-08-11,2023-08-13,100N,69.62,50.63534228366161,-18.984657716338397,18.984657716338397,M6,Full raw RF reference,random_forest_reference,80,91
2023,2023-08-11,2023-08-13,150N,97.47,31.853997368809043,-65.61600263119095,65.61600263119095,M6,Full raw RF reference,random_forest_reference,80,91
2023,2023-08-11,2023-08-13,50N,48.12,40.7022911559807,-7.417708844019295,7.417708844019295,M6,Full raw RF reference,random_forest_reference,80,91
2023,2023-08-13,2023-08-17,0N,32.81,24.69,-8.120000000000001,8.120000000000001,M0,Persistence baseline,baseline_rule,1,95
2023,2023-08-13,2023-08-17,100N,71.03,69.62,-1.4099999999999966,1.4099999999999966,M0,Persistence baseline,baseline_rule,1,95
2023,2023-08-13,2023-08-17,150N,90.22,97.47,7.25,7.25,M0,Persistence baseline,baseline_rule,1,95
2023,2023-08-13,2023-08-17,50N,88.5,48.12,-40.38,40.38,M0,Persistence baseline,baseline_rule,1,95
2023,2023-08-13,2023-08-17,0N,32.81,17.580000000000002,-15.23,15.23,M0b,Treatment mean baseline,baseline_rule,1,95
2023,2023-08-13,2023-08-17,100N,71.03,74.07507692307692,3.0450769230769197,3.0450769230769197,M0b,Treatment mean baseline,baseline_rule,1,95
2023,2023-08-13,2023-08-17,150N,90.22,50.73227272727272,-39.48772727272728,39.48772727272728,M0b,Treatment mean baseline,baseline_rule,1,95
2023,2023-08-13,2023-08-17,50N,88.5,46.70730769230769,-41.79269230769231,41.79269230769231,M0b,Treatment mean baseline,baseline_rule,1,95
2023,2023-08-13,2023-08-17,0N,32.81,28.007210382173373,-4.80278961782663,4.80278961782663,M1,Calendar + nitrogen RF,random_forest,3,95
2023,2023-08-13,2023-08-17,100N,71.03,91.29509722818939,20.26509722818939,20.26509722818939,M1,Calendar + nitrogen RF,random_forest,3,95
2023,2023-08-13,2023-08-17,150N,90.22,54.039337052556036,-36.18066294744396,36.18066294744396,M1,Calendar + nitrogen RF,random_forest,3,95
2023,2023-08-13,2023-08-17,50N,88.5,51.29981939173812,-37.20018060826188,37.20018060826188,M1,Calendar + nitrogen RF,random_forest,3,95
2023,2023-08-13,2023-08-17,0N,32.81,25.480428788443433,-7.329571211556569,7.329571211556569,M2,+ weather / GDD RF,random_forest,9,95
2023,2023-08-13,2023-08-17,100N,71.03,94.52065766644468,23.490657666444676,23.490657666444676,M2,+ weather / GDD RF,random_forest,9,95
2023,2023-08-13,2023-08-17,150N,90.22,65.6275997007256,-24.592400299274402,24.592400299274402,M2,+ weather / GDD RF,random_forest,9,95
2023,2023-08-13,2023-08-17,50N,88.5,59.176568149926354,-29.323431850073646,29.323431850073646,M2,+ weather / GDD RF,random_forest,9,95
2023,2023-08-13,2023-08-17,0N,32.81,29.986744330568108,-2.8232556694318944,2.8232556694318944,M3,+ leading crop indicators RF,random_forest,16,95
2023,2023-08-13,2023-08-17,100N,71.03,75.9633059556084,4.933305955608404,4.933305955608404,M3,+ leading crop indicators RF,random_forest,16,95
2023,2023-08-13,2023-08-17,150N,90.22,62.72591476779337,-27.49408523220663,27.49408523220663,M3,+ leading crop indicators RF,random_forest,16,95
2023,2023-08-13,2023-08-17,50N,88.5,54.54029482754654,-33.95970517245346,33.95970517245346,M3,+ leading crop indicators RF,random_forest,16,95
2023,2023-08-13,2023-08-17,0N,32.81,29.99394087203951,-2.816059127960493,2.816059127960493,M4,Compact crop/weather RF,random_forest,18,95
2023,2023-08-13,2023-08-17,100N,71.03,85.61784119557315,14.587841195573148,14.587841195573148,M4,Compact crop/weather RF,random_forest,18,95
2023,2023-08-13,2023-08-17,150N,90.22,71.4832137914577,-18.7367862085423,18.7367862085423,M4,Compact crop/weather RF,random_forest,18,95
2023,2023-08-13,2023-08-17,50N,88.5,48.8465211656023,-39.6534788343977,39.6534788343977,M4,Compact crop/weather RF,random_forest,18,95
2023,2023-08-13,2023-08-17,0N,32.81,30.63168104590921,-2.1783189540907912,2.1783189540907912,M5,Compact crop/weather + tagged-fruit RF,random_forest,23,95
2023,2023-08-13,2023-08-17,100N,71.03,88.41357260683735,17.383572606837348,17.383572606837348,M5,Compact crop/weather + tagged-fruit RF,random_forest,23,95
2023,2023-08-13,2023-08-17,150N,90.22,74.70239333217577,-15.517606667824225,15.517606667824225,M5,Compact crop/weather + tagged-fruit RF,random_forest,23,95
2023,2023-08-13,2023-08-17,50N,88.5,50.22112951611346,-38.27887048388654,38.27887048388654,M5,Compact crop/weather + tagged-fruit RF,random_forest,23,95
2023,2023-08-13,2023-08-17,0N,32.81,34.68412337014316,1.8741233701431597,1.8741233701431597,M6,Full raw RF reference,random_forest_reference,80,95
2023,2023-08-13,2023-08-17,100N,71.03,61.37272918669945,-9.65727081330055,9.65727081330055,M6,Full raw RF reference,random_forest_reference,80,95
2023,2023-08-13,2023-08-17,150N,90.22,60.30597141426262,-29.914028585737377,29.914028585737377,M6,Full raw RF reference,random_forest_reference,80,95
2023,2023-08-13,2023-08-17,50N,88.5,52.75628506539685,-35.74371493460315,35.74371493460315,M6,Full raw RF reference,random_forest_reference,80,95
2023,2023-08-17,2023-08-21,0N,30.54,32.81,2.270000000000003,2.270000000000003,M0,Persistence baseline,baseline_rule,1,99
2023,2023-08-17,2023-08-21,100N,93.9,71.03,-22.870000000000005,22.870000000000005,M0,Persistence baseline,baseline_rule,1,99
2023,2023-08-17,2023-08-21,150N,82.8,90.22,7.420000000000002,7.420000000000002,M0,Persistence baseline,baseline_rule,1,99
2023,2023-08-17,2023-08-21,50N,75.43,88.5,13.069999999999993,13.069999999999993,M0,Persistence baseline,baseline_rule,1,99
2023,2023-08-17,2023-08-21,0N,30.54,18.27227272727273,-12.26772727272727,12.26772727272727,M0b,Treatment mean baseline,baseline_rule,1,99
2023,2023-08-17,2023-08-21,100N,93.9,73.9622962962963,-19.937703703703704,19.937703703703704,M0b,Treatment mean baseline,baseline_rule,1,99
2023,2023-08-17,2023-08-21,150N,82.8,52.4491304347826,-30.350869565217394,30.350869565217394,M0b,Treatment mean baseline,baseline_rule,1,99
2023,2023-08-17,2023-08-21,50N,75.43,48.255185185185184,-27.174814814814823,27.174814814814823,M0b,Treatment mean baseline,baseline_rule,1,99
2023,2023-08-17,2023-08-21,0N,30.54,18.513648426850928,-12.026351573149071,12.026351573149071,M1,Calendar + nitrogen RF,random_forest,3,99
2023,2023-08-17,2023-08-21,100N,93.9,88.56482162332667,-5.3351783766733405,5.3351783766733405,M1,Calendar + nitrogen RF,random_forest,3,99
2023,2023-08-17,2023-08-21,150N,82.8,64.06472946112405,-18.73527053887595,18.73527053887595,M1,Calendar + nitrogen RF,random_forest,3,99
2023,2023-08-17,2023-08-21,50N,75.43,61.7731445611694,-13.656855438830604,13.656855438830604,M1,Calendar + nitrogen RF,random_forest,3,99
2023,2023-08-17,2023-08-21,0N,30.54,26.358896172438648,-4.181103827561351,4.181103827561351,M2,+ weather / GDD RF,random_forest,9,99
2023,2023-08-17,2023-08-21,100N,93.9,108.85787639983162,14.957876399831619,14.957876399831619,M2,+ weather / GDD RF,random_forest,9,99
2023,2023-08-17,2023-08-21,150N,82.8,58.399089065919355,-24.400910934080642,24.400910934080642,M2,+ weather / GDD RF,random_forest,9,99
2023,2023-08-17,2023-08-21,50N,75.43,57.92170810762351,-17.508291892376498,17.508291892376498,M2,+ weather / GDD RF,random_forest,9,99
2023,2023-08-17,2023-08-21,0N,30.54,33.39989533912242,2.859895339122424,2.859895339122424,M3,+ leading crop indicators RF,random_forest,16,99
2023,2023-08-17,2023-08-21,100N,93.9,82.11384366137938,-11.786156338620629,11.786156338620629,M3,+ leading crop indicators RF,random_forest,16,99
2023,2023-08-17,2023-08-21,150N,82.8,72.6049723131489,-10.195027686851091,10.195027686851091,M3,+ leading crop indicators RF,random_forest,16,99
2023,2023-08-17,2023-08-21,50N,75.43,68.70977198235195,-6.720228017648054,6.720228017648054,M3,+ leading crop indicators RF,random_forest,16,99
2023,2023-08-17,2023-08-21,0N,30.54,31.10338109247191,0.5633810924719107,0.5633810924719107,M4,Compact crop/weather RF,random_forest,18,99
2023,2023-08-17,2023-08-21,100N,93.9,95.90456259046283,2.0045625904628253,2.0045625904628253,M4,Compact crop/weather RF,random_forest,18,99
2023,2023-08-17,2023-08-21,150N,82.8,89.46240572304816,6.662405723048167,6.662405723048167,M4,Compact crop/weather RF,random_forest,18,99
2023,2023-08-17,2023-08-21,50N,75.43,68.68063806892307,-6.749361931076933,6.749361931076933,M4,Compact crop/weather RF,random_forest,18,99
2023,2023-08-17,2023-08-21,0N,30.54,28.043138230594383,-2.4968617694056157,2.4968617694056157,M5,Compact crop/weather + tagged-fruit RF,random_forest,23,99
2023,2023-08-17,2023-08-21,100N,93.9,98.97917442282282,5.079174422822817,5.079174422822817,M5,Compact crop/weather + tagged-fruit RF,random_forest,23,99
2023,2023-08-17,2023-08-21,150N,82.8,91.36877864637422,8.568778646374227,8.568778646374227,M5,Compact crop/weather + tagged-fruit RF,random_forest,23,99
2023,2023-08-17,2023-08-21,50N,75.43,76.43677462991147,1.0067746299114617,1.0067746299114617,M5,Compact crop/weather + tagged-fruit RF,random_forest,23,99
2023,2023-08-17,2023-08-21,0N,30.54,29.71527206904433,-0.8247279309556674,0.8247279309556674,M6,Full raw RF reference,random_forest_reference,80,99
2023,2023-08-17,2023-08-21,100N,93.9,66.77384862509477,-27.126151374905234,27.126151374905234,M6,Full raw RF reference,random_forest_reference,80,99
2023,2023-08-17,2023-08-21,150N,82.8,66.07649142963496,-16.72350857036504,16.72350857036504,M6,Full raw RF reference,random_forest_reference,80,99
2023,2023-08-17,2023-08-21,50N,75.43,63.153454358588505,-12.276545641411502,12.276545641411502,M6,Full raw RF reference,random_forest_reference,80,99
2023,2023-08-21,2023-08-24,0N,9.12,30.54,21.42,21.42,M0,Persistence baseline,baseline_rule,1,103
2023,2023-08-21,2023-08-24,100N,40.22,93.9,53.68000000000001,53.68000000000001,M0,Persistence baseline,baseline_rule,1,103
2023,2023-08-21,2023-08-24,150N,53.65,82.8,29.15,29.15,M0,Persistence baseline,baseline_rule,1,103
2023,2023-08-21,2023-08-24,50N,15.72,75.43,59.71000000000001,59.71000000000001,M0,Persistence baseline,baseline_rule,1,103
2023,2023-08-21,2023-08-24,0N,9.12,18.805652173913042,9.685652173913043,9.685652173913043,M0b,Treatment mean baseline,baseline_rule,1,103
2023,2023-08-21,2023-08-24,100N,40.22,74.67435714285715,34.45435714285715,34.45435714285715,M0b,Treatment mean baseline,baseline_rule,1,103
2023,2023-08-21,2023-08-24,150N,53.65,53.713750000000005,0.06375000000000597,0.06375000000000597,M0b,Treatment mean baseline,baseline_rule,1,103
2023,2023-08-21,2023-08-24,50N,15.72,49.22571428571428,33.505714285714284,33.505714285714284,M0b,Treatment mean baseline,baseline_rule,1,103
2023,2023-08-21,2023-08-24,0N,9.12,20.68572069913419,11.565720699134191,11.565720699134191,M1,Calendar + nitrogen RF,random_forest,3,103
2023,2023-08-21,2023-08-24,100N,40.22,90.68623690477841,50.46623690477841,50.46623690477841,M1,Calendar + nitrogen RF,random_forest,3,103
2023,2023-08-21,2023-08-24,150N,53.65,65.811801460125,12.161801460124998,12.161801460124998,M1,Calendar + nitrogen RF,random_forest,3,103
2023,2023-08-21,2023-08-24,50N,15.72,57.29955623791168,41.57955623791168,41.57955623791168,M1,Calendar + nitrogen RF,random_forest,3,103
2023,2023-08-21,2023-08-24,0N,9.12,21.476603420856915,12.356603420856915,12.356603420856915,M2,+ weather / GDD RF,random_forest,9,103
2023,2023-08-21,2023-08-24,100N,40.22,87.32657732452076,47.10657732452076,47.10657732452076,M2,+ weather / GDD RF,random_forest,9,103
2023,2023-08-21,2023-08-24,150N,53.65,72.11183321287294,18.46183321287294,18.46183321287294,M2,+ weather / GDD RF,random_forest,9,103
2023,2023-08-21,2023-08-24,50N,15.72,68.28856243560905,52.56856243560905,52.56856243560905,M2,+ weather / GDD RF,random_forest,9,103
2023,2023-08-21,2023-08-24,0N,9.12,25.862405391340484,16.742405391340483,16.742405391340483,M3,+ leading crop indicators RF,random_forest,16,103
2023,2023-08-21,2023-08-24,100N,40.22,77.19448816379773,36.97448816379773,36.97448816379773,M3,+ leading crop indicators RF,random_forest,16,103
2023,2023-08-21,2023-08-24,150N,53.65,75.09015651929857,21.440156519298576,21.440156519298576,M3,+ leading crop indicators RF,random_forest,16,103
2023,2023-08-21,2023-08-24,50N,15.72,73.8174438749502,58.0974438749502,58.0974438749502,M3,+ leading crop indicators RF,random_forest,16,103
2023,2023-08-21,2023-08-24,0N,9.12,25.460870732182546,16.340870732182545,16.340870732182545,M4,Compact crop/weather RF,random_forest,18,103
2023,2023-08-21,2023-08-24,100N,40.22,73.85859127359073,33.638591273590734,33.638591273590734,M4,Compact crop/weather RF,random_forest,18,103
2023,2023-08-21,2023-08-24,150N,53.65,83.67387809504513,30.023878095045127,30.023878095045127,M4,Compact crop/weather RF,random_forest,18,103
2023,2023-08-21,2023-08-24,50N,15.72,88.45328951127765,72.73328951127765,72.73328951127765,M4,Compact crop/weather RF,random_forest,18,103
2023,2023-08-21,2023-08-24,0N,9.12,25.339418204124712,16.219418204124715,16.219418204124715,M5,Compact crop/weather + tagged-fruit RF,random_forest,23,103
2023,2023-08-21,2023-08-24,100N,40.22,79.28399993822597,39.063999938225976,39.063999938225976,M5,Compact crop/weather + tagged-fruit RF,random_forest,23,103
2023,2023-08-21,2023-08-24,150N,53.65,87.45323298979079,33.80323298979079,33.80323298979079,M5,Compact crop/weather + tagged-fruit RF,random_forest,23,103
2023,2023-08-21,2023-08-24,50N,15.72,90.88937920421954,75.16937920421954,75.16937920421954,M5,Compact crop/weather + tagged-fruit RF,random_forest,23,103
2023,2023-08-21,2023-08-24,0N,9.12,30.190914488650833,21.070914488650835,21.070914488650835,M6,Full raw RF reference,random_forest_reference,80,103
2023,2023-08-21,2023-08-24,100N,40.22,76.83562542039654,36.61562542039654,36.61562542039654,M6,Full raw RF reference,random_forest_reference,80,103
2023,2023-08-21,2023-08-24,150N,53.65,80.95623227413041,27.306232274130416,27.306232274130416,M6,Full raw RF reference,random_forest_reference,80,103
2023,2023-08-21,2023-08-24,50N,15.72,82.53509453546897,66.81509453546897,66.81509453546897,M6,Full raw RF reference,random_forest_reference,80,103
2023,2023-08-24,2023-08-27,0N,16.52,9.12,-7.4,7.4,M0,Persistence baseline,baseline_rule,1,107
2023,2023-08-24,2023-08-27,100N,50.09,40.22,-9.870000000000005,9.870000000000005,M0,Persistence baseline,baseline_rule,1,107
2023,2023-08-24,2023-08-27,150N,57.09,53.65,-3.440000000000005,3.440000000000005,M0,Persistence baseline,baseline_rule,1,107
2023,2023-08-24,2023-08-27,50N,45.12,15.72,-29.4,29.4,M0,Persistence baseline,baseline_rule,1,107
2023,2023-08-24,2023-08-27,0N,16.52,18.402083333333334,1.882083333333334,1.882083333333334,M0b,Treatment mean baseline,baseline_rule,1,107
2023,2023-08-24,2023-08-27,100N,50.09,73.48627586206896,23.39627586206896,23.39627586206896,M0b,Treatment mean baseline,baseline_rule,1,107
2023,2023-08-24,2023-08-27,150N,57.09,53.7112,-3.3788000000000054,3.3788000000000054,M0b,Treatment mean baseline,baseline_rule,1,107
2023,2023-08-24,2023-08-27,50N,45.12,48.070344827586204,2.950344827586207,2.950344827586207,M0b,Treatment mean baseline,baseline_rule,1,107
2023,2023-08-24,2023-08-27,0N,16.52,11.465224561993562,-5.054775438006438,5.054775438006438,M1,Calendar + nitrogen RF,random_forest,3,107
2023,2023-08-24,2023-08-27,100N,50.09,79.8964921275408,29.806492127540793,29.806492127540793,M1,Calendar + nitrogen RF,random_forest,3,107
2023,2023-08-24,2023-08-27,150N,57.09,58.60531074298215,1.5153107429821446,1.5153107429821446,M1,Calendar + nitrogen RF,random_forest,3,107
2023,2023-08-24,2023-08-27,50N,45.12,45.43183610689931,0.31183610689931385,0.31183610689931385,M1,Calendar + nitrogen RF,random_forest,3,107
2023,2023-08-24,2023-08-27,0N,16.52,14.96694142346543,-1.5530585765345695,1.5530585765345695,M2,+ weather / GDD RF,random_forest,9,107
2023,2023-08-24,2023-08-27,100N,50.09,57.657960020580454,7.5679600205804505,7.5679600205804505,M2,+ weather / GDD RF,random_forest,9,107
2023,2023-08-24,2023-08-27,150N,57.09,45.16824206302294,-11.921757936977066,11.921757936977066,M2,+ weather / GDD RF,random_forest,9,107
2023,2023-08-24,2023-08-27,50N,45.12,39.15658688675184,-5.9634131132481585,5.9634131132481585,M2,+ weather / GDD RF,random_forest,9,107
2023,2023-08-24,2023-08-27,0N,16.52,20.510439735291428,3.990439735291428,3.990439735291428,M3,+ leading crop indicators RF,random_forest,16,107
2023,2023-08-24,2023-08-27,100N,50.09,43.76549911861644,-6.324500881383564,6.324500881383564,M3,+ leading crop indicators RF,random_forest,16,107
2023,2023-08-24,2023-08-27,150N,57.09,43.67579171922718,-13.414208280772826,13.414208280772826,M3,+ leading crop indicators RF,random_forest,16,107
2023,2023-08-24,2023-08-27,50N,45.12,35.48316451435696,-9.63683548564304,9.63683548564304,M3,+ leading crop indicators RF,random_forest,16,107
2023,2023-08-24,2023-08-27,0N,16.52,21.73514950619911,5.215149506199111,5.215149506199111,M4,Compact crop/weather RF,random_forest,18,107
2023,2023-08-24,2023-08-27,100N,50.09,32.969113294627846,-17.120886705372158,17.120886705372158,M4,Compact crop/weather RF,random_forest,18,107
2023,2023-08-24,2023-08-27,150N,57.09,35.00417306301804,-22.085826936981967,22.085826936981967,M4,Compact crop/weather RF,random_forest,18,107
2023,2023-08-24,2023-08-27,50N,45.12,35.08712121579932,-10.032878784200676,10.032878784200676,M4,Compact crop/weather RF,random_forest,18,107
2023,2023-08-24,2023-08-27,0N,16.52,20.254445823905066,3.734445823905066,3.734445823905066,M5,Compact crop/weather + tagged-fruit RF,random_forest,23,107
2023,2023-08-24,2023-08-27,100N,50.09,36.22292384660735,-13.867076153392652,13.867076153392652,M5,Compact crop/weather + tagged-fruit RF,random_forest,23,107
2023,2023-08-24,2023-08-27,150N,57.09,36.34868354452164,-20.741316455478362,20.741316455478362,M5,Compact crop/weather + tagged-fruit RF,random_forest,23,107
2023,2023-08-24,2023-08-27,50N,45.12,37.1075120533826,-8.012487946617398,8.012487946617398,M5,Compact crop/weather + tagged-fruit RF,random_forest,23,107
2023,2023-08-24,2023-08-27,0N,16.52,21.882647457095057,5.362647457095058,5.362647457095058,M6,Full raw RF reference,random_forest_reference,80,107
2023,2023-08-24,2023-08-27,100N,50.09,39.9605935705416,-10.129406429458406,10.129406429458406,M6,Full raw RF reference,random_forest_reference,80,107
2023,2023-08-24,2023-08-27,150N,57.09,43.18990086689865,-13.900099133101357,13.900099133101357,M6,Full raw RF reference,random_forest_reference,80,107
2023,2023-08-24,2023-08-27,50N,45.12,40.006987695307124,-5.113012304692873,5.113012304692873,M6,Full raw RF reference,random_forest_reference,80,107
2023,2023-08-27,2023-08-31,0N,32.98,16.52,-16.459999999999997,16.459999999999997,M0,Persistence baseline,baseline_rule,1,111
2023,2023-08-27,2023-08-31,100N,56.04,50.09,-5.949999999999996,5.949999999999996,M0,Persistence baseline,baseline_rule,1,111
2023,2023-08-27,2023-08-31,150N,43.28,57.09,13.810000000000002,13.810000000000002,M0,Persistence baseline,baseline_rule,1,111
2023,2023-08-27,2023-08-31,50N,52.75,45.12,-7.630000000000003,7.630000000000003,M0,Persistence baseline,baseline_rule,1,111
2023,2023-08-27,2023-08-31,0N,32.98,18.326800000000002,-14.653199999999995,14.653199999999995,M0b,Treatment mean baseline,baseline_rule,1,111
2023,2023-08-27,2023-08-31,100N,56.04,72.7064,16.666400000000003,16.666400000000003,M0b,Treatment mean baseline,baseline_rule,1,111
2023,2023-08-27,2023-08-31,150N,43.28,53.841153846153844,10.561153846153843,10.561153846153843,M0b,Treatment mean baseline,baseline_rule,1,111
2023,2023-08-27,2023-08-31,50N,52.75,47.972,-4.777999999999999,4.777999999999999,M0b,Treatment mean baseline,baseline_rule,1,111
2023,2023-08-27,2023-08-31,0N,32.98,13.843273212842718,-19.13672678715728,19.13672678715728,M1,Calendar + nitrogen RF,random_forest,3,111
2023,2023-08-27,2023-08-31,100N,56.04,110.45372149669433,54.41372149669433,54.41372149669433,M1,Calendar + nitrogen RF,random_forest,3,111
2023,2023-08-27,2023-08-31,150N,43.28,68.63858614101707,25.35858614101707,25.35858614101707,M1,Calendar + nitrogen RF,random_forest,3,111
2023,2023-08-27,2023-08-31,50N,52.75,68.77588687338155,16.025886873381552,16.025886873381552,M1,Calendar + nitrogen RF,random_forest,3,111
2023,2023-08-27,2023-08-31,0N,32.98,17.120082016483515,-15.859917983516482,15.859917983516482,M2,+ weather / GDD RF,random_forest,9,111
2023,2023-08-27,2023-08-31,100N,56.04,76.71509212657634,20.675092126576338,20.675092126576338,M2,+ weather / GDD RF,random_forest,9,111
2023,2023-08-27,2023-08-31,150N,43.28,59.23712307449894,15.957123074498938,15.957123074498938,M2,+ weather / GDD RF,random_forest,9,111
2023,2023-08-27,2023-08-31,50N,52.75,56.95565961942069,4.205659619420693,4.205659619420693,M2,+ weather / GDD RF,random_forest,9,111
2023,2023-08-27,2023-08-31,0N,32.98,21.005661803287193,-11.974338196712804,11.974338196712804,M3,+ leading crop indicators RF,random_forest,16,111
2023,2023-08-27,2023-08-31,100N,56.04,58.89636230011721,2.856362300117212,2.856362300117212,M3,+ leading crop indicators RF,random_forest,16,111
2023,2023-08-27,2023-08-31,150N,43.28,56.86237987166533,13.582379871665331,13.582379871665331,M3,+ leading crop indicators RF,random_forest,16,111
2023,2023-08-27,2023-08-31,50N,52.75,56.639462499511495,3.8894624995114953,3.8894624995114953,M3,+ leading crop indicators RF,random_forest,16,111
2023,2023-08-27,2023-08-31,0N,32.98,20.304672295485435,-12.675327704514562,12.675327704514562,M4,Compact crop/weather RF,random_forest,18,111
2023,2023-08-27,2023-08-31,100N,56.04,51.62293339407834,-4.4170666059216614,4.4170666059216614,M4,Compact crop/weather RF,random_forest,18,111
2023,2023-08-27,2023-08-31,150N,43.28,55.28619078771597,12.006190787715965,12.006190787715965,M4,Compact crop/weather RF,random_forest,18,111
2023,2023-08-27,2023-08-31,50N,52.75,51.24950936610674,-1.500490633893257,1.500490633893257,M4,Compact crop/weather RF,random_forest,18,111
2023,2023-08-27,2023-08-31,0N,32.98,19.764365543940322,-13.215634456059675,13.215634456059675,M5,Compact crop/weather + tagged-fruit RF,random_forest,23,111
2023,2023-08-27,2023-08-31,100N,56.04,53.29968805323406,-2.7403119467659423,2.7403119467659423,M5,Compact crop/weather + tagged-fruit RF,random_forest,23,111
2023,2023-08-27,2023-08-31,150N,43.28,55.68603490169362,12.406034901693616,12.406034901693616,M5,Compact crop/weather + tagged-fruit RF,random_forest,23,111
2023,2023-08-27,2023-08-31,50N,52.75,52.749993995319606,-6.004680393800754e-06,6.004680393800754e-06,M5,Compact crop/weather + tagged-fruit RF,random_forest,23,111
2023,2023-08-27,2023-08-31,0N,32.98,21.095050470911364,-11.884949529088633,11.884949529088633,M6,Full raw RF reference,random_forest_reference,80,111
2023,2023-08-27,2023-08-31,100N,56.04,49.0248875214976,-7.015112478502402,7.015112478502402,M6,Full raw RF reference,random_forest_reference,80,111
2023,2023-08-27,2023-08-31,150N,43.28,52.350522794129006,9.070522794129005,9.070522794129005,M6,Full raw RF reference,random_forest_reference,80,111
2023,2023-08-27,2023-08-31,50N,52.75,47.98253047934733,-4.767469520652668,4.767469520652668,M6,Full raw RF reference,random_forest_reference,80,111
2023,2023-08-31,2023-09-05,0N,19.45,32.98,13.529999999999998,13.529999999999998,M0,Persistence baseline,baseline_rule,1,115
2023,2023-08-31,2023-09-05,100N,91.04,56.04,-35.00000000000001,35.00000000000001,M0,Persistence baseline,baseline_rule,1,115
2023,2023-08-31,2023-09-05,150N,7.33,43.28,35.95,35.95,M0,Persistence baseline,baseline_rule,1,115
2023,2023-08-31,2023-09-05,50N,55.04,52.75,-2.289999999999999,2.289999999999999,M0,Persistence baseline,baseline_rule,1,115
2023,2023-08-31,2023-09-05,0N,19.45,18.890384615384615,-0.559615384615384,0.559615384615384,M0b,Treatment mean baseline,baseline_rule,1,115
2023,2023-08-31,2023-09-05,100N,91.04,72.16877419354839,-18.87122580645162,18.87122580645162,M0b,Treatment mean baseline,baseline_rule,1,115
2023,2023-08-31,2023-09-05,150N,7.33,53.45,46.120000000000005,46.120000000000005,M0b,Treatment mean baseline,baseline_rule,1,115
2023,2023-08-31,2023-09-05,50N,55.04,48.12612903225807,-6.9138709677419286,6.9138709677419286,M0b,Treatment mean baseline,baseline_rule,1,115
2023,2023-08-31,2023-09-05,0N,19.45,13.585561774170278,-5.864438225829721,5.864438225829721,M1,Calendar + nitrogen RF,random_forest,3,115
2023,2023-08-31,2023-09-05,100N,91.04,111.19614904365037,20.15614904365036,20.15614904365036,M1,Calendar + nitrogen RF,random_forest,3,115
2023,2023-08-31,2023-09-05,150N,7.33,62.491820940580595,55.1618209405806,55.1618209405806,M1,Calendar + nitrogen RF,random_forest,3,115
2023,2023-08-31,2023-09-05,50N,55.04,62.76184179921855,7.721841799218552,7.721841799218552,M1,Calendar + nitrogen RF,random_forest,3,115
2023,2023-08-31,2023-09-05,0N,19.45,15.510066971306468,-3.939933028693531,3.939933028693531,M2,+ weather / GDD RF,random_forest,9,115
2023,2023-08-31,2023-09-05,100N,91.04,78.40941220744172,-12.630587792558288,12.630587792558288,M2,+ weather / GDD RF,random_forest,9,115
2023,2023-08-31,2023-09-05,150N,7.33,59.46707337401958,52.13707337401958,52.13707337401958,M2,+ weather / GDD RF,random_forest,9,115
2023,2023-08-31,2023-09-05,50N,55.04,53.0881635487976,-1.9518364512023965,1.9518364512023965,M2,+ weather / GDD RF,random_forest,9,115
2023,2023-08-31,2023-09-05,0N,19.45,18.494682347162453,-0.9553176528375467,0.9553176528375467,M3,+ leading crop indicators RF,random_forest,16,115
2023,2023-08-31,2023-09-05,100N,91.04,48.91381949884937,-42.126180501150635,42.126180501150635,M3,+ leading crop indicators RF,random_forest,16,115
2023,2023-08-31,2023-09-05,150N,7.33,47.710138735447224,40.380138735447225,40.380138735447225,M3,+ leading crop indicators RF,random_forest,16,115
2023,2023-08-31,2023-09-05,50N,55.04,44.939143462757094,-10.100856537242905,10.100856537242905,M3,+ leading crop indicators RF,random_forest,16,115
2023,2023-08-31,2023-09-05,0N,19.45,19.2046335516776,-0.2453664483224003,0.2453664483224003,M4,Compact crop/weather RF,random_forest,18,115
2023,2023-08-31,2023-09-05,100N,91.04,45.8836694531467,-45.156330546853304,45.156330546853304,M4,Compact crop/weather RF,random_forest,18,115
2023,2023-08-31,2023-09-05,150N,7.33,43.748329928498876,36.41832992849888,36.41832992849888,M4,Compact crop/weather RF,random_forest,18,115
2023,2023-08-31,2023-09-05,50N,55.04,43.10635420192049,-11.93364579807951,11.93364579807951,M4,Compact crop/weather RF,random_forest,18,115
2023,2023-08-31,2023-09-05,0N,19.45,18.070412476587794,-1.379587523412205,1.379587523412205,M5,Compact crop/weather + tagged-fruit RF,random_forest,23,115
2023,2023-08-31,2023-09-05,100N,91.04,46.0278250976726,-45.01217490232741,45.01217490232741,M5,Compact crop/weather + tagged-fruit RF,random_forest,23,115
2023,2023-08-31,2023-09-05,150N,7.33,42.65552392151763,35.32552392151763,35.32552392151763,M5,Compact crop/weather + tagged-fruit RF,random_forest,23,115
2023,2023-08-31,2023-09-05,50N,55.04,43.12685265497462,-11.91314734502538,11.91314734502538,M5,Compact crop/weather + tagged-fruit RF,random_forest,23,115
2023,2023-08-31,2023-09-05,0N,19.45,22.631750728972964,3.1817507289729647,3.1817507289729647,M6,Full raw RF reference,random_forest_reference,80,115
2023,2023-08-31,2023-09-05,100N,91.04,44.59203712689431,-46.447962873105695,46.447962873105695,M6,Full raw RF reference,random_forest_reference,80,115
2023,2023-08-31,2023-09-05,150N,7.33,43.07860886192357,35.74860886192357,35.74860886192357,M6,Full raw RF reference,random_forest_reference,80,115
2023,2023-08-31,2023-09-05,50N,55.04,43.55376442664137,-11.486235573358627,11.486235573358627,M6,Full raw RF reference,random_forest_reference,80,115
2023,2023-09-05,2023-09-09,0N,7.34,19.45,12.11,12.11,M0,Persistence baseline,baseline_rule,1,119
2023,2023-09-05,2023-09-09,100N,12.27,91.04,78.77000000000001,78.77000000000001,M0,Persistence baseline,baseline_rule,1,119
2023,2023-09-05,2023-09-09,150N,41.5,7.33,-34.17,34.17,M0,Persistence baseline,baseline_rule,1,119
2023,2023-09-05,2023-09-09,50N,6.59,55.04,48.45,48.45,M0,Persistence baseline,baseline_rule,1,119
2023,2023-09-05,2023-09-09,0N,7.34,18.91111111111111,11.571111111111112,11.571111111111112,M0b,Treatment mean baseline,baseline_rule,1,119
2023,2023-09-05,2023-09-09,100N,12.27,72.7585,60.4885,60.4885,M0b,Treatment mean baseline,baseline_rule,1,119
2023,2023-09-05,2023-09-09,150N,41.5,51.80285714285714,10.302857142857142,10.302857142857142,M0b,Treatment mean baseline,baseline_rule,1,119
2023,2023-09-05,2023-09-09,50N,6.59,48.3421875,41.752187500000005,41.752187500000005,M0b,Treatment mean baseline,baseline_rule,1,119
2023,2023-09-05,2023-09-09,0N,7.34,10.142751441169942,2.802751441169942,2.802751441169942,M1,Calendar + nitrogen RF,random_forest,3,119
2023,2023-09-05,2023-09-09,100N,12.27,114.66216519432768,102.39216519432769,102.39216519432769,M1,Calendar + nitrogen RF,random_forest,3,119
2023,2023-09-05,2023-09-09,150N,41.5,65.18650414599384,23.686504145993837,23.686504145993837,M1,Calendar + nitrogen RF,random_forest,3,119
2023,2023-09-05,2023-09-09,50N,6.59,65.90356667157418,59.31356667157418,59.31356667157418,M1,Calendar + nitrogen RF,random_forest,3,119
2023,2023-09-05,2023-09-09,0N,7.34,16.95442670518372,9.614426705183721,9.614426705183721,M2,+ weather / GDD RF,random_forest,9,119
2023,2023-09-05,2023-09-09,100N,12.27,56.093086936729954,43.82308693672995,43.82308693672995,M2,+ weather / GDD RF,random_forest,9,119
2023,2023-09-05,2023-09-09,150N,41.5,41.99022601200834,0.4902260120083426,0.4902260120083426,M2,+ weather / GDD RF,random_forest,9,119
2023,2023-09-05,2023-09-09,50N,6.59,39.73653012342034,33.146530123420334,33.146530123420334,M2,+ weather / GDD RF,random_forest,9,119
2023,2023-09-05,2023-09-09,0N,7.34,20.42584984801312,13.085849848013119,13.085849848013119,M3,+ leading crop indicators RF,random_forest,16,119
2023,2023-09-05,2023-09-09,100N,12.27,53.66014288047466,41.390142880474656,41.390142880474656,M3,+ leading crop indicators RF,random_forest,16,119
2023,2023-09-05,2023-09-09,150N,41.5,38.222724482305836,-3.2772755176941644,3.2772755176941644,M3,+ leading crop indicators RF,random_forest,16,119
2023,2023-09-05,2023-09-09,50N,6.59,42.52864360602745,35.938643606027455,35.938643606027455,M3,+ leading crop indicators RF,random_forest,16,119
2023,2023-09-05,2023-09-09,0N,7.34,20.810918467291312,13.470918467291312,13.470918467291312,M4,Compact crop/weather RF,random_forest,18,119
2023,2023-09-05,2023-09-09,100N,12.27,61.78534237062166,49.51534237062167,49.51534237062167,M4,Compact crop/weather RF,random_forest,18,119
2023,2023-09-05,2023-09-09,150N,41.5,37.06179067642789,-4.43820932357211,4.43820932357211,M4,Compact crop/weather RF,random_forest,18,119
2023,2023-09-05,2023-09-09,50N,6.59,45.87668774707035,39.286687747070346,39.286687747070346,M4,Compact crop/weather RF,random_forest,18,119
2023,2023-09-05,2023-09-09,0N,7.34,21.115192441876477,13.775192441876477,13.775192441876477,M5,Compact crop/weather + tagged-fruit RF,random_forest,23,119
2023,2023-09-05,2023-09-09,100N,12.27,60.81340031216202,48.54340031216202,48.54340031216202,M5,Compact crop/weather + tagged-fruit RF,random_forest,23,119
2023,2023-09-05,2023-09-09,150N,41.5,37.608375607820555,-3.8916243921794447,3.8916243921794447,M5,Compact crop/weather + tagged-fruit RF,random_forest,23,119
2023,2023-09-05,2023-09-09,50N,6.59,45.74955662494833,39.15955662494834,39.15955662494834,M5,Compact crop/weather + tagged-fruit RF,random_forest,23,119
2023,2023-09-05,2023-09-09,0N,7.34,20.56417553575805,13.22417553575805,13.22417553575805,M6,Full raw RF reference,random_forest_reference,80,119
2023,2023-09-05,2023-09-09,100N,12.27,57.12995523409579,44.85995523409579,44.85995523409579,M6,Full raw RF reference,random_forest_reference,80,119
2023,2023-09-05,2023-09-09,150N,41.5,44.26005697864113,2.7600569786411313,2.7600569786411313,M6,Full raw RF reference,random_forest_reference,80,119
2023,2023-09-05,2023-09-09,50N,6.59,49.1684817050885,42.57848170508851,42.57848170508851,M6,Full raw RF reference,random_forest_reference,80,119
2023,2023-09-09,2023-09-13,0N,7.4,7.34,-0.0600000000000005,0.0600000000000005,M0,Persistence baseline,baseline_rule,1,123
2023,2023-09-09,2023-09-13,100N,37.0,12.27,-24.73,24.73,M0,Persistence baseline,baseline_rule,1,123
2023,2023-09-09,2023-09-13,150N,17.68,41.5,23.82,23.82,M0,Persistence baseline,baseline_rule,1,123
2023,2023-09-09,2023-09-13,50N,32.74,6.59,-26.150000000000002,26.150000000000002,M0,Persistence baseline,baseline_rule,1,123
2023,2023-09-09,2023-09-13,0N,7.4,18.49785714285714,11.097857142857139,11.097857142857139,M0b,Treatment mean baseline,baseline_rule,1,123
2023,2023-09-09,2023-09-13,100N,37.0,70.92551515151514,33.92551515151514,33.92551515151514,M0b,Treatment mean baseline,baseline_rule,1,123
2023,2023-09-09,2023-09-13,150N,17.68,51.44758620689655,33.76758620689655,33.76758620689655,M0b,Treatment mean baseline,baseline_rule,1,123
2023,2023-09-09,2023-09-13,50N,32.74,47.0769696969697,14.336969696969696,14.336969696969696,M0b,Treatment mean baseline,baseline_rule,1,123
2023,2023-09-09,2023-09-13,0N,7.4,8.69003373815074,1.2900337381507399,1.2900337381507399,M1,Calendar + nitrogen RF,random_forest,3,123
2023,2023-09-09,2023-09-13,100N,37.0,116.29077320727012,79.29077320727012,79.29077320727012,M1,Calendar + nitrogen RF,random_forest,3,123
2023,2023-09-09,2023-09-13,150N,17.68,74.73746704449185,57.05746704449185,57.05746704449185,M1,Calendar + nitrogen RF,random_forest,3,123
2023,2023-09-09,2023-09-13,50N,32.74,71.87391282968098,39.13391282968097,39.13391282968097,M1,Calendar + nitrogen RF,random_forest,3,123
2023,2023-09-09,2023-09-13,0N,7.4,18.183284473581967,10.783284473581967,10.783284473581967,M2,+ weather / GDD RF,random_forest,9,123
2023,2023-09-09,2023-09-13,100N,37.0,71.94958134066401,34.94958134066401,34.94958134066401,M2,+ weather / GDD RF,random_forest,9,123
2023,2023-09-09,2023-09-13,150N,17.68,56.55390573414296,38.87390573414296,38.87390573414296,M2,+ weather / GDD RF,random_forest,9,123
2023,2023-09-09,2023-09-13,50N,32.74,54.709994452381466,21.969994452381464,21.969994452381464,M2,+ weather / GDD RF,random_forest,9,123
2023,2023-09-09,2023-09-13,0N,7.4,23.987310199639936,16.587310199639937,16.587310199639937,M3,+ leading crop indicators RF,random_forest,16,123
2023,2023-09-09,2023-09-13,100N,37.0,63.58724543486537,26.587245434865373,26.587245434865373,M3,+ leading crop indicators RF,random_forest,16,123
2023,2023-09-09,2023-09-13,150N,17.68,59.70477487916817,42.02477487916817,42.02477487916817,M3,+ leading crop indicators RF,random_forest,16,123
2023,2023-09-09,2023-09-13,50N,32.74,57.20935873528389,24.46935873528389,24.46935873528389,M3,+ leading crop indicators RF,random_forest,16,123
2023,2023-09-09,2023-09-13,0N,7.4,23.505184611471833,16.105184611471834,16.105184611471834,M4,Compact crop/weather RF,random_forest,18,123
2023,2023-09-09,2023-09-13,100N,37.0,63.26530672138736,26.26530672138736,26.26530672138736,M4,Compact crop/weather RF,random_forest,18,123
2023,2023-09-09,2023-09-13,150N,17.68,59.88482637411485,42.20482637411485,42.20482637411485,M4,Compact crop/weather RF,random_forest,18,123
2023,2023-09-09,2023-09-13,50N,32.74,62.17904387892095,29.43904387892095,29.43904387892095,M4,Compact crop/weather RF,random_forest,18,123
2023,2023-09-09,2023-09-13,0N,7.4,23.370300287351505,15.970300287351504,15.970300287351504,M5,Compact crop/weather + tagged-fruit RF,random_forest,23,123
2023,2023-09-09,2023-09-13,100N,37.0,61.79914404077608,24.799144040776078,24.799144040776078,M5,Compact crop/weather + tagged-fruit RF,random_forest,23,123
2023,2023-09-09,2023-09-13,150N,17.68,58.69784047860023,41.01784047860023,41.01784047860023,M5,Compact crop/weather + tagged-fruit RF,random_forest,23,123
2023,2023-09-09,2023-09-13,50N,32.74,60.61075720479601,27.870757204796007,27.870757204796007,M5,Compact crop/weather + tagged-fruit RF,random_forest,23,123
2023,2023-09-09,2023-09-13,0N,7.4,20.860262448225768,13.460262448225768,13.460262448225768,M6,Full raw RF reference,random_forest_reference,80,123
2023,2023-09-09,2023-09-13,100N,37.0,54.126207312201664,17.126207312201664,17.126207312201664,M6,Full raw RF reference,random_forest_reference,80,123
2023,2023-09-09,2023-09-13,150N,17.68,50.41763162593705,32.73763162593705,32.73763162593705,M6,Full raw RF reference,random_forest_reference,80,123
2023,2023-09-09,2023-09-13,50N,32.74,54.58974929458434,21.849749294584335,21.849749294584335,M6,Full raw RF reference,random_forest_reference,80,123
2023,2023-09-13,2023-09-17,0N,5.97,7.4,1.4300000000000006,1.4300000000000006,M0,Persistence baseline,baseline_rule,1,127
2023,2023-09-13,2023-09-17,100N,13.71,37.0,23.29,23.29,M0,Persistence baseline,baseline_rule,1,127
2023,2023-09-13,2023-09-17,150N,32.06,17.68,-14.380000000000003,14.380000000000003,M0,Persistence baseline,baseline_rule,1,127
2023,2023-09-13,2023-09-17,50N,10.33,32.74,22.410000000000004,22.410000000000004,M0,Persistence baseline,baseline_rule,1,127
2023,2023-09-13,2023-09-17,0N,5.97,18.115172413793104,12.145172413793105,12.145172413793105,M0b,Treatment mean baseline,baseline_rule,1,127
2023,2023-09-13,2023-09-17,100N,13.71,69.92770588235294,56.21770588235294,56.21770588235294,M0b,Treatment mean baseline,baseline_rule,1,127
2023,2023-09-13,2023-09-17,150N,32.06,50.322,18.262,18.262,M0b,Treatment mean baseline,baseline_rule,1,127
2023,2023-09-13,2023-09-17,50N,10.33,46.65529411764706,36.32529411764706,36.32529411764706,M0b,Treatment mean baseline,baseline_rule,1,127
2023,2023-09-13,2023-09-17,0N,5.97,7.726708584526583,1.7567085845265833,1.7567085845265833,M1,Calendar + nitrogen RF,random_forest,3,127
2023,2023-09-13,2023-09-17,100N,13.71,117.18151886053816,103.47151886053817,103.47151886053817,M1,Calendar + nitrogen RF,random_forest,3,127
2023,2023-09-13,2023-09-17,150N,32.06,69.39367038091788,37.33367038091788,37.33367038091788,M1,Calendar + nitrogen RF,random_forest,3,127
2023,2023-09-13,2023-09-17,50N,10.33,65.44796604223039,55.11796604223039,55.11796604223039,M1,Calendar + nitrogen RF,random_forest,3,127
2023,2023-09-13,2023-09-17,0N,5.97,11.399541879731384,5.429541879731384,5.429541879731384,M2,+ weather / GDD RF,random_forest,9,127
2023,2023-09-13,2023-09-17,100N,13.71,95.55757972598674,81.84757972598675,81.84757972598675,M2,+ weather / GDD RF,random_forest,9,127
2023,2023-09-13,2023-09-17,150N,32.06,60.42320710423933,28.36320710423933,28.36320710423933,M2,+ weather / GDD RF,random_forest,9,127
2023,2023-09-13,2023-09-17,50N,10.33,66.84162108314544,56.51162108314544,56.51162108314544,M2,+ weather / GDD RF,random_forest,9,127
2023,2023-09-13,2023-09-17,0N,5.97,16.07993552217425,10.10993552217425,10.10993552217425,M3,+ leading crop indicators RF,random_forest,16,127
2023,2023-09-13,2023-09-17,100N,13.71,68.68125191452815,54.971251914528146,54.971251914528146,M3,+ leading crop indicators RF,random_forest,16,127
2023,2023-09-13,2023-09-17,150N,32.06,60.64668726755858,28.58668726755858,28.58668726755858,M3,+ leading crop indicators RF,random_forest,16,127
2023,2023-09-13,2023-09-17,50N,10.33,62.260232137231625,51.93023213723163,51.93023213723163,M3,+ leading crop indicators RF,random_forest,16,127
2023,2023-09-13,2023-09-17,0N,5.97,15.029104699139722,9.059104699139723,9.059104699139723,M4,Compact crop/weather RF,random_forest,18,127
2023,2023-09-13,2023-09-17,100N,13.71,64.05508800998672,50.34508800998672,50.34508800998672,M4,Compact crop/weather RF,random_forest,18,127
2023,2023-09-13,2023-09-17,150N,32.06,61.81231805053639,29.75231805053639,29.75231805053639,M4,Compact crop/weather RF,random_forest,18,127
2023,2023-09-13,2023-09-17,50N,10.33,64.32317544985867,53.99317544985867,53.99317544985867,M4,Compact crop/weather RF,random_forest,18,127
2023,2023-09-13,2023-09-17,0N,5.97,15.446337328367113,9.476337328367112,9.476337328367112,M5,Compact crop/weather + tagged-fruit RF,random_forest,23,127
2023,2023-09-13,2023-09-17,100N,13.71,62.06974986298286,48.35974986298286,48.35974986298286,M5,Compact crop/weather + tagged-fruit RF,random_forest,23,127
2023,2023-09-13,2023-09-17,150N,32.06,58.6688134909313,26.608813490931297,26.608813490931297,M5,Compact crop/weather + tagged-fruit RF,random_forest,23,127
2023,2023-09-13,2023-09-17,50N,10.33,61.63468730606278,51.30468730606278,51.30468730606278,M5,Compact crop/weather + tagged-fruit RF,random_forest,23,127
2023,2023-09-13,2023-09-17,0N,5.97,15.352466673645202,9.382466673645201,9.382466673645201,M6,Full raw RF reference,random_forest_reference,80,127
2023,2023-09-13,2023-09-17,100N,13.71,48.53518167525062,34.82518167525062,34.82518167525062,M6,Full raw RF reference,random_forest_reference,80,127
2023,2023-09-13,2023-09-17,150N,32.06,41.35445912291159,9.29445912291159,9.29445912291159,M6,Full raw RF reference,random_forest_reference,80,127
2023,2023-09-13,2023-09-17,50N,10.33,45.198867486165156,34.86886748616516,34.86886748616516,M6,Full raw RF reference,random_forest_reference,80,127
2023,2023-09-17,2023-09-21,0N,0.0,5.97,5.97,5.97,M0,Persistence baseline,baseline_rule,1,131
2023,2023-09-17,2023-09-21,100N,35.92,13.71,-22.21,22.21,M0,Persistence baseline,baseline_rule,1,131
2023,2023-09-17,2023-09-21,150N,30.71,32.06,1.3500000000000014,1.3500000000000014,M0,Persistence baseline,baseline_rule,1,131
2023,2023-09-17,2023-09-21,50N,24.47,10.33,-14.139999999999999,14.139999999999999,M0,Persistence baseline,baseline_rule,1,131
2023,2023-09-17,2023-09-21,0N,0.0,17.71033333333333,17.71033333333333,17.71033333333333,M0b,Treatment mean baseline,baseline_rule,1,131
2023,2023-09-17,2023-09-21,100N,35.92,68.32148571428571,32.40148571428571,32.40148571428571,M0b,Treatment mean baseline,baseline_rule,1,131
2023,2023-09-17,2023-09-21,150N,30.71,49.73290322580645,19.022903225806452,19.022903225806452,M0b,Treatment mean baseline,baseline_rule,1,131
2023,2023-09-17,2023-09-21,50N,24.47,45.61742857142857,21.14742857142857,21.14742857142857,M0b,Treatment mean baseline,baseline_rule,1,131
2023,2023-09-17,2023-09-21,0N,0.0,7.46614937229437,7.46614937229437,7.46614937229437,M1,Calendar + nitrogen RF,random_forest,3,131
2023,2023-09-17,2023-09-21,100N,35.92,105.6625047841732,69.74250478417319,69.74250478417319,M1,Calendar + nitrogen RF,random_forest,3,131
2023,2023-09-17,2023-09-21,150N,30.71,65.9052996007442,35.1952996007442,35.1952996007442,M1,Calendar + nitrogen RF,random_forest,3,131
2023,2023-09-17,2023-09-21,50N,24.47,58.645614515595085,34.175614515595086,34.175614515595086,M1,Calendar + nitrogen RF,random_forest,3,131
2023,2023-09-17,2023-09-21,0N,0.0,9.60731359840159,9.60731359840159,9.60731359840159,M2,+ weather / GDD RF,random_forest,9,131
2023,2023-09-17,2023-09-21,100N,35.92,66.57788796657773,30.657887966577732,30.657887966577732,M2,+ weather / GDD RF,random_forest,9,131
2023,2023-09-17,2023-09-21,150N,30.71,41.26122787146565,10.551227871465649,10.551227871465649,M2,+ weather / GDD RF,random_forest,9,131
2023,2023-09-17,2023-09-21,50N,24.47,42.14320544552905,17.67320544552905,17.67320544552905,M2,+ weather / GDD RF,random_forest,9,131
2023,2023-09-17,2023-09-21,0N,0.0,12.001801226477358,12.001801226477358,12.001801226477358,M3,+ leading crop indicators RF,random_forest,16,131
2023,2023-09-17,2023-09-21,100N,35.92,41.77872055003723,5.858720550037226,5.858720550037226,M3,+ leading crop indicators RF,random_forest,16,131
2023,2023-09-17,2023-09-21,150N,30.71,36.53648655155547,5.826486551555469,5.826486551555469,M3,+ leading crop indicators RF,random_forest,16,131
2023,2023-09-17,2023-09-21,50N,24.47,38.12830183459951,13.658301834599513,13.658301834599513,M3,+ leading crop indicators RF,random_forest,16,131
2023,2023-09-17,2023-09-21,0N,0.0,11.36768078428935,11.36768078428935,11.36768078428935,M4,Compact crop/weather RF,random_forest,18,131
2023,2023-09-17,2023-09-21,100N,35.92,42.50486347612891,6.584863476128909,6.584863476128909,M4,Compact crop/weather RF,random_forest,18,131
2023,2023-09-17,2023-09-21,150N,30.71,39.89884107044466,9.18884107044466,9.18884107044466,M4,Compact crop/weather RF,random_forest,18,131
2023,2023-09-17,2023-09-21,50N,24.47,43.525271538295655,19.055271538295656,19.055271538295656,M4,Compact crop/weather RF,random_forest,18,131
2023,2023-09-17,2023-09-21,0N,0.0,12.030911726043037,12.030911726043037,12.030911726043037,M5,Compact crop/weather + tagged-fruit RF,random_forest,23,131
2023,2023-09-17,2023-09-21,100N,35.92,45.67448562717212,9.754485627172116,9.754485627172116,M5,Compact crop/weather + tagged-fruit RF,random_forest,23,131
2023,2023-09-17,2023-09-21,150N,30.71,44.03291440440942,13.322914404409417,13.322914404409417,M5,Compact crop/weather + tagged-fruit RF,random_forest,23,131
2023,2023-09-17,2023-09-21,50N,24.47,47.423428310695115,22.953428310695116,22.953428310695116,M5,Compact crop/weather + tagged-fruit RF,random_forest,23,131
2023,2023-09-17,2023-09-21,0N,0.0,11.6726709184475,11.6726709184475,11.6726709184475,M6,Full raw RF reference,random_forest_reference,80,131
2023,2023-09-17,2023-09-21,100N,35.92,36.60254415089831,0.682544150898309,0.682544150898309,M6,Full raw RF reference,random_forest_reference,80,131
2023,2023-09-17,2023-09-21,150N,30.71,31.633302691485643,0.9233026914856417,0.9233026914856417,M6,Full raw RF reference,random_forest_reference,80,131
2023,2023-09-17,2023-09-21,50N,24.47,32.67651443451954,8.20651443451954,8.20651443451954,M6,Full raw RF reference,random_forest_reference,80,131
2023,2023-09-21,2023-09-24,0N,0.0,0.0,0.0,0.0,M0,Persistence baseline,baseline_rule,1,135
2023,2023-09-21,2023-09-24,100N,10.14,35.92,25.78,25.78,M0,Persistence baseline,baseline_rule,1,135
2023,2023-09-21,2023-09-24,150N,29.71,30.71,1.0,1.0,M0,Persistence baseline,baseline_rule,1,135
2023,2023-09-21,2023-09-24,50N,25.09,24.47,-0.620000000000001,0.620000000000001,M0,Persistence baseline,baseline_rule,1,135
2023,2023-09-21,2023-09-24,0N,0.0,17.139032258064514,17.139032258064514,17.139032258064514,M0b,Treatment mean baseline,baseline_rule,1,135
2023,2023-09-21,2023-09-24,100N,10.14,67.42144444444445,57.281444444444446,57.281444444444446,M0b,Treatment mean baseline,baseline_rule,1,135
2023,2023-09-21,2023-09-24,150N,29.71,49.1384375,19.4284375,19.4284375,M0b,Treatment mean baseline,baseline_rule,1,135
2023,2023-09-21,2023-09-24,50N,25.09,45.03,19.94,19.94,M0b,Treatment mean baseline,baseline_rule,1,135
2023,2023-09-21,2023-09-24,0N,0.0,4.183018434426685,4.183018434426685,4.183018434426685,M1,Calendar + nitrogen RF,random_forest,3,135
2023,2023-09-21,2023-09-24,100N,10.14,76.24942178779706,66.10942178779706,66.10942178779706,M1,Calendar + nitrogen RF,random_forest,3,135
2023,2023-09-21,2023-09-24,150N,29.71,48.31672141542196,18.60672141542196,18.60672141542196,M1,Calendar + nitrogen RF,random_forest,3,135
2023,2023-09-21,2023-09-24,50N,25.09,43.86989517869372,18.779895178693717,18.779895178693717,M1,Calendar + nitrogen RF,random_forest,3,135
2023,2023-09-21,2023-09-24,0N,0.0,6.896853280164282,6.896853280164282,6.896853280164282,M2,+ weather / GDD RF,random_forest,9,135
2023,2023-09-21,2023-09-24,100N,10.14,55.86267409503426,45.72267409503426,45.72267409503426,M2,+ weather / GDD RF,random_forest,9,135
2023,2023-09-21,2023-09-24,150N,29.71,37.28404186690637,7.57404186690637,7.57404186690637,M2,+ weather / GDD RF,random_forest,9,135
2023,2023-09-21,2023-09-24,50N,25.09,36.810512759269734,11.720512759269734,11.720512759269734,M2,+ weather / GDD RF,random_forest,9,135
2023,2023-09-21,2023-09-24,0N,0.0,9.037034834883743,9.037034834883743,9.037034834883743,M3,+ leading crop indicators RF,random_forest,16,135
2023,2023-09-21,2023-09-24,100N,10.14,29.951392899167967,19.811392899167966,19.811392899167966,M3,+ leading crop indicators RF,random_forest,16,135
2023,2023-09-21,2023-09-24,150N,29.71,30.319957634550114,0.6099576345501134,0.6099576345501134,M3,+ leading crop indicators RF,random_forest,16,135
2023,2023-09-21,2023-09-24,50N,25.09,31.824979236407085,6.734979236407085,6.734979236407085,M3,+ leading crop indicators RF,random_forest,16,135
2023,2023-09-21,2023-09-24,0N,0.0,7.522263982883022,7.522263982883022,7.522263982883022,M4,Compact crop/weather RF,random_forest,18,135
2023,2023-09-21,2023-09-24,100N,10.14,29.9325272825948,19.7925272825948,19.7925272825948,M4,Compact crop/weather RF,random_forest,18,135
2023,2023-09-21,2023-09-24,150N,29.71,32.17784028986384,2.4678402898638367,2.4678402898638367,M4,Compact crop/weather RF,random_forest,18,135
2023,2023-09-21,2023-09-24,50N,25.09,34.066500189210814,8.976500189210814,8.976500189210814,M4,Compact crop/weather RF,random_forest,18,135
2023,2023-09-21,2023-09-24,0N,0.0,7.660553804075716,7.660553804075716,7.660553804075716,M5,Compact crop/weather + tagged-fruit RF,random_forest,23,135
2023,2023-09-21,2023-09-24,100N,10.14,27.012009392295933,16.872009392295933,16.872009392295933,M5,Compact crop/weather + tagged-fruit RF,random_forest,23,135
2023,2023-09-21,2023-09-24,150N,29.71,29.312737534229562,-0.39726246577043867,0.39726246577043867,M5,Compact crop/weather + tagged-fruit RF,random_forest,23,135
2023,2023-09-21,2023-09-24,50N,25.09,31.03675094187129,5.94675094187129,5.94675094187129,M5,Compact crop/weather + tagged-fruit RF,random_forest,23,135
2023,2023-09-21,2023-09-24,0N,0.0,10.162529964332307,10.162529964332307,10.162529964332307,M6,Full raw RF reference,random_forest_reference,80,135
2023,2023-09-21,2023-09-24,100N,10.14,35.34792621415534,25.207926214155343,25.207926214155343,M6,Full raw RF reference,random_forest_reference,80,135
2023,2023-09-21,2023-09-24,150N,29.71,37.63859303095002,7.928593030950019,7.928593030950019,M6,Full raw RF reference,random_forest_reference,80,135
2023,2023-09-21,2023-09-24,50N,25.09,36.18376038143948,11.093760381439477,11.093760381439477,M6,Full raw RF reference,random_forest_reference,80,135
2023,2023-09-24,2023-09-28,0N,7.99,0.0,-7.99,7.99,M0,Persistence baseline,baseline_rule,1,139
2023,2023-09-24,2023-09-28,100N,72.41,10.14,-62.269999999999996,62.269999999999996,M0,Persistence baseline,baseline_rule,1,139
2023,2023-09-24,2023-09-28,150N,41.26,29.71,-11.549999999999997,11.549999999999997,M0,Persistence baseline,baseline_rule,1,139
2023,2023-09-24,2023-09-28,50N,13.57,25.09,11.52,11.52,M0,Persistence baseline,baseline_rule,1,139
2023,2023-09-24,2023-09-28,0N,7.99,16.6034375,8.613437499999998,8.613437499999998,M0b,Treatment mean baseline,baseline_rule,1,139
2023,2023-09-24,2023-09-28,100N,72.41,65.8732972972973,-6.536702702702698,6.536702702702698,M0b,Treatment mean baseline,baseline_rule,1,139
2023,2023-09-24,2023-09-28,150N,41.26,48.549696969696974,7.289696969696976,7.289696969696976,M0b,Treatment mean baseline,baseline_rule,1,139
2023,2023-09-24,2023-09-28,50N,13.57,44.491081081081084,30.921081081081084,30.921081081081084,M0b,Treatment mean baseline,baseline_rule,1,139
2023,2023-09-24,2023-09-28,0N,7.99,5.439813880230885,-2.5501861197691156,2.5501861197691156,M1,Calendar + nitrogen RF,random_forest,3,139
2023,2023-09-24,2023-09-28,100N,72.41,73.67682555816336,1.2668255581633616,1.2668255581633616,M1,Calendar + nitrogen RF,random_forest,3,139
2023,2023-09-24,2023-09-28,150N,41.26,51.617859853617055,10.357859853617057,10.357859853617057,M1,Calendar + nitrogen RF,random_forest,3,139
2023,2023-09-24,2023-09-28,50N,13.57,54.54199223462163,40.97199223462163,40.97199223462163,M1,Calendar + nitrogen RF,random_forest,3,139
2023,2023-09-24,2023-09-28,0N,7.99,8.270674813575317,0.28067481357531676,0.28067481357531676,M2,+ weather / GDD RF,random_forest,9,139
2023,2023-09-24,2023-09-28,100N,72.41,95.01703888336168,22.60703888336168,22.60703888336168,M2,+ weather / GDD RF,random_forest,9,139
2023,2023-09-24,2023-09-28,150N,41.26,55.584449967409256,14.324449967409258,14.324449967409258,M2,+ weather / GDD RF,random_forest,9,139
2023,2023-09-24,2023-09-28,50N,13.57,58.80150580235994,45.23150580235994,45.23150580235994,M2,+ weather / GDD RF,random_forest,9,139
2023,2023-09-24,2023-09-28,0N,7.99,8.212917341277324,0.22291734127732354,0.22291734127732354,M3,+ leading crop indicators RF,random_forest,16,139
2023,2023-09-24,2023-09-28,100N,72.41,50.868200756579824,-21.541799243420172,21.541799243420172,M3,+ leading crop indicators RF,random_forest,16,139
2023,2023-09-24,2023-09-28,150N,41.26,45.0894329347313,3.829432934731301,3.829432934731301,M3,+ leading crop indicators RF,random_forest,16,139
2023,2023-09-24,2023-09-28,50N,13.57,47.439818492524395,33.869818492524395,33.869818492524395,M3,+ leading crop indicators RF,random_forest,16,139
2023,2023-09-24,2023-09-28,0N,7.99,7.6414357873001535,-0.3485642126998467,0.3485642126998467,M4,Compact crop/weather RF,random_forest,18,139
2023,2023-09-24,2023-09-28,100N,72.41,52.32060642021453,-20.089393579785465,20.089393579785465,M4,Compact crop/weather RF,random_forest,18,139
2023,2023-09-24,2023-09-28,150N,41.26,48.2998879841728,7.0398879841728,7.0398879841728,M4,Compact crop/weather RF,random_forest,18,139
2023,2023-09-24,2023-09-28,50N,13.57,50.576603060590905,37.006603060590905,37.006603060590905,M4,Compact crop/weather RF,random_forest,18,139
2023,2023-09-24,2023-09-28,0N,7.99,6.60424748015228,-1.3857525198477205,1.3857525198477205,M5,Compact crop/weather + tagged-fruit RF,random_forest,23,139
2023,2023-09-24,2023-09-28,100N,72.41,45.69267259410127,-26.71732740589873,26.71732740589873,M5,Compact crop/weather + tagged-fruit RF,random_forest,23,139
2023,2023-09-24,2023-09-28,150N,41.26,41.07464654798236,-0.18535345201763676,0.18535345201763676,M5,Compact crop/weather + tagged-fruit RF,random_forest,23,139
2023,2023-09-24,2023-09-28,50N,13.57,41.908611728020965,28.338611728020965,28.338611728020965,M5,Compact crop/weather + tagged-fruit RF,random_forest,23,139
2023,2023-09-24,2023-09-28,0N,7.99,11.592603547829897,3.6026035478298972,3.6026035478298972,M6,Full raw RF reference,random_forest_reference,80,139
2023,2023-09-24,2023-09-28,100N,72.41,34.23147622087154,-38.178523779128454,38.178523779128454,M6,Full raw RF reference,random_forest_reference,80,139
2023,2023-09-24,2023-09-28,150N,41.26,34.10780803231777,-7.152191967682228,7.152191967682228,M6,Full raw RF reference,random_forest_reference,80,139
2023,2023-09-24,2023-09-28,50N,13.57,33.603618734292056,20.033618734292055,20.033618734292055,M6,Full raw RF reference,random_forest_reference,80,139
