year,nitrogen_treatment,current_observation_date,target_date,forecast_horizon_days,current_fruit_number,current_fresh_matter_g,next_fresh_matter_g,model,model_label,model_note,observed,predicted,residual,absolute_error,n_training_rows,n_previous_year_training_rows,n_current_year_training_rows
2023,0N,2023-07-29,2023-08-01,3.0,0,,18.56,rolling_persistence,Rolling persistence baseline,Predicts next fresh matter using current fresh matter from the same treatment.,18.56,50.729139240506335,-32.16913924050634,32.16913924050634,79,79,0
2023,50N,2023-07-29,2023-08-01,3.0,0,,10.56,rolling_persistence,Rolling persistence baseline,Predicts next fresh matter using current fresh matter from the same treatment.,10.56,50.729139240506335,-40.16913924050633,40.16913924050633,79,79,0
2023,0N,2023-07-29,2023-08-01,3.0,0,,18.56,rolling_treatment_mean,Rolling treatment mean baseline,Predicts from historical mean fresh matter for the same nitrogen treatment.,18.56,13.905625,4.654374999999998,4.654374999999998,79,79,0
2023,50N,2023-07-29,2023-08-01,3.0,0,,10.56,rolling_treatment_mean,Rolling treatment mean baseline,Predicts from historical mean fresh matter for the same nitrogen treatment.,10.56,49.820952380952384,-39.26095238095238,39.26095238095238,79,79,0
2023,0N,2023-07-29,2023-08-01,3.0,0,,18.56,rolling_weather_gdd_ridge,Rolling weather + GDD linear model,"Rolling model using treatment, weather and thermal-time features.",18.56,19.912055718993976,-1.3520557189939773,1.3520557189939773,79,79,0
2023,50N,2023-07-29,2023-08-01,3.0,0,,10.56,rolling_weather_gdd_ridge,Rolling weather + GDD linear model,"Rolling model using treatment, weather and thermal-time features.",10.56,32.22521032894882,-21.665210328948817,21.665210328948817,79,79,0
2023,0N,2023-07-29,2023-08-01,3.0,0,,18.56,rolling_crop_development_ridge,Rolling crop development linear model,Rolling model using current crop status and recent development features.,18.56,50.090342530764524,-31.530342530764525,31.530342530764525,79,79,0
2023,50N,2023-07-29,2023-08-01,3.0,0,,10.56,rolling_crop_development_ridge,Rolling crop development linear model,Rolling model using current crop status and recent development features.,10.56,44.28985006261157,-33.72985006261157,33.72985006261157,79,79,0
2023,0N,2023-07-29,2023-08-01,3.0,0,,18.56,rolling_crop_development_rf,Rolling crop development random forest,"Rolling non-linear model using weather, GDD and crop-development features.",18.56,22.737273846958434,-4.177273846958435,4.177273846958435,79,79,0
2023,50N,2023-07-29,2023-08-01,3.0,0,,10.56,rolling_crop_development_rf,Rolling crop development random forest,"Rolling non-linear model using weather, GDD and crop-development features.",10.56,36.3022234428603,-25.7422234428603,25.7422234428603,79,79,0
2023,0N,2023-08-01,2023-08-04,3.0,3,18.56,17.26,rolling_persistence,Rolling persistence baseline,Predicts next fresh matter using current fresh matter from the same treatment.,17.26,18.56,-1.2999999999999972,1.2999999999999972,81,79,2
2023,100N,2023-08-01,2023-08-04,3.0,0,,12.16,rolling_persistence,Rolling persistence baseline,Predicts next fresh matter using current fresh matter from the same treatment.,12.16,49.83607407407407,-37.676074074074066,37.676074074074066,81,79,2
2023,50N,2023-08-01,2023-08-04,3.0,2,10.56,13.78,rolling_persistence,Rolling persistence baseline,Predicts next fresh matter using current fresh matter from the same treatment.,13.78,10.56,3.219999999999999,3.219999999999999,81,79,2
2023,0N,2023-08-01,2023-08-04,3.0,3,18.56,17.26,rolling_treatment_mean,Rolling treatment mean baseline,Predicts from historical mean fresh matter for the same nitrogen treatment.,17.26,14.179411764705883,3.080588235294119,3.080588235294119,81,79,2
2023,100N,2023-08-01,2023-08-04,3.0,0,,12.16,rolling_treatment_mean,Rolling treatment mean baseline,Predicts from historical mean fresh matter for the same nitrogen treatment.,12.16,79.73872727272727,-67.57872727272728,67.57872727272728,81,79,2
2023,50N,2023-08-01,2023-08-04,3.0,2,10.56,13.78,rolling_treatment_mean,Rolling treatment mean baseline,Predicts from historical mean fresh matter for the same nitrogen treatment.,13.78,48.03636363636363,-34.25636363636363,34.25636363636363,81,79,2
2023,0N,2023-08-01,2023-08-04,3.0,3,18.56,17.26,rolling_weather_gdd_ridge,Rolling weather + GDD linear model,"Rolling model using treatment, weather and thermal-time features.",17.26,7.827336271532673,9.432663728467329,9.432663728467329,81,79,2
2023,100N,2023-08-01,2023-08-04,3.0,0,,12.16,rolling_weather_gdd_ridge,Rolling weather + GDD linear model,"Rolling model using treatment, weather and thermal-time features.",12.16,32.50619979749927,-20.34619979749927,20.34619979749927,81,79,2
2023,50N,2023-08-01,2023-08-04,3.0,2,10.56,13.78,rolling_weather_gdd_ridge,Rolling weather + GDD linear model,"Rolling model using treatment, weather and thermal-time features.",13.78,20.166768034515975,-6.386768034515976,6.386768034515976,81,79,2
2023,0N,2023-08-01,2023-08-04,3.0,3,18.56,17.26,rolling_crop_development_ridge,Rolling crop development linear model,Rolling model using current crop status and recent development features.,17.26,6.520956968302919,10.739043031697083,10.739043031697083,81,79,2
2023,100N,2023-08-01,2023-08-04,3.0,0,,12.16,rolling_crop_development_ridge,Rolling crop development linear model,Rolling model using current crop status and recent development features.,12.16,24.55340422672854,-12.393404226728538,12.393404226728538,81,79,2
2023,50N,2023-08-01,2023-08-04,3.0,2,10.56,13.78,rolling_crop_development_ridge,Rolling crop development linear model,Rolling model using current crop status and recent development features.,13.78,5.873237278932535,7.906762721067464,7.906762721067464,81,79,2
2023,0N,2023-08-01,2023-08-04,3.0,3,18.56,17.26,rolling_crop_development_rf,Rolling crop development random forest,"Rolling non-linear model using weather, GDD and crop-development features.",17.26,23.882963730639034,-6.622963730639032,6.622963730639032,81,79,2
2023,100N,2023-08-01,2023-08-04,3.0,0,,12.16,rolling_crop_development_rf,Rolling crop development random forest,"Rolling non-linear model using weather, GDD and crop-development features.",12.16,37.997133829153434,-25.837133829153434,25.837133829153434,81,79,2
2023,50N,2023-08-01,2023-08-04,3.0,2,10.56,13.78,rolling_crop_development_rf,Rolling crop development random forest,"Rolling non-linear model using weather, GDD and crop-development features.",13.78,30.77838516970116,-16.99838516970116,16.99838516970116,81,79,2
2023,0N,2023-08-04,2023-08-07,3.0,2,17.26,22.56,rolling_persistence,Rolling persistence baseline,Predicts next fresh matter using current fresh matter from the same treatment.,22.56,17.26,5.299999999999997,5.299999999999997,84,79,5
2023,100N,2023-08-04,2023-08-07,3.0,1,12.16,24.6,rolling_persistence,Rolling persistence baseline,Predicts next fresh matter using current fresh matter from the same treatment.,24.6,12.16,12.440000000000001,12.440000000000001,84,79,5
2023,50N,2023-08-04,2023-08-07,3.0,1,13.78,37.65,rolling_persistence,Rolling persistence baseline,Predicts next fresh matter using current fresh matter from the same treatment.,37.65,13.78,23.869999999999997,23.869999999999997,84,79,5
2023,0N,2023-08-04,2023-08-07,3.0,2,17.26,22.56,rolling_treatment_mean,Rolling treatment mean baseline,Predicts from historical mean fresh matter for the same nitrogen treatment.,22.56,14.350555555555555,8.209444444444443,8.209444444444443,84,79,5
2023,100N,2023-08-04,2023-08-07,3.0,1,12.16,24.6,rolling_treatment_mean,Rolling treatment mean baseline,Predicts from historical mean fresh matter for the same nitrogen treatment.,24.6,76.80052173913043,-52.20052173913043,52.20052173913043,84,79,5
2023,50N,2023-08-04,2023-08-07,3.0,1,13.78,37.65,rolling_treatment_mean,Rolling treatment mean baseline,Predicts from historical mean fresh matter for the same nitrogen treatment.,37.65,46.546956521739126,-8.896956521739128,8.896956521739128,84,79,5
2023,0N,2023-08-04,2023-08-07,3.0,2,17.26,22.56,rolling_weather_gdd_ridge,Rolling weather + GDD linear model,"Rolling model using treatment, weather and thermal-time features.",22.56,15.07544683866508,7.484553161334919,7.484553161334919,84,79,5
2023,100N,2023-08-04,2023-08-07,3.0,1,12.16,24.6,rolling_weather_gdd_ridge,Rolling weather + GDD linear model,"Rolling model using treatment, weather and thermal-time features.",24.6,39.15343150479445,-14.553431504794446,14.553431504794446,84,79,5
2023,50N,2023-08-04,2023-08-07,3.0,1,13.78,37.65,rolling_weather_gdd_ridge,Rolling weather + GDD linear model,"Rolling model using treatment, weather and thermal-time features.",37.65,27.114439171729767,10.535560828270231,10.535560828270231,84,79,5
2023,0N,2023-08-04,2023-08-07,3.0,2,17.26,22.56,rolling_crop_development_ridge,Rolling crop development linear model,Rolling model using current crop status and recent development features.,22.56,-3.205247260818524,25.765247260818523,25.765247260818523,84,79,5
2023,100N,2023-08-04,2023-08-07,3.0,1,12.16,24.6,rolling_crop_development_ridge,Rolling crop development linear model,Rolling model using current crop status and recent development features.,24.6,9.636568745885185,14.963431254114816,14.963431254114816,84,79,5
2023,50N,2023-08-04,2023-08-07,3.0,1,13.78,37.65,rolling_crop_development_ridge,Rolling crop development linear model,Rolling model using current crop status and recent development features.,37.65,0.3919649203541127,37.258035079645886,37.258035079645886,84,79,5
2023,0N,2023-08-04,2023-08-07,3.0,2,17.26,22.56,rolling_crop_development_rf,Rolling crop development random forest,"Rolling non-linear model using weather, GDD and crop-development features.",22.56,17.199144460660538,5.360855539339461,5.360855539339461,84,79,5
2023,100N,2023-08-04,2023-08-07,3.0,1,12.16,24.6,rolling_crop_development_rf,Rolling crop development random forest,"Rolling non-linear model using weather, GDD and crop-development features.",24.6,24.250612329119896,0.34938767088010536,0.34938767088010536,84,79,5
2023,50N,2023-08-04,2023-08-07,3.0,1,13.78,37.65,rolling_crop_development_rf,Rolling crop development random forest,"Rolling non-linear model using weather, GDD and crop-development features.",37.65,20.864293646456115,16.785706353543883,16.785706353543883,84,79,5
2023,0N,2023-08-07,2023-08-11,4.0,2,22.56,63.62,rolling_persistence,Rolling persistence baseline,Predicts next fresh matter using current fresh matter from the same treatment.,63.62,22.56,41.06,41.06,87,79,8
2023,100N,2023-08-07,2023-08-11,4.0,2,24.6,65.32,rolling_persistence,Rolling persistence baseline,Predicts next fresh matter using current fresh matter from the same treatment.,65.32,24.6,40.71999999999999,40.71999999999999,87,79,8
2023,150N,2023-08-07,2023-08-11,4.0,0,,34.02,rolling_persistence,Rolling persistence baseline,Predicts next fresh matter using current fresh matter from the same treatment.,34.02,47.87048275862069,-13.850482758620686,13.850482758620686,87,79,8
2023,50N,2023-08-07,2023-08-11,4.0,3,37.65,58.04,rolling_persistence,Rolling persistence baseline,Predicts next fresh matter using current fresh matter from the same treatment.,58.04,37.65,20.39,20.39,87,79,8
2023,0N,2023-08-07,2023-08-11,4.0,2,22.56,63.62,rolling_treatment_mean,Rolling treatment mean baseline,Predicts from historical mean fresh matter for the same nitrogen treatment.,63.62,14.782631578947369,48.83736842105263,48.83736842105263,87,79,8
2023,100N,2023-08-07,2023-08-11,4.0,2,24.6,65.32,rolling_treatment_mean,Rolling treatment mean baseline,Predicts from historical mean fresh matter for the same nitrogen treatment.,65.32,74.6255,-9.30550000000001,9.30550000000001,87,79,8
2023,150N,2023-08-07,2023-08-11,4.0,0,,34.02,rolling_treatment_mean,Rolling treatment mean baseline,Predicts from historical mean fresh matter for the same nitrogen treatment.,34.02,49.231,-15.210999999999999,15.210999999999999,87,79,8
2023,50N,2023-08-07,2023-08-11,4.0,3,37.65,58.04,rolling_treatment_mean,Rolling treatment mean baseline,Predicts from historical mean fresh matter for the same nitrogen treatment.,58.04,46.17625,11.863749999999996,11.863749999999996,87,79,8
2023,0N,2023-08-07,2023-08-11,4.0,2,22.56,63.62,rolling_weather_gdd_ridge,Rolling weather + GDD linear model,"Rolling model using treatment, weather and thermal-time features.",63.62,22.210974994332712,41.40902500566729,41.40902500566729,87,79,8
2023,100N,2023-08-07,2023-08-11,4.0,2,24.6,65.32,rolling_weather_gdd_ridge,Rolling weather + GDD linear model,"Rolling model using treatment, weather and thermal-time features.",65.32,45.83140271590149,19.488597284098503,19.488597284098503,87,79,8
2023,150N,2023-08-07,2023-08-11,4.0,0,,34.02,rolling_weather_gdd_ridge,Rolling weather + GDD linear model,"Rolling model using treatment, weather and thermal-time features.",34.02,57.64161657668588,-23.621616576685874,23.621616576685874,87,79,8
2023,50N,2023-08-07,2023-08-11,4.0,3,37.65,58.04,rolling_weather_gdd_ridge,Rolling weather + GDD linear model,"Rolling model using treatment, weather and thermal-time features.",58.04,34.021188855117096,24.018811144882903,24.018811144882903,87,79,8
2023,0N,2023-08-07,2023-08-11,4.0,2,22.56,63.62,rolling_crop_development_ridge,Rolling crop development linear model,Rolling model using current crop status and recent development features.,63.62,6.577934911881314,57.04206508811868,57.04206508811868,87,79,8
2023,100N,2023-08-07,2023-08-11,4.0,2,24.6,65.32,rolling_crop_development_ridge,Rolling crop development linear model,Rolling model using current crop status and recent development features.,65.32,10.273589338412776,55.04641066158722,55.04641066158722,87,79,8
2023,150N,2023-08-07,2023-08-11,4.0,0,,34.02,rolling_crop_development_ridge,Rolling crop development linear model,Rolling model using current crop status and recent development features.,34.02,18.08546478893864,15.934535211061363,15.934535211061363,87,79,8
2023,50N,2023-08-07,2023-08-11,4.0,3,37.65,58.04,rolling_crop_development_ridge,Rolling crop development linear model,Rolling model using current crop status and recent development features.,58.04,9.30957607364897,48.73042392635103,48.73042392635103,87,79,8
2023,0N,2023-08-07,2023-08-11,4.0,2,22.56,63.62,rolling_crop_development_rf,Rolling crop development random forest,"Rolling non-linear model using weather, GDD and crop-development features.",63.62,20.103959463229685,43.51604053677031,43.51604053677031,87,79,8
2023,100N,2023-08-07,2023-08-11,4.0,2,24.6,65.32,rolling_crop_development_rf,Rolling crop development random forest,"Rolling non-linear model using weather, GDD and crop-development features.",65.32,25.326796611888884,39.99320338811111,39.99320338811111,87,79,8
2023,150N,2023-08-07,2023-08-11,4.0,0,,34.02,rolling_crop_development_rf,Rolling crop development random forest,"Rolling non-linear model using weather, GDD and crop-development features.",34.02,25.48882323134782,8.531176768652184,8.531176768652184,87,79,8
2023,50N,2023-08-07,2023-08-11,4.0,3,37.65,58.04,rolling_crop_development_rf,Rolling crop development random forest,"Rolling non-linear model using weather, GDD and crop-development features.",58.04,25.640490989580908,32.399509010419095,32.399509010419095,87,79,8
2023,0N,2023-08-11,2023-08-13,2.0,7,63.62,24.69,rolling_persistence,Rolling persistence baseline,Predicts next fresh matter using current fresh matter from the same treatment.,24.69,63.62,-38.92999999999999,38.92999999999999,91,79,12
2023,100N,2023-08-11,2023-08-13,2.0,6,65.32,69.62,rolling_persistence,Rolling persistence baseline,Predicts next fresh matter using current fresh matter from the same treatment.,69.62,65.32,4.300000000000011,4.300000000000011,91,79,12
2023,150N,2023-08-11,2023-08-13,2.0,4,34.02,97.47,rolling_persistence,Rolling persistence baseline,Predicts next fresh matter using current fresh matter from the same treatment.,97.47,34.02,63.449999999999996,63.449999999999996,91,79,12
2023,50N,2023-08-11,2023-08-13,2.0,6,58.04,48.12,rolling_persistence,Rolling persistence baseline,Predicts next fresh matter using current fresh matter from the same treatment.,48.12,58.04,-9.920000000000002,9.920000000000002,91,79,12
2023,0N,2023-08-11,2023-08-13,2.0,7,63.62,24.69,rolling_treatment_mean,Rolling treatment mean baseline,Predicts from historical mean fresh matter for the same nitrogen treatment.,24.69,17.2245,7.465500000000002,7.465500000000002,91,79,12
2023,100N,2023-08-11,2023-08-13,2.0,6,65.32,69.62,rolling_treatment_mean,Rolling treatment mean baseline,Predicts from historical mean fresh matter for the same nitrogen treatment.,69.62,74.25328,-4.633279999999999,4.633279999999999,91,79,12
2023,150N,2023-08-11,2023-08-13,2.0,4,34.02,97.47,rolling_treatment_mean,Rolling treatment mean baseline,Predicts from historical mean fresh matter for the same nitrogen treatment.,97.47,48.50666666666667,48.96333333333333,48.96333333333333,91,79,12
2023,50N,2023-08-11,2023-08-13,2.0,6,58.04,48.12,rolling_treatment_mean,Rolling treatment mean baseline,Predicts from historical mean fresh matter for the same nitrogen treatment.,48.12,46.6508,1.4692000000000007,1.4692000000000007,91,79,12
2023,0N,2023-08-11,2023-08-13,2.0,7,63.62,24.69,rolling_weather_gdd_ridge,Rolling weather + GDD linear model,"Rolling model using treatment, weather and thermal-time features.",24.69,38.90889273079987,-14.218892730799869,14.218892730799869,91,79,12
2023,100N,2023-08-11,2023-08-13,2.0,6,65.32,69.62,rolling_weather_gdd_ridge,Rolling weather + GDD linear model,"Rolling model using treatment, weather and thermal-time features.",69.62,60.92359892911314,8.696401070886864,8.696401070886864,91,79,12
2023,150N,2023-08-11,2023-08-13,2.0,4,34.02,97.47,rolling_weather_gdd_ridge,Rolling weather + GDD linear model,"Rolling model using treatment, weather and thermal-time features.",97.47,71.93095202826977,25.539047971730227,25.539047971730227,91,79,12
2023,50N,2023-08-11,2023-08-13,2.0,6,58.04,48.12,rolling_weather_gdd_ridge,Rolling weather + GDD linear model,"Rolling model using treatment, weather and thermal-time features.",48.12,49.91624582995651,-1.7962458299565114,1.7962458299565114,91,79,12
2023,0N,2023-08-11,2023-08-13,2.0,7,63.62,24.69,rolling_crop_development_ridge,Rolling crop development linear model,Rolling model using current crop status and recent development features.,24.69,41.80121283560334,-17.111212835603336,17.111212835603336,91,79,12
2023,100N,2023-08-11,2023-08-13,2.0,6,65.32,69.62,rolling_crop_development_ridge,Rolling crop development linear model,Rolling model using current crop status and recent development features.,69.62,48.27524419167267,21.344755808327335,21.344755808327335,91,79,12
2023,150N,2023-08-11,2023-08-13,2.0,4,34.02,97.47,rolling_crop_development_ridge,Rolling crop development linear model,Rolling model using current crop status and recent development features.,97.47,36.198624358979636,61.27137564102036,61.27137564102036,91,79,12
2023,50N,2023-08-11,2023-08-13,2.0,6,58.04,48.12,rolling_crop_development_ridge,Rolling crop development linear model,Rolling model using current crop status and recent development features.,48.12,40.25906757212112,7.860932427878879,7.860932427878879,91,79,12
2023,0N,2023-08-11,2023-08-13,2.0,7,63.62,24.69,rolling_crop_development_rf,Rolling crop development random forest,"Rolling non-linear model using weather, GDD and crop-development features.",24.69,53.44663279304819,-28.756632793048187,28.756632793048187,91,79,12
2023,100N,2023-08-11,2023-08-13,2.0,6,65.32,69.62,rolling_crop_development_rf,Rolling crop development random forest,"Rolling non-linear model using weather, GDD and crop-development features.",69.62,61.81020619888501,7.809793801114992,7.809793801114992,91,79,12
2023,150N,2023-08-11,2023-08-13,2.0,4,34.02,97.47,rolling_crop_development_rf,Rolling crop development random forest,"Rolling non-linear model using weather, GDD and crop-development features.",97.47,32.7176253675128,64.7523746324872,64.7523746324872,91,79,12
2023,50N,2023-08-11,2023-08-13,2.0,6,58.04,48.12,rolling_crop_development_rf,Rolling crop development random forest,"Rolling non-linear model using weather, GDD and crop-development features.",48.12,43.766116525839294,4.353883474160703,4.353883474160703,91,79,12
2023,0N,2023-08-13,2023-08-17,4.0,5,24.69,32.81,rolling_persistence,Rolling persistence baseline,Predicts next fresh matter using current fresh matter from the same treatment.,32.81,24.69,8.120000000000001,8.120000000000001,95,79,16
2023,100N,2023-08-13,2023-08-17,4.0,9,69.62,71.03,rolling_persistence,Rolling persistence baseline,Predicts next fresh matter using current fresh matter from the same treatment.,71.03,69.62,1.4099999999999966,1.4099999999999966,95,79,16
2023,150N,2023-08-13,2023-08-17,4.0,9,97.47,90.22,rolling_persistence,Rolling persistence baseline,Predicts next fresh matter using current fresh matter from the same treatment.,90.22,97.47,-7.25,7.25,95,79,16
2023,50N,2023-08-13,2023-08-17,4.0,5,48.12,88.5,rolling_persistence,Rolling persistence baseline,Predicts next fresh matter using current fresh matter from the same treatment.,88.5,48.12,40.38,40.38,95,79,16
2023,0N,2023-08-13,2023-08-17,4.0,5,24.69,32.81,rolling_treatment_mean,Rolling treatment mean baseline,Predicts from historical mean fresh matter for the same nitrogen treatment.,32.81,17.580000000000002,15.23,15.23,95,79,16
2023,100N,2023-08-13,2023-08-17,4.0,9,69.62,71.03,rolling_treatment_mean,Rolling treatment mean baseline,Predicts from historical mean fresh matter for the same nitrogen treatment.,71.03,74.07507692307692,-3.0450769230769197,3.0450769230769197,95,79,16
2023,150N,2023-08-13,2023-08-17,4.0,9,97.47,90.22,rolling_treatment_mean,Rolling treatment mean baseline,Predicts from historical mean fresh matter for the same nitrogen treatment.,90.22,50.73227272727272,39.48772727272728,39.48772727272728,95,79,16
2023,50N,2023-08-13,2023-08-17,4.0,5,48.12,88.5,rolling_treatment_mean,Rolling treatment mean baseline,Predicts from historical mean fresh matter for the same nitrogen treatment.,88.5,46.70730769230769,41.79269230769231,41.79269230769231,95,79,16
2023,0N,2023-08-13,2023-08-17,4.0,5,24.69,32.81,rolling_weather_gdd_ridge,Rolling weather + GDD linear model,"Rolling model using treatment, weather and thermal-time features.",32.81,55.50758951278505,-22.69758951278505,22.69758951278505,95,79,16
2023,100N,2023-08-13,2023-08-17,4.0,9,69.62,71.03,rolling_weather_gdd_ridge,Rolling weather + GDD linear model,"Rolling model using treatment, weather and thermal-time features.",71.03,78.76420977938704,-7.734209779387044,7.734209779387044,95,79,16
2023,150N,2023-08-13,2023-08-17,4.0,9,97.47,90.22,rolling_weather_gdd_ridge,Rolling weather + GDD linear model,"Rolling model using treatment, weather and thermal-time features.",90.22,90.39251991268803,-0.17251991268803124,0.17251991268803124,95,79,16
2023,50N,2023-08-13,2023-08-17,4.0,5,48.12,88.5,rolling_weather_gdd_ridge,Rolling weather + GDD linear model,"Rolling model using treatment, weather and thermal-time features.",88.5,67.13589964608605,21.364100353913955,21.364100353913955,95,79,16
2023,0N,2023-08-13,2023-08-17,4.0,5,24.69,32.81,rolling_crop_development_ridge,Rolling crop development linear model,Rolling model using current crop status and recent development features.,32.81,45.00325148319628,-12.193251483196278,12.193251483196278,95,79,16
2023,100N,2023-08-13,2023-08-17,4.0,9,69.62,71.03,rolling_crop_development_ridge,Rolling crop development linear model,Rolling model using current crop status and recent development features.,71.03,51.18817199363839,19.84182800636161,19.84182800636161,95,79,16
2023,150N,2023-08-13,2023-08-17,4.0,9,97.47,90.22,rolling_crop_development_ridge,Rolling crop development linear model,Rolling model using current crop status and recent development features.,90.22,71.50733804666585,18.71266195333415,18.71266195333415,95,79,16
2023,50N,2023-08-13,2023-08-17,4.0,5,48.12,88.5,rolling_crop_development_ridge,Rolling crop development linear model,Rolling model using current crop status and recent development features.,88.5,50.10802400419985,38.39197599580015,38.39197599580015,95,79,16
2023,0N,2023-08-13,2023-08-17,4.0,5,24.69,32.81,rolling_crop_development_rf,Rolling crop development random forest,"Rolling non-linear model using weather, GDD and crop-development features.",32.81,34.959152188983914,-2.149152188983912,2.149152188983912,95,79,16
2023,100N,2023-08-13,2023-08-17,4.0,9,69.62,71.03,rolling_crop_development_rf,Rolling crop development random forest,"Rolling non-linear model using weather, GDD and crop-development features.",71.03,71.04615566762116,-0.01615566762116316,0.01615566762116316,95,79,16
2023,150N,2023-08-13,2023-08-17,4.0,9,97.47,90.22,rolling_crop_development_rf,Rolling crop development random forest,"Rolling non-linear model using weather, GDD and crop-development features.",90.22,69.75753330151841,20.46246669848159,20.46246669848159,95,79,16
2023,50N,2023-08-13,2023-08-17,4.0,5,48.12,88.5,rolling_crop_development_rf,Rolling crop development random forest,"Rolling non-linear model using weather, GDD and crop-development features.",88.5,54.411035152303114,34.088964847696886,34.088964847696886,95,79,16
2023,0N,2023-08-17,2023-08-21,4.0,6,32.81,30.54,rolling_persistence,Rolling persistence baseline,Predicts next fresh matter using current fresh matter from the same treatment.,30.54,32.81,-2.270000000000003,2.270000000000003,99,79,20
2023,100N,2023-08-17,2023-08-21,4.0,9,71.03,93.9,rolling_persistence,Rolling persistence baseline,Predicts next fresh matter using current fresh matter from the same treatment.,93.9,71.03,22.870000000000005,22.870000000000005,99,79,20
2023,150N,2023-08-17,2023-08-21,4.0,12,90.22,82.8,rolling_persistence,Rolling persistence baseline,Predicts next fresh matter using current fresh matter from the same treatment.,82.8,90.22,-7.420000000000002,7.420000000000002,99,79,20
2023,50N,2023-08-17,2023-08-21,4.0,12,88.5,75.43,rolling_persistence,Rolling persistence baseline,Predicts next fresh matter using current fresh matter from the same treatment.,75.43,88.5,-13.069999999999993,13.069999999999993,99,79,20
2023,0N,2023-08-17,2023-08-21,4.0,6,32.81,30.54,rolling_treatment_mean,Rolling treatment mean baseline,Predicts from historical mean fresh matter for the same nitrogen treatment.,30.54,18.27227272727273,12.26772727272727,12.26772727272727,99,79,20
2023,100N,2023-08-17,2023-08-21,4.0,9,71.03,93.9,rolling_treatment_mean,Rolling treatment mean baseline,Predicts from historical mean fresh matter for the same nitrogen treatment.,93.9,73.9622962962963,19.937703703703704,19.937703703703704,99,79,20
2023,150N,2023-08-17,2023-08-21,4.0,12,90.22,82.8,rolling_treatment_mean,Rolling treatment mean baseline,Predicts from historical mean fresh matter for the same nitrogen treatment.,82.8,52.4491304347826,30.350869565217394,30.350869565217394,99,79,20
2023,50N,2023-08-17,2023-08-21,4.0,12,88.5,75.43,rolling_treatment_mean,Rolling treatment mean baseline,Predicts from historical mean fresh matter for the same nitrogen treatment.,75.43,48.255185185185184,27.174814814814823,27.174814814814823,99,79,20
2023,0N,2023-08-17,2023-08-21,4.0,6,32.81,30.54,rolling_weather_gdd_ridge,Rolling weather + GDD linear model,"Rolling model using treatment, weather and thermal-time features.",30.54,35.579345201895634,-5.039345201895635,5.039345201895635,99,79,20
2023,100N,2023-08-17,2023-08-21,4.0,9,71.03,93.9,rolling_weather_gdd_ridge,Rolling weather + GDD linear model,"Rolling model using treatment, weather and thermal-time features.",93.9,59.15527445540835,34.74472554459165,34.74472554459165,99,79,20
2023,150N,2023-08-17,2023-08-21,4.0,12,90.22,82.8,rolling_weather_gdd_ridge,Rolling weather + GDD linear model,"Rolling model using treatment, weather and thermal-time features.",82.8,70.94323908216472,11.856760917835274,11.856760917835274,99,79,20
2023,50N,2023-08-17,2023-08-21,4.0,12,88.5,75.43,rolling_weather_gdd_ridge,Rolling weather + GDD linear model,"Rolling model using treatment, weather and thermal-time features.",75.43,47.36730982865199,28.062690171348017,28.062690171348017,99,79,20
2023,0N,2023-08-17,2023-08-21,4.0,6,32.81,30.54,rolling_crop_development_ridge,Rolling crop development linear model,Rolling model using current crop status and recent development features.,30.54,43.36066954504817,-12.820669545048169,12.820669545048169,99,79,20
2023,100N,2023-08-17,2023-08-21,4.0,9,71.03,93.9,rolling_crop_development_ridge,Rolling crop development linear model,Rolling model using current crop status and recent development features.,93.9,58.59708900040736,35.30291099959265,35.30291099959265,99,79,20
2023,150N,2023-08-17,2023-08-21,4.0,12,90.22,82.8,rolling_crop_development_ridge,Rolling crop development linear model,Rolling model using current crop status and recent development features.,82.8,66.39022202170347,16.409777978296532,16.409777978296532,99,79,20
2023,50N,2023-08-17,2023-08-21,4.0,12,88.5,75.43,rolling_crop_development_ridge,Rolling crop development linear model,Rolling model using current crop status and recent development features.,75.43,46.23691618731674,29.19308381268327,29.19308381268327,99,79,20
2023,0N,2023-08-17,2023-08-21,4.0,6,32.81,30.54,rolling_crop_development_rf,Rolling crop development random forest,"Rolling non-linear model using weather, GDD and crop-development features.",30.54,28.44183749586985,2.0981625041301477,2.0981625041301477,99,79,20
2023,100N,2023-08-17,2023-08-21,4.0,9,71.03,93.9,rolling_crop_development_rf,Rolling crop development random forest,"Rolling non-linear model using weather, GDD and crop-development features.",93.9,79.86531065243535,14.034689347564651,14.034689347564651,99,79,20
2023,150N,2023-08-17,2023-08-21,4.0,12,90.22,82.8,rolling_crop_development_rf,Rolling crop development random forest,"Rolling non-linear model using weather, GDD and crop-development features.",82.8,77.25978163041052,5.540218369589482,5.540218369589482,99,79,20
2023,50N,2023-08-17,2023-08-21,4.0,12,88.5,75.43,rolling_crop_development_rf,Rolling crop development random forest,"Rolling non-linear model using weather, GDD and crop-development features.",75.43,68.00727495032268,7.422725049677325,7.422725049677325,99,79,20
2023,0N,2023-08-21,2023-08-24,3.0,5,30.54,9.12,rolling_persistence,Rolling persistence baseline,Predicts next fresh matter using current fresh matter from the same treatment.,9.12,30.54,-21.42,21.42,103,79,24
2023,100N,2023-08-21,2023-08-24,3.0,13,93.9,40.22,rolling_persistence,Rolling persistence baseline,Predicts next fresh matter using current fresh matter from the same treatment.,40.22,93.9,-53.68000000000001,53.68000000000001,103,79,24
2023,150N,2023-08-21,2023-08-24,3.0,12,82.8,53.65,rolling_persistence,Rolling persistence baseline,Predicts next fresh matter using current fresh matter from the same treatment.,53.65,82.8,-29.15,29.15,103,79,24
2023,50N,2023-08-21,2023-08-24,3.0,10,75.43,15.72,rolling_persistence,Rolling persistence baseline,Predicts next fresh matter using current fresh matter from the same treatment.,15.72,75.43,-59.71000000000001,59.71000000000001,103,79,24
2023,0N,2023-08-21,2023-08-24,3.0,5,30.54,9.12,rolling_treatment_mean,Rolling treatment mean baseline,Predicts from historical mean fresh matter for the same nitrogen treatment.,9.12,18.805652173913042,-9.685652173913043,9.685652173913043,103,79,24
2023,100N,2023-08-21,2023-08-24,3.0,13,93.9,40.22,rolling_treatment_mean,Rolling treatment mean baseline,Predicts from historical mean fresh matter for the same nitrogen treatment.,40.22,74.67435714285715,-34.45435714285715,34.45435714285715,103,79,24
2023,150N,2023-08-21,2023-08-24,3.0,12,82.8,53.65,rolling_treatment_mean,Rolling treatment mean baseline,Predicts from historical mean fresh matter for the same nitrogen treatment.,53.65,53.713750000000005,-0.06375000000000597,0.06375000000000597,103,79,24
2023,50N,2023-08-21,2023-08-24,3.0,10,75.43,15.72,rolling_treatment_mean,Rolling treatment mean baseline,Predicts from historical mean fresh matter for the same nitrogen treatment.,15.72,49.22571428571428,-33.505714285714284,33.505714285714284,103,79,24
2023,0N,2023-08-21,2023-08-24,3.0,5,30.54,9.12,rolling_weather_gdd_ridge,Rolling weather + GDD linear model,"Rolling model using treatment, weather and thermal-time features.",9.12,46.77602286040063,-37.65602286040063,37.65602286040063,103,79,24
2023,100N,2023-08-21,2023-08-24,3.0,13,93.9,40.22,rolling_weather_gdd_ridge,Rolling weather + GDD linear model,"Rolling model using treatment, weather and thermal-time features.",40.22,70.91330045324099,-30.693300453240994,30.693300453240994,103,79,24
2023,150N,2023-08-21,2023-08-24,3.0,12,82.8,53.65,rolling_weather_gdd_ridge,Rolling weather + GDD linear model,"Rolling model using treatment, weather and thermal-time features.",53.65,82.98193924966117,-29.33193924966117,29.33193924966117,103,79,24
2023,50N,2023-08-21,2023-08-24,3.0,10,75.43,15.72,rolling_weather_gdd_ridge,Rolling weather + GDD linear model,"Rolling model using treatment, weather and thermal-time features.",15.72,58.844661656820804,-43.124661656820805,43.124661656820805,103,79,24
2023,0N,2023-08-21,2023-08-24,3.0,5,30.54,9.12,rolling_crop_development_ridge,Rolling crop development linear model,Rolling model using current crop status and recent development features.,9.12,46.81235843533213,-37.69235843533213,37.69235843533213,103,79,24
2023,100N,2023-08-21,2023-08-24,3.0,13,93.9,40.22,rolling_crop_development_ridge,Rolling crop development linear model,Rolling model using current crop status and recent development features.,40.22,72.36075932486219,-32.14075932486219,32.14075932486219,103,79,24
2023,150N,2023-08-21,2023-08-24,3.0,12,82.8,53.65,rolling_crop_development_ridge,Rolling crop development linear model,Rolling model using current crop status and recent development features.,53.65,74.70966738787408,-21.05966738787408,21.05966738787408,103,79,24
2023,50N,2023-08-21,2023-08-24,3.0,10,75.43,15.72,rolling_crop_development_ridge,Rolling crop development linear model,Rolling model using current crop status and recent development features.,15.72,61.094453787919605,-45.374453787919606,45.374453787919606,103,79,24
2023,0N,2023-08-21,2023-08-24,3.0,5,30.54,9.12,rolling_crop_development_rf,Rolling crop development random forest,"Rolling non-linear model using weather, GDD and crop-development features.",9.12,32.76384717110064,-23.643847171100646,23.643847171100646,103,79,24
2023,100N,2023-08-21,2023-08-24,3.0,13,93.9,40.22,rolling_crop_development_rf,Rolling crop development random forest,"Rolling non-linear model using weather, GDD and crop-development features.",40.22,85.99390308261201,-45.77390308261201,45.77390308261201,103,79,24
2023,150N,2023-08-21,2023-08-24,3.0,12,82.8,53.65,rolling_crop_development_rf,Rolling crop development random forest,"Rolling non-linear model using weather, GDD and crop-development features.",53.65,94.90352015321642,-41.25352015321642,41.25352015321642,103,79,24
2023,50N,2023-08-21,2023-08-24,3.0,10,75.43,15.72,rolling_crop_development_rf,Rolling crop development random forest,"Rolling non-linear model using weather, GDD and crop-development features.",15.72,84.33684952114483,-68.61684952114483,68.61684952114483,103,79,24
2023,0N,2023-08-24,2023-08-27,3.0,2,9.12,16.52,rolling_persistence,Rolling persistence baseline,Predicts next fresh matter using current fresh matter from the same treatment.,16.52,9.12,7.4,7.4,107,79,28
2023,100N,2023-08-24,2023-08-27,3.0,6,40.22,50.09,rolling_persistence,Rolling persistence baseline,Predicts next fresh matter using current fresh matter from the same treatment.,50.09,40.22,9.870000000000005,9.870000000000005,107,79,28
2023,150N,2023-08-24,2023-08-27,3.0,10,53.65,57.09,rolling_persistence,Rolling persistence baseline,Predicts next fresh matter using current fresh matter from the same treatment.,57.09,53.65,3.440000000000005,3.440000000000005,107,79,28
2023,50N,2023-08-24,2023-08-27,3.0,2,15.72,45.12,rolling_persistence,Rolling persistence baseline,Predicts next fresh matter using current fresh matter from the same treatment.,45.12,15.72,29.4,29.4,107,79,28
2023,0N,2023-08-24,2023-08-27,3.0,2,9.12,16.52,rolling_treatment_mean,Rolling treatment mean baseline,Predicts from historical mean fresh matter for the same nitrogen treatment.,16.52,18.402083333333334,-1.882083333333334,1.882083333333334,107,79,28
2023,100N,2023-08-24,2023-08-27,3.0,6,40.22,50.09,rolling_treatment_mean,Rolling treatment mean baseline,Predicts from historical mean fresh matter for the same nitrogen treatment.,50.09,73.48627586206896,-23.39627586206896,23.39627586206896,107,79,28
2023,150N,2023-08-24,2023-08-27,3.0,10,53.65,57.09,rolling_treatment_mean,Rolling treatment mean baseline,Predicts from historical mean fresh matter for the same nitrogen treatment.,57.09,53.7112,3.3788000000000054,3.3788000000000054,107,79,28
2023,50N,2023-08-24,2023-08-27,3.0,2,15.72,45.12,rolling_treatment_mean,Rolling treatment mean baseline,Predicts from historical mean fresh matter for the same nitrogen treatment.,45.12,48.070344827586204,-2.950344827586207,2.950344827586207,107,79,28
2023,0N,2023-08-24,2023-08-27,3.0,2,9.12,16.52,rolling_weather_gdd_ridge,Rolling weather + GDD linear model,"Rolling model using treatment, weather and thermal-time features.",16.52,36.552446249022765,-20.032446249022765,20.032446249022765,107,79,28
2023,100N,2023-08-24,2023-08-27,3.0,6,40.22,50.09,rolling_weather_gdd_ridge,Rolling weather + GDD linear model,"Rolling model using treatment, weather and thermal-time features.",50.09,60.87064787107807,-10.780647871078067,10.780647871078067,107,79,28
2023,150N,2023-08-24,2023-08-27,3.0,10,53.65,57.09,rolling_weather_gdd_ridge,Rolling weather + GDD linear model,"Rolling model using treatment, weather and thermal-time features.",57.09,73.02974868210572,-15.939748682105716,15.939748682105716,107,79,28
2023,50N,2023-08-24,2023-08-27,3.0,2,15.72,45.12,rolling_weather_gdd_ridge,Rolling weather + GDD linear model,"Rolling model using treatment, weather and thermal-time features.",45.12,48.71154706005042,-3.5915470600504236,3.5915470600504236,107,79,28
2023,0N,2023-08-24,2023-08-27,3.0,2,9.12,16.52,rolling_crop_development_ridge,Rolling crop development linear model,Rolling model using current crop status and recent development features.,16.52,14.84988099088374,1.6701190091162594,1.6701190091162594,107,79,28
2023,100N,2023-08-24,2023-08-27,3.0,6,40.22,50.09,rolling_crop_development_ridge,Rolling crop development linear model,Rolling model using current crop status and recent development features.,50.09,49.43264177450077,0.6573582254992303,0.6573582254992303,107,79,28
2023,150N,2023-08-24,2023-08-27,3.0,10,53.65,57.09,rolling_crop_development_ridge,Rolling crop development linear model,Rolling model using current crop status and recent development features.,57.09,56.022887531167754,1.0671124688322493,1.0671124688322493,107,79,28
2023,50N,2023-08-24,2023-08-27,3.0,2,15.72,45.12,rolling_crop_development_ridge,Rolling crop development linear model,Rolling model using current crop status and recent development features.,45.12,33.59836216767496,11.521637832325034,11.521637832325034,107,79,28
2023,0N,2023-08-24,2023-08-27,3.0,2,9.12,16.52,rolling_crop_development_rf,Rolling crop development random forest,"Rolling non-linear model using weather, GDD and crop-development features.",16.52,22.23208036487521,-5.712080364875209,5.712080364875209,107,79,28
2023,100N,2023-08-24,2023-08-27,3.0,6,40.22,50.09,rolling_crop_development_rf,Rolling crop development random forest,"Rolling non-linear model using weather, GDD and crop-development features.",50.09,43.415316300612886,6.674683699387117,6.674683699387117,107,79,28
2023,150N,2023-08-24,2023-08-27,3.0,10,53.65,57.09,rolling_crop_development_rf,Rolling crop development random forest,"Rolling non-linear model using weather, GDD and crop-development features.",57.09,48.157319982125905,8.932680017874098,8.932680017874098,107,79,28
2023,50N,2023-08-24,2023-08-27,3.0,2,15.72,45.12,rolling_crop_development_rf,Rolling crop development random forest,"Rolling non-linear model using weather, GDD and crop-development features.",45.12,42.6916796482297,2.428320351770296,2.428320351770296,107,79,28
2023,0N,2023-08-27,2023-08-31,4.0,2,16.52,32.98,rolling_persistence,Rolling persistence baseline,Predicts next fresh matter using current fresh matter from the same treatment.,32.98,16.52,16.459999999999997,16.459999999999997,111,79,32
2023,100N,2023-08-27,2023-08-31,4.0,7,50.09,56.04,rolling_persistence,Rolling persistence baseline,Predicts next fresh matter using current fresh matter from the same treatment.,56.04,50.09,5.949999999999996,5.949999999999996,111,79,32
2023,150N,2023-08-27,2023-08-31,4.0,8,57.09,43.28,rolling_persistence,Rolling persistence baseline,Predicts next fresh matter using current fresh matter from the same treatment.,43.28,57.09,-13.810000000000002,13.810000000000002,111,79,32
2023,50N,2023-08-27,2023-08-31,4.0,7,45.12,52.75,rolling_persistence,Rolling persistence baseline,Predicts next fresh matter using current fresh matter from the same treatment.,52.75,45.12,7.630000000000003,7.630000000000003,111,79,32
2023,0N,2023-08-27,2023-08-31,4.0,2,16.52,32.98,rolling_treatment_mean,Rolling treatment mean baseline,Predicts from historical mean fresh matter for the same nitrogen treatment.,32.98,18.326800000000002,14.653199999999995,14.653199999999995,111,79,32
2023,100N,2023-08-27,2023-08-31,4.0,7,50.09,56.04,rolling_treatment_mean,Rolling treatment mean baseline,Predicts from historical mean fresh matter for the same nitrogen treatment.,56.04,72.7064,-16.666400000000003,16.666400000000003,111,79,32
2023,150N,2023-08-27,2023-08-31,4.0,8,57.09,43.28,rolling_treatment_mean,Rolling treatment mean baseline,Predicts from historical mean fresh matter for the same nitrogen treatment.,43.28,53.841153846153844,-10.561153846153843,10.561153846153843,111,79,32
2023,50N,2023-08-27,2023-08-31,4.0,7,45.12,52.75,rolling_treatment_mean,Rolling treatment mean baseline,Predicts from historical mean fresh matter for the same nitrogen treatment.,52.75,47.972,4.777999999999999,4.777999999999999,111,79,32
2023,0N,2023-08-27,2023-08-31,4.0,2,16.52,32.98,rolling_weather_gdd_ridge,Rolling weather + GDD linear model,"Rolling model using treatment, weather and thermal-time features.",32.98,32.62759471567885,0.3524052843211436,0.3524052843211436,111,79,32
2023,100N,2023-08-27,2023-08-31,4.0,7,50.09,56.04,rolling_weather_gdd_ridge,Rolling weather + GDD linear model,"Rolling model using treatment, weather and thermal-time features.",56.04,56.98846982695448,-0.9484698269544793,0.9484698269544793,111,79,32
2023,150N,2023-08-27,2023-08-31,4.0,8,57.09,43.28,rolling_weather_gdd_ridge,Rolling weather + GDD linear model,"Rolling model using treatment, weather and thermal-time features.",43.28,69.1689073825923,-25.888907382592294,25.888907382592294,111,79,32
2023,50N,2023-08-27,2023-08-31,4.0,7,45.12,52.75,rolling_weather_gdd_ridge,Rolling weather + GDD linear model,"Rolling model using treatment, weather and thermal-time features.",52.75,44.80803227131666,7.941967728683338,7.941967728683338,111,79,32
2023,0N,2023-08-27,2023-08-31,4.0,2,16.52,32.98,rolling_crop_development_ridge,Rolling crop development linear model,Rolling model using current crop status and recent development features.,32.98,21.362243160080766,11.617756839919231,11.617756839919231,111,79,32
2023,100N,2023-08-27,2023-08-31,4.0,7,50.09,56.04,rolling_crop_development_ridge,Rolling crop development linear model,Rolling model using current crop status and recent development features.,56.04,51.040330519893736,4.999669480106263,4.999669480106263,111,79,32
2023,150N,2023-08-27,2023-08-31,4.0,8,57.09,43.28,rolling_crop_development_ridge,Rolling crop development linear model,Rolling model using current crop status and recent development features.,43.28,68.80112774929057,-25.52112774929057,25.52112774929057,111,79,32
2023,50N,2023-08-27,2023-08-31,4.0,7,45.12,52.75,rolling_crop_development_ridge,Rolling crop development linear model,Rolling model using current crop status and recent development features.,52.75,41.98160122428558,10.768398775714417,10.768398775714417,111,79,32
2023,0N,2023-08-27,2023-08-31,4.0,2,16.52,32.98,rolling_crop_development_rf,Rolling crop development random forest,"Rolling non-linear model using weather, GDD and crop-development features.",32.98,16.952989406513975,16.027010593486022,16.027010593486022,111,79,32
2023,100N,2023-08-27,2023-08-31,4.0,7,50.09,56.04,rolling_crop_development_rf,Rolling crop development random forest,"Rolling non-linear model using weather, GDD and crop-development features.",56.04,47.94328175655042,8.09671824344958,8.09671824344958,111,79,32
2023,150N,2023-08-27,2023-08-31,4.0,8,57.09,43.28,rolling_crop_development_rf,Rolling crop development random forest,"Rolling non-linear model using weather, GDD and crop-development features.",43.28,51.06149521974021,-7.781495219740208,7.781495219740208,111,79,32
2023,50N,2023-08-27,2023-08-31,4.0,7,45.12,52.75,rolling_crop_development_rf,Rolling crop development random forest,"Rolling non-linear model using weather, GDD and crop-development features.",52.75,48.14133138328264,4.60866861671736,4.60866861671736,111,79,32
2023,0N,2023-08-31,2023-09-05,5.0,5,32.98,19.45,rolling_persistence,Rolling persistence baseline,Predicts next fresh matter using current fresh matter from the same treatment.,19.45,32.98,-13.529999999999998,13.529999999999998,115,79,36
2023,100N,2023-08-31,2023-09-05,5.0,7,56.04,91.04,rolling_persistence,Rolling persistence baseline,Predicts next fresh matter using current fresh matter from the same treatment.,91.04,56.04,35.00000000000001,35.00000000000001,115,79,36
2023,150N,2023-08-31,2023-09-05,5.0,6,43.28,7.33,rolling_persistence,Rolling persistence baseline,Predicts next fresh matter using current fresh matter from the same treatment.,7.33,43.28,-35.95,35.95,115,79,36
2023,50N,2023-08-31,2023-09-05,5.0,7,52.75,55.04,rolling_persistence,Rolling persistence baseline,Predicts next fresh matter using current fresh matter from the same treatment.,55.04,52.75,2.289999999999999,2.289999999999999,115,79,36
2023,0N,2023-08-31,2023-09-05,5.0,5,32.98,19.45,rolling_treatment_mean,Rolling treatment mean baseline,Predicts from historical mean fresh matter for the same nitrogen treatment.,19.45,18.890384615384615,0.559615384615384,0.559615384615384,115,79,36
2023,100N,2023-08-31,2023-09-05,5.0,7,56.04,91.04,rolling_treatment_mean,Rolling treatment mean baseline,Predicts from historical mean fresh matter for the same nitrogen treatment.,91.04,72.16877419354839,18.87122580645162,18.87122580645162,115,79,36
2023,150N,2023-08-31,2023-09-05,5.0,6,43.28,7.33,rolling_treatment_mean,Rolling treatment mean baseline,Predicts from historical mean fresh matter for the same nitrogen treatment.,7.33,53.45,-46.120000000000005,46.120000000000005,115,79,36
2023,50N,2023-08-31,2023-09-05,5.0,7,52.75,55.04,rolling_treatment_mean,Rolling treatment mean baseline,Predicts from historical mean fresh matter for the same nitrogen treatment.,55.04,48.12612903225807,6.9138709677419286,6.9138709677419286,115,79,36
2023,0N,2023-08-31,2023-09-05,5.0,5,32.98,19.45,rolling_weather_gdd_ridge,Rolling weather + GDD linear model,"Rolling model using treatment, weather and thermal-time features.",19.45,25.65908950869381,-6.209089508693811,6.209089508693811,115,79,36
2023,100N,2023-08-31,2023-09-05,5.0,7,56.04,91.04,rolling_weather_gdd_ridge,Rolling weather + GDD linear model,"Rolling model using treatment, weather and thermal-time features.",91.04,49.347922227245384,41.69207777275462,41.69207777275462,115,79,36
2023,150N,2023-08-31,2023-09-05,5.0,6,43.28,7.33,rolling_weather_gdd_ridge,Rolling weather + GDD linear model,"Rolling model using treatment, weather and thermal-time features.",7.33,61.192338586521174,-53.862338586521176,53.862338586521176,115,79,36
2023,50N,2023-08-31,2023-09-05,5.0,7,52.75,55.04,rolling_weather_gdd_ridge,Rolling weather + GDD linear model,"Rolling model using treatment, weather and thermal-time features.",55.04,37.503505867969594,17.536494132030406,17.536494132030406,115,79,36
2023,0N,2023-08-31,2023-09-05,5.0,5,32.98,19.45,rolling_crop_development_ridge,Rolling crop development linear model,Rolling model using current crop status and recent development features.,19.45,37.83685252146116,-18.38685252146116,18.38685252146116,115,79,36
2023,100N,2023-08-31,2023-09-05,5.0,7,56.04,91.04,rolling_crop_development_ridge,Rolling crop development linear model,Rolling model using current crop status and recent development features.,91.04,73.20273414066234,17.837265859337663,17.837265859337663,115,79,36
2023,150N,2023-08-31,2023-09-05,5.0,6,43.28,7.33,rolling_crop_development_ridge,Rolling crop development linear model,Rolling model using current crop status and recent development features.,7.33,77.74601022898403,-70.41601022898404,70.41601022898404,115,79,36
2023,50N,2023-08-31,2023-09-05,5.0,7,52.75,55.04,rolling_crop_development_ridge,Rolling crop development linear model,Rolling model using current crop status and recent development features.,55.04,61.64689506442808,-6.60689506442808,6.60689506442808,115,79,36
2023,0N,2023-08-31,2023-09-05,5.0,5,32.98,19.45,rolling_crop_development_rf,Rolling crop development random forest,"Rolling non-linear model using weather, GDD and crop-development features.",19.45,21.397826475675085,-1.947826475675086,1.947826475675086,115,79,36
2023,100N,2023-08-31,2023-09-05,5.0,7,56.04,91.04,rolling_crop_development_rf,Rolling crop development random forest,"Rolling non-linear model using weather, GDD and crop-development features.",91.04,45.68429939207119,45.35570060792882,45.35570060792882,115,79,36
2023,150N,2023-08-31,2023-09-05,5.0,6,43.28,7.33,rolling_crop_development_rf,Rolling crop development random forest,"Rolling non-linear model using weather, GDD and crop-development features.",7.33,44.456337361059845,-37.126337361059846,37.126337361059846,115,79,36
2023,50N,2023-08-31,2023-09-05,5.0,7,52.75,55.04,rolling_crop_development_rf,Rolling crop development random forest,"Rolling non-linear model using weather, GDD and crop-development features.",55.04,43.978416266296264,11.061583733703735,11.061583733703735,115,79,36
2023,0N,2023-09-05,2023-09-09,4.0,4,19.45,7.34,rolling_persistence,Rolling persistence baseline,Predicts next fresh matter using current fresh matter from the same treatment.,7.34,19.45,-12.11,12.11,119,79,40
2023,100N,2023-09-05,2023-09-09,4.0,10,91.04,12.27,rolling_persistence,Rolling persistence baseline,Predicts next fresh matter using current fresh matter from the same treatment.,12.27,91.04,-78.77000000000001,78.77000000000001,119,79,40
2023,150N,2023-09-05,2023-09-09,4.0,1,7.33,41.5,rolling_persistence,Rolling persistence baseline,Predicts next fresh matter using current fresh matter from the same treatment.,41.5,7.33,34.17,34.17,119,79,40
2023,50N,2023-09-05,2023-09-09,4.0,7,55.04,6.59,rolling_persistence,Rolling persistence baseline,Predicts next fresh matter using current fresh matter from the same treatment.,6.59,55.04,-48.45,48.45,119,79,40
2023,0N,2023-09-05,2023-09-09,4.0,4,19.45,7.34,rolling_treatment_mean,Rolling treatment mean baseline,Predicts from historical mean fresh matter for the same nitrogen treatment.,7.34,18.91111111111111,-11.571111111111112,11.571111111111112,119,79,40
2023,100N,2023-09-05,2023-09-09,4.0,10,91.04,12.27,rolling_treatment_mean,Rolling treatment mean baseline,Predicts from historical mean fresh matter for the same nitrogen treatment.,12.27,72.7585,-60.4885,60.4885,119,79,40
2023,150N,2023-09-05,2023-09-09,4.0,1,7.33,41.5,rolling_treatment_mean,Rolling treatment mean baseline,Predicts from historical mean fresh matter for the same nitrogen treatment.,41.5,51.80285714285714,-10.302857142857142,10.302857142857142,119,79,40
2023,50N,2023-09-05,2023-09-09,4.0,7,55.04,6.59,rolling_treatment_mean,Rolling treatment mean baseline,Predicts from historical mean fresh matter for the same nitrogen treatment.,6.59,48.3421875,-41.752187500000005,41.752187500000005,119,79,40
2023,0N,2023-09-05,2023-09-09,4.0,4,19.45,7.34,rolling_weather_gdd_ridge,Rolling weather + GDD linear model,"Rolling model using treatment, weather and thermal-time features.",7.34,12.890760956910668,-5.550760956910668,5.550760956910668,119,79,40
2023,100N,2023-09-05,2023-09-09,4.0,10,91.04,12.27,rolling_weather_gdd_ridge,Rolling weather + GDD linear model,"Rolling model using treatment, weather and thermal-time features.",12.27,35.71485981042626,-23.444859810426262,23.444859810426262,119,79,40
2023,150N,2023-09-05,2023-09-09,4.0,1,7.33,41.5,rolling_weather_gdd_ridge,Rolling weather + GDD linear model,"Rolling model using treatment, weather and thermal-time features.",41.5,47.126909237184066,-5.626909237184066,5.626909237184066,119,79,40
2023,50N,2023-09-05,2023-09-09,4.0,7,55.04,6.59,rolling_weather_gdd_ridge,Rolling weather + GDD linear model,"Rolling model using treatment, weather and thermal-time features.",6.59,24.30281038366846,-17.71281038366846,17.71281038366846,119,79,40
2023,0N,2023-09-05,2023-09-09,4.0,4,19.45,7.34,rolling_crop_development_ridge,Rolling crop development linear model,Rolling model using current crop status and recent development features.,7.34,21.290447920119412,-13.950447920119412,13.950447920119412,119,79,40
2023,100N,2023-09-05,2023-09-09,4.0,10,91.04,12.27,rolling_crop_development_ridge,Rolling crop development linear model,Rolling model using current crop status and recent development features.,12.27,53.9135935097547,-41.643593509754695,41.643593509754695,119,79,40
2023,150N,2023-09-05,2023-09-09,4.0,1,7.33,41.5,rolling_crop_development_ridge,Rolling crop development linear model,Rolling model using current crop status and recent development features.,41.5,45.633712727512126,-4.133712727512126,4.133712727512126,119,79,40
2023,50N,2023-09-05,2023-09-09,4.0,7,55.04,6.59,rolling_crop_development_ridge,Rolling crop development linear model,Rolling model using current crop status and recent development features.,6.59,36.721216809571075,-30.131216809571075,30.131216809571075,119,79,40
2023,0N,2023-09-05,2023-09-09,4.0,4,19.45,7.34,rolling_crop_development_rf,Rolling crop development random forest,"Rolling non-linear model using weather, GDD and crop-development features.",7.34,20.532381359004994,-13.192381359004994,13.192381359004994,119,79,40
2023,100N,2023-09-05,2023-09-09,4.0,10,91.04,12.27,rolling_crop_development_rf,Rolling crop development random forest,"Rolling non-linear model using weather, GDD and crop-development features.",12.27,69.26523649761354,-56.99523649761355,56.99523649761355,119,79,40
2023,150N,2023-09-05,2023-09-09,4.0,1,7.33,41.5,rolling_crop_development_rf,Rolling crop development random forest,"Rolling non-linear model using weather, GDD and crop-development features.",41.5,47.87461147466023,-6.374611474660227,6.374611474660227,119,79,40
2023,50N,2023-09-05,2023-09-09,4.0,7,55.04,6.59,rolling_crop_development_rf,Rolling crop development random forest,"Rolling non-linear model using weather, GDD and crop-development features.",6.59,55.01501805581588,-48.42501805581588,48.42501805581588,119,79,40
2023,0N,2023-09-09,2023-09-13,4.0,1,7.34,7.4,rolling_persistence,Rolling persistence baseline,Predicts next fresh matter using current fresh matter from the same treatment.,7.4,7.34,0.0600000000000005,0.0600000000000005,123,79,44
2023,100N,2023-09-09,2023-09-13,4.0,3,12.27,37.0,rolling_persistence,Rolling persistence baseline,Predicts next fresh matter using current fresh matter from the same treatment.,37.0,12.27,24.73,24.73,123,79,44
2023,150N,2023-09-09,2023-09-13,4.0,4,41.5,17.68,rolling_persistence,Rolling persistence baseline,Predicts next fresh matter using current fresh matter from the same treatment.,17.68,41.5,-23.82,23.82,123,79,44
2023,50N,2023-09-09,2023-09-13,4.0,2,6.59,32.74,rolling_persistence,Rolling persistence baseline,Predicts next fresh matter using current fresh matter from the same treatment.,32.74,6.59,26.150000000000002,26.150000000000002,123,79,44
2023,0N,2023-09-09,2023-09-13,4.0,1,7.34,7.4,rolling_treatment_mean,Rolling treatment mean baseline,Predicts from historical mean fresh matter for the same nitrogen treatment.,7.4,18.49785714285714,-11.097857142857139,11.097857142857139,123,79,44
2023,100N,2023-09-09,2023-09-13,4.0,3,12.27,37.0,rolling_treatment_mean,Rolling treatment mean baseline,Predicts from historical mean fresh matter for the same nitrogen treatment.,37.0,70.92551515151514,-33.92551515151514,33.92551515151514,123,79,44
2023,150N,2023-09-09,2023-09-13,4.0,4,41.5,17.68,rolling_treatment_mean,Rolling treatment mean baseline,Predicts from historical mean fresh matter for the same nitrogen treatment.,17.68,51.44758620689655,-33.76758620689655,33.76758620689655,123,79,44
2023,50N,2023-09-09,2023-09-13,4.0,2,6.59,32.74,rolling_treatment_mean,Rolling treatment mean baseline,Predicts from historical mean fresh matter for the same nitrogen treatment.,32.74,47.0769696969697,-14.336969696969696,14.336969696969696,123,79,44
2023,0N,2023-09-09,2023-09-13,4.0,1,7.34,7.4,rolling_weather_gdd_ridge,Rolling weather + GDD linear model,"Rolling model using treatment, weather and thermal-time features.",7.4,45.644515825099226,-38.24451582509923,38.24451582509923,123,79,44
2023,100N,2023-09-09,2023-09-13,4.0,3,12.27,37.0,rolling_weather_gdd_ridge,Rolling weather + GDD linear model,"Rolling model using treatment, weather and thermal-time features.",37.0,68.33080159524641,-31.330801595246413,31.330801595246413,123,79,44
2023,150N,2023-09-09,2023-09-13,4.0,4,41.5,17.68,rolling_weather_gdd_ridge,Rolling weather + GDD linear model,"Rolling model using treatment, weather and thermal-time features.",17.68,79.67394448032002,-61.99394448032002,61.99394448032002,123,79,44
2023,50N,2023-09-09,2023-09-13,4.0,2,6.59,32.74,rolling_weather_gdd_ridge,Rolling weather + GDD linear model,"Rolling model using treatment, weather and thermal-time features.",32.74,56.98765871017282,-24.24765871017282,24.24765871017282,123,79,44
2023,0N,2023-09-09,2023-09-13,4.0,1,7.34,7.4,rolling_crop_development_ridge,Rolling crop development linear model,Rolling model using current crop status and recent development features.,7.4,29.426408453987634,-22.026408453987635,22.026408453987635,123,79,44
2023,100N,2023-09-09,2023-09-13,4.0,3,12.27,37.0,rolling_crop_development_ridge,Rolling crop development linear model,Rolling model using current crop status and recent development features.,37.0,51.556263315461955,-14.556263315461955,14.556263315461955,123,79,44
2023,150N,2023-09-09,2023-09-13,4.0,4,41.5,17.68,rolling_crop_development_ridge,Rolling crop development linear model,Rolling model using current crop status and recent development features.,17.68,54.11355440142782,-36.43355440142782,36.43355440142782,123,79,44
2023,50N,2023-09-09,2023-09-13,4.0,2,6.59,32.74,rolling_crop_development_ridge,Rolling crop development linear model,Rolling model using current crop status and recent development features.,32.74,42.00108079994277,-9.261080799942768,9.261080799942768,123,79,44
2023,0N,2023-09-09,2023-09-13,4.0,1,7.34,7.4,rolling_crop_development_rf,Rolling crop development random forest,"Rolling non-linear model using weather, GDD and crop-development features.",7.4,21.084169980407886,-13.684169980407885,13.684169980407885,123,79,44
2023,100N,2023-09-09,2023-09-13,4.0,3,12.27,37.0,rolling_crop_development_rf,Rolling crop development random forest,"Rolling non-linear model using weather, GDD and crop-development features.",37.0,57.389748081277936,-20.389748081277936,20.389748081277936,123,79,44
2023,150N,2023-09-09,2023-09-13,4.0,4,41.5,17.68,rolling_crop_development_rf,Rolling crop development random forest,"Rolling non-linear model using weather, GDD and crop-development features.",17.68,53.08634752860293,-35.40634752860293,35.40634752860293,123,79,44
2023,50N,2023-09-09,2023-09-13,4.0,2,6.59,32.74,rolling_crop_development_rf,Rolling crop development random forest,"Rolling non-linear model using weather, GDD and crop-development features.",32.74,58.34881374783345,-25.608813747833445,25.608813747833445,123,79,44
2023,0N,2023-09-13,2023-09-17,4.0,2,7.4,5.97,rolling_persistence,Rolling persistence baseline,Predicts next fresh matter using current fresh matter from the same treatment.,5.97,7.4,-1.4300000000000006,1.4300000000000006,127,79,48
2023,100N,2023-09-13,2023-09-17,4.0,5,37.0,13.71,rolling_persistence,Rolling persistence baseline,Predicts next fresh matter using current fresh matter from the same treatment.,13.71,37.0,-23.29,23.29,127,79,48
2023,150N,2023-09-13,2023-09-17,4.0,2,17.68,32.06,rolling_persistence,Rolling persistence baseline,Predicts next fresh matter using current fresh matter from the same treatment.,32.06,17.68,14.380000000000003,14.380000000000003,127,79,48
2023,50N,2023-09-13,2023-09-17,4.0,4,32.74,10.33,rolling_persistence,Rolling persistence baseline,Predicts next fresh matter using current fresh matter from the same treatment.,10.33,32.74,-22.410000000000004,22.410000000000004,127,79,48
2023,0N,2023-09-13,2023-09-17,4.0,2,7.4,5.97,rolling_treatment_mean,Rolling treatment mean baseline,Predicts from historical mean fresh matter for the same nitrogen treatment.,5.97,18.115172413793104,-12.145172413793105,12.145172413793105,127,79,48
2023,100N,2023-09-13,2023-09-17,4.0,5,37.0,13.71,rolling_treatment_mean,Rolling treatment mean baseline,Predicts from historical mean fresh matter for the same nitrogen treatment.,13.71,69.92770588235294,-56.21770588235294,56.21770588235294,127,79,48
2023,150N,2023-09-13,2023-09-17,4.0,2,17.68,32.06,rolling_treatment_mean,Rolling treatment mean baseline,Predicts from historical mean fresh matter for the same nitrogen treatment.,32.06,50.322,-18.262,18.262,127,79,48
2023,50N,2023-09-13,2023-09-17,4.0,4,32.74,10.33,rolling_treatment_mean,Rolling treatment mean baseline,Predicts from historical mean fresh matter for the same nitrogen treatment.,10.33,46.65529411764706,-36.32529411764706,36.32529411764706,127,79,48
2023,0N,2023-09-13,2023-09-17,4.0,2,7.4,5.97,rolling_weather_gdd_ridge,Rolling weather + GDD linear model,"Rolling model using treatment, weather and thermal-time features.",5.97,56.802503384612464,-50.832503384612465,50.832503384612465,127,79,48
2023,100N,2023-09-13,2023-09-17,4.0,5,37.0,13.71,rolling_weather_gdd_ridge,Rolling weather + GDD linear model,"Rolling model using treatment, weather and thermal-time features.",13.71,79.00270667101387,-65.29270667101386,65.29270667101386,127,79,48
2023,150N,2023-09-13,2023-09-17,4.0,2,17.68,32.06,rolling_weather_gdd_ridge,Rolling weather + GDD linear model,"Rolling model using treatment, weather and thermal-time features.",32.06,90.10280831421457,-58.04280831421457,58.04280831421457,127,79,48
2023,50N,2023-09-13,2023-09-17,4.0,4,32.74,10.33,rolling_weather_gdd_ridge,Rolling weather + GDD linear model,"Rolling model using treatment, weather and thermal-time features.",10.33,67.90260502781317,-57.57260502781317,57.57260502781317,127,79,48
2023,0N,2023-09-13,2023-09-17,4.0,2,7.4,5.97,rolling_crop_development_ridge,Rolling crop development linear model,Rolling model using current crop status and recent development features.,5.97,44.637045027759925,-38.667045027759926,38.667045027759926,127,79,48
2023,100N,2023-09-13,2023-09-17,4.0,5,37.0,13.71,rolling_crop_development_ridge,Rolling crop development linear model,Rolling model using current crop status and recent development features.,13.71,71.61511796944596,-57.90511796944596,57.90511796944596,127,79,48
2023,150N,2023-09-13,2023-09-17,4.0,2,17.68,32.06,rolling_crop_development_ridge,Rolling crop development linear model,Rolling model using current crop status and recent development features.,32.06,64.8787913351357,-32.8187913351357,32.8187913351357,127,79,48
2023,50N,2023-09-13,2023-09-17,4.0,4,32.74,10.33,rolling_crop_development_ridge,Rolling crop development linear model,Rolling model using current crop status and recent development features.,10.33,62.089755627604504,-51.759755627604505,51.759755627604505,127,79,48
2023,0N,2023-09-13,2023-09-17,4.0,2,7.4,5.97,rolling_crop_development_rf,Rolling crop development random forest,"Rolling non-linear model using weather, GDD and crop-development features.",5.97,16.756572836980936,-10.786572836980937,10.786572836980937,127,79,48
2023,100N,2023-09-13,2023-09-17,4.0,5,37.0,13.71,rolling_crop_development_rf,Rolling crop development random forest,"Rolling non-linear model using weather, GDD and crop-development features.",13.71,53.81586138952733,-40.10586138952733,40.10586138952733,127,79,48
2023,150N,2023-09-13,2023-09-17,4.0,2,17.68,32.06,rolling_crop_development_rf,Rolling crop development random forest,"Rolling non-linear model using weather, GDD and crop-development features.",32.06,46.649760047563646,-14.589760047563644,14.589760047563644,127,79,48
2023,50N,2023-09-13,2023-09-17,4.0,4,32.74,10.33,rolling_crop_development_rf,Rolling crop development random forest,"Rolling non-linear model using weather, GDD and crop-development features.",10.33,48.655784547755225,-38.32578454775523,38.32578454775523,127,79,48
2023,0N,2023-09-17,2023-09-21,4.0,2,5.97,0.0,rolling_persistence,Rolling persistence baseline,Predicts next fresh matter using current fresh matter from the same treatment.,0.0,5.97,-5.97,5.97,131,79,52
2023,100N,2023-09-17,2023-09-21,4.0,2,13.71,35.92,rolling_persistence,Rolling persistence baseline,Predicts next fresh matter using current fresh matter from the same treatment.,35.92,13.71,22.21,22.21,131,79,52
2023,150N,2023-09-17,2023-09-21,4.0,3,32.06,30.71,rolling_persistence,Rolling persistence baseline,Predicts next fresh matter using current fresh matter from the same treatment.,30.71,32.06,-1.3500000000000014,1.3500000000000014,131,79,52
2023,50N,2023-09-17,2023-09-21,4.0,2,10.33,24.47,rolling_persistence,Rolling persistence baseline,Predicts next fresh matter using current fresh matter from the same treatment.,24.47,10.33,14.139999999999999,14.139999999999999,131,79,52
2023,0N,2023-09-17,2023-09-21,4.0,2,5.97,0.0,rolling_treatment_mean,Rolling treatment mean baseline,Predicts from historical mean fresh matter for the same nitrogen treatment.,0.0,17.71033333333333,-17.71033333333333,17.71033333333333,131,79,52
2023,100N,2023-09-17,2023-09-21,4.0,2,13.71,35.92,rolling_treatment_mean,Rolling treatment mean baseline,Predicts from historical mean fresh matter for the same nitrogen treatment.,35.92,68.32148571428571,-32.40148571428571,32.40148571428571,131,79,52
2023,150N,2023-09-17,2023-09-21,4.0,3,32.06,30.71,rolling_treatment_mean,Rolling treatment mean baseline,Predicts from historical mean fresh matter for the same nitrogen treatment.,30.71,49.73290322580645,-19.022903225806452,19.022903225806452,131,79,52
2023,50N,2023-09-17,2023-09-21,4.0,2,10.33,24.47,rolling_treatment_mean,Rolling treatment mean baseline,Predicts from historical mean fresh matter for the same nitrogen treatment.,24.47,45.61742857142857,-21.14742857142857,21.14742857142857,131,79,52
2023,0N,2023-09-17,2023-09-21,4.0,2,5.97,0.0,rolling_weather_gdd_ridge,Rolling weather + GDD linear model,"Rolling model using treatment, weather and thermal-time features.",0.0,36.200119604565955,-36.200119604565955,36.200119604565955,131,79,52
2023,100N,2023-09-17,2023-09-21,4.0,2,13.71,35.92,rolling_weather_gdd_ridge,Rolling weather + GDD linear model,"Rolling model using treatment, weather and thermal-time features.",35.92,58.4967646111604,-22.5767646111604,22.5767646111604,131,79,52
2023,150N,2023-09-17,2023-09-21,4.0,3,32.06,30.71,rolling_weather_gdd_ridge,Rolling weather + GDD linear model,"Rolling model using treatment, weather and thermal-time features.",30.71,69.64508711445762,-38.93508711445762,38.93508711445762,131,79,52
2023,50N,2023-09-17,2023-09-21,4.0,2,10.33,24.47,rolling_weather_gdd_ridge,Rolling weather + GDD linear model,"Rolling model using treatment, weather and thermal-time features.",24.47,47.34844210786318,-22.87844210786318,22.87844210786318,131,79,52
2023,0N,2023-09-17,2023-09-21,4.0,2,5.97,0.0,rolling_crop_development_ridge,Rolling crop development linear model,Rolling model using current crop status and recent development features.,0.0,17.714187451492457,-17.714187451492457,17.714187451492457,131,79,52
2023,100N,2023-09-17,2023-09-21,4.0,2,13.71,35.92,rolling_crop_development_ridge,Rolling crop development linear model,Rolling model using current crop status and recent development features.,35.92,46.029974977542025,-10.109974977542024,10.109974977542024,131,79,52
2023,150N,2023-09-17,2023-09-21,4.0,3,32.06,30.71,rolling_crop_development_ridge,Rolling crop development linear model,Rolling model using current crop status and recent development features.,30.71,35.95608976561415,-5.246089765614151,5.246089765614151,131,79,52
2023,50N,2023-09-17,2023-09-21,4.0,2,10.33,24.47,rolling_crop_development_ridge,Rolling crop development linear model,Rolling model using current crop status and recent development features.,24.47,32.62199434346915,-8.151994343469148,8.151994343469148,131,79,52
2023,0N,2023-09-17,2023-09-21,4.0,2,5.97,0.0,rolling_crop_development_rf,Rolling crop development random forest,"Rolling non-linear model using weather, GDD and crop-development features.",0.0,12.889423414424744,-12.889423414424744,12.889423414424744,131,79,52
2023,100N,2023-09-17,2023-09-21,4.0,2,13.71,35.92,rolling_crop_development_rf,Rolling crop development random forest,"Rolling non-linear model using weather, GDD and crop-development features.",35.92,42.10889333302628,-6.188893333026279,6.188893333026279,131,79,52
2023,150N,2023-09-17,2023-09-21,4.0,3,32.06,30.71,rolling_crop_development_rf,Rolling crop development random forest,"Rolling non-linear model using weather, GDD and crop-development features.",30.71,36.25230970834232,-5.542309708342316,5.542309708342316,131,79,52
2023,50N,2023-09-17,2023-09-21,4.0,2,10.33,24.47,rolling_crop_development_rf,Rolling crop development random forest,"Rolling non-linear model using weather, GDD and crop-development features.",24.47,36.291181352362344,-11.821181352362345,11.821181352362345,131,79,52
2023,0N,2023-09-21,2023-09-24,3.0,0,0.0,0.0,rolling_persistence,Rolling persistence baseline,Predicts next fresh matter using current fresh matter from the same treatment.,0.0,0.0,0.0,0.0,135,79,56
2023,100N,2023-09-21,2023-09-24,3.0,4,35.92,10.14,rolling_persistence,Rolling persistence baseline,Predicts next fresh matter using current fresh matter from the same treatment.,10.14,35.92,-25.78,25.78,135,79,56
2023,150N,2023-09-21,2023-09-24,3.0,3,30.71,29.71,rolling_persistence,Rolling persistence baseline,Predicts next fresh matter using current fresh matter from the same treatment.,29.71,30.71,-1.0,1.0,135,79,56
2023,50N,2023-09-21,2023-09-24,3.0,3,24.47,25.09,rolling_persistence,Rolling persistence baseline,Predicts next fresh matter using current fresh matter from the same treatment.,25.09,24.47,0.620000000000001,0.620000000000001,135,79,56
2023,0N,2023-09-21,2023-09-24,3.0,0,0.0,0.0,rolling_treatment_mean,Rolling treatment mean baseline,Predicts from historical mean fresh matter for the same nitrogen treatment.,0.0,17.139032258064514,-17.139032258064514,17.139032258064514,135,79,56
2023,100N,2023-09-21,2023-09-24,3.0,4,35.92,10.14,rolling_treatment_mean,Rolling treatment mean baseline,Predicts from historical mean fresh matter for the same nitrogen treatment.,10.14,67.42144444444445,-57.281444444444446,57.281444444444446,135,79,56
2023,150N,2023-09-21,2023-09-24,3.0,3,30.71,29.71,rolling_treatment_mean,Rolling treatment mean baseline,Predicts from historical mean fresh matter for the same nitrogen treatment.,29.71,49.1384375,-19.4284375,19.4284375,135,79,56
2023,50N,2023-09-21,2023-09-24,3.0,3,24.47,25.09,rolling_treatment_mean,Rolling treatment mean baseline,Predicts from historical mean fresh matter for the same nitrogen treatment.,25.09,45.03,-19.94,19.94,135,79,56
2023,0N,2023-09-21,2023-09-24,3.0,0,0.0,0.0,rolling_weather_gdd_ridge,Rolling weather + GDD linear model,"Rolling model using treatment, weather and thermal-time features.",0.0,23.35142906649288,-23.35142906649288,23.35142906649288,135,79,56
2023,100N,2023-09-21,2023-09-24,3.0,4,35.92,10.14,rolling_weather_gdd_ridge,Rolling weather + GDD linear model,"Rolling model using treatment, weather and thermal-time features.",10.14,45.7176327440838,-35.5776327440838,35.5776327440838,135,79,56
2023,150N,2023-09-21,2023-09-24,3.0,3,30.71,29.71,rolling_weather_gdd_ridge,Rolling weather + GDD linear model,"Rolling model using treatment, weather and thermal-time features.",29.71,56.90073458287927,-27.190734582879266,27.190734582879266,135,79,56
2023,50N,2023-09-21,2023-09-24,3.0,3,24.47,25.09,rolling_weather_gdd_ridge,Rolling weather + GDD linear model,"Rolling model using treatment, weather and thermal-time features.",25.09,34.53453090528834,-9.444530905288342,9.444530905288342,135,79,56
2023,0N,2023-09-21,2023-09-24,3.0,0,0.0,0.0,rolling_crop_development_ridge,Rolling crop development linear model,Rolling model using current crop status and recent development features.,0.0,-1.94884101135586,1.94884101135586,1.94884101135586,135,79,56
2023,100N,2023-09-21,2023-09-24,3.0,4,35.92,10.14,rolling_crop_development_ridge,Rolling crop development linear model,Rolling model using current crop status and recent development features.,10.14,22.468831699437047,-12.328831699437046,12.328831699437046,135,79,56
2023,150N,2023-09-21,2023-09-24,3.0,3,30.71,29.71,rolling_crop_development_ridge,Rolling crop development linear model,Rolling model using current crop status and recent development features.,29.71,31.552337231855372,-1.842337231855371,1.842337231855371,135,79,56
2023,50N,2023-09-21,2023-09-24,3.0,3,24.47,25.09,rolling_crop_development_ridge,Rolling crop development linear model,Rolling model using current crop status and recent development features.,25.09,15.230635632908836,9.859364367091164,9.859364367091164,135,79,56
2023,0N,2023-09-21,2023-09-24,3.0,0,0.0,0.0,rolling_crop_development_rf,Rolling crop development random forest,"Rolling non-linear model using weather, GDD and crop-development features.",0.0,14.525035256469703,-14.525035256469703,14.525035256469703,135,79,56
2023,100N,2023-09-21,2023-09-24,3.0,4,35.92,10.14,rolling_crop_development_rf,Rolling crop development random forest,"Rolling non-linear model using weather, GDD and crop-development features.",10.14,38.38080282297794,-28.24080282297794,28.24080282297794,135,79,56
2023,150N,2023-09-21,2023-09-24,3.0,3,30.71,29.71,rolling_crop_development_rf,Rolling crop development random forest,"Rolling non-linear model using weather, GDD and crop-development features.",29.71,39.03636160835207,-9.326361608352066,9.326361608352066,135,79,56
2023,50N,2023-09-21,2023-09-24,3.0,3,24.47,25.09,rolling_crop_development_rf,Rolling crop development random forest,"Rolling non-linear model using weather, GDD and crop-development features.",25.09,37.987523565729646,-12.897523565729646,12.897523565729646,135,79,56
2023,0N,2023-09-24,2023-09-28,4.0,0,0.0,7.99,rolling_persistence,Rolling persistence baseline,Predicts next fresh matter using current fresh matter from the same treatment.,7.99,0.0,7.99,7.99,139,79,60
2023,100N,2023-09-24,2023-09-28,4.0,1,10.14,72.41,rolling_persistence,Rolling persistence baseline,Predicts next fresh matter using current fresh matter from the same treatment.,72.41,10.14,62.269999999999996,62.269999999999996,139,79,60
2023,150N,2023-09-24,2023-09-28,4.0,3,29.71,41.26,rolling_persistence,Rolling persistence baseline,Predicts next fresh matter using current fresh matter from the same treatment.,41.26,29.71,11.549999999999997,11.549999999999997,139,79,60
2023,50N,2023-09-24,2023-09-28,4.0,3,25.09,13.57,rolling_persistence,Rolling persistence baseline,Predicts next fresh matter using current fresh matter from the same treatment.,13.57,25.09,-11.52,11.52,139,79,60
2023,0N,2023-09-24,2023-09-28,4.0,0,0.0,7.99,rolling_treatment_mean,Rolling treatment mean baseline,Predicts from historical mean fresh matter for the same nitrogen treatment.,7.99,16.6034375,-8.613437499999998,8.613437499999998,139,79,60
2023,100N,2023-09-24,2023-09-28,4.0,1,10.14,72.41,rolling_treatment_mean,Rolling treatment mean baseline,Predicts from historical mean fresh matter for the same nitrogen treatment.,72.41,65.8732972972973,6.536702702702698,6.536702702702698,139,79,60
2023,150N,2023-09-24,2023-09-28,4.0,3,29.71,41.26,rolling_treatment_mean,Rolling treatment mean baseline,Predicts from historical mean fresh matter for the same nitrogen treatment.,41.26,48.549696969696974,-7.289696969696976,7.289696969696976,139,79,60
2023,50N,2023-09-24,2023-09-28,4.0,3,25.09,13.57,rolling_treatment_mean,Rolling treatment mean baseline,Predicts from historical mean fresh matter for the same nitrogen treatment.,13.57,44.491081081081084,-30.921081081081084,30.921081081081084,139,79,60
2023,0N,2023-09-24,2023-09-28,4.0,0,0.0,7.99,rolling_weather_gdd_ridge,Rolling weather + GDD linear model,"Rolling model using treatment, weather and thermal-time features.",7.99,37.820849420147894,-29.830849420147892,29.830849420147892,139,79,60
2023,100N,2023-09-24,2023-09-28,4.0,1,10.14,72.41,rolling_weather_gdd_ridge,Rolling weather + GDD linear model,"Rolling model using treatment, weather and thermal-time features.",72.41,60.06722929841269,12.342770701587305,12.342770701587305,139,79,60
2023,150N,2023-09-24,2023-09-28,4.0,3,29.71,41.26,rolling_weather_gdd_ridge,Rolling weather + GDD linear model,"Rolling model using treatment, weather and thermal-time features.",41.26,71.19041923754509,-29.930419237545088,29.930419237545088,139,79,60
2023,50N,2023-09-24,2023-09-28,4.0,3,25.09,13.57,rolling_weather_gdd_ridge,Rolling weather + GDD linear model,"Rolling model using treatment, weather and thermal-time features.",13.57,48.944039359280296,-35.374039359280296,35.374039359280296,139,79,60
2023,0N,2023-09-24,2023-09-28,4.0,0,0.0,7.99,rolling_crop_development_ridge,Rolling crop development linear model,Rolling model using current crop status and recent development features.,7.99,-3.640738082167829,11.630738082167829,11.630738082167829,139,79,60
2023,100N,2023-09-24,2023-09-28,4.0,1,10.14,72.41,rolling_crop_development_ridge,Rolling crop development linear model,Rolling model using current crop status and recent development features.,72.41,25.837973410182144,46.57202658981785,46.57202658981785,139,79,60
2023,150N,2023-09-24,2023-09-28,4.0,3,29.71,41.26,rolling_crop_development_ridge,Rolling crop development linear model,Rolling model using current crop status and recent development features.,41.26,28.165739568944197,13.094260431055801,13.094260431055801,139,79,60
2023,50N,2023-09-24,2023-09-28,4.0,3,25.09,13.57,rolling_crop_development_ridge,Rolling crop development linear model,Rolling model using current crop status and recent development features.,13.57,22.42287024242099,-8.852870242420991,8.852870242420991,139,79,60
2023,0N,2023-09-24,2023-09-28,4.0,0,0.0,7.99,rolling_crop_development_rf,Rolling crop development random forest,"Rolling non-linear model using weather, GDD and crop-development features.",7.99,12.38996086894186,-4.399960868941859,4.399960868941859,139,79,60
2023,100N,2023-09-24,2023-09-28,4.0,1,10.14,72.41,rolling_crop_development_rf,Rolling crop development random forest,"Rolling non-linear model using weather, GDD and crop-development features.",72.41,40.21160561295658,32.198394387043415,32.198394387043415,139,79,60
2023,150N,2023-09-24,2023-09-28,4.0,3,29.71,41.26,rolling_crop_development_rf,Rolling crop development random forest,"Rolling non-linear model using weather, GDD and crop-development features.",41.26,40.258352845420156,1.0016471545798424,1.0016471545798424,139,79,60
2023,50N,2023-09-24,2023-09-28,4.0,3,25.09,13.57,rolling_crop_development_rf,Rolling crop development random forest,"Rolling non-linear model using weather, GDD and crop-development features.",13.57,39.169125237502705,-25.599125237502705,25.599125237502705,139,79,60
