feature,human_name,feature_family,dtype,n_rows,missing_share,missing_share_2022,missing_share_2023,n_unique,feature_kind,mean,median,std,p10,p25,p50_median,p75,p90,iqr,skewness,abs_skewness,outlier_share_iqr_rule,mean_median_relative_gap,spearman_corr_with_target,abs_spearman_corr_with_target,n_corr_with_target,spearman_corr_with_target_2022,spearman_corr_with_target_2023,abs_year_to_year_corr_gap,n_corr_with_target_2022,n_corr_with_target_2023,target_association_metric,category_target_means_json,selected_for_default_compact_model,selected_for_optional_tagged_model,mean_median_selected_representative,recommended_action,recommendation_reason,redundancy_cluster_representative
forecast_horizon_days,Forecast lead time,calendar / lead time,float64,143,0.0,0.0,0.0,8,numeric,4.006993006993007,4.0,1.5359380466182042,3.0,3.0,4.0,4.0,5.799999999999997,1.0,2.637269735621608,2.637269735621608,0.1048951048951049,0.0017452006980801925,0.12051073268521083,0.12051073268521083,143,0.12721682928583272,0.07608187715733666,0.05113495212849606,79.0,64.0,spearman_rho,,True,False,,keep_default_compact,The lead time affects forecast difficulty.,
origin_day_of_year,Forecast day of year,calendar / lead time,int32,143,0.0,0.0,0.0,36,numeric,246.3146853146853,248.0,23.61469451225906,216.0,225.0,248.0,264.0,280.0,39.0,0.22718694905796177,0.22718694905796177,0.0,0.006842120205547546,0.016634523670071878,0.016634523670071878,143,0.08467817659761266,-0.30751104939638196,0.39218922599399464,79.0,64.0,spearman_rho,,True,False,,keep_default_compact,Day-of-season gives a compact seasonal timing signal.,cumulative_solar_radiation
current_dry_matter_g,Current dry matter,current dry matter state,float64,143,0.06993006993006994,0.05063291139240506,0.09375,126,numeric,5.432406015037594,4.73,3.59282537388561,1.21,2.89,4.73,7.35,11.256,4.459999999999999,0.7351578536323522,0.7351578536323522,0.013986013986013986,0.12929924845330848,0.44138129799083387,0.44138129799083387,133,0.39520046667175635,0.41372627512396093,0.018525808452204584,75.0,58.0,spearman_rho,,True,False,,keep_default_compact,Dry matter is a crop-status signal distinct from fresh matter.,current_fresh_matter_g
current_fresh_matter_g,Current fresh matter,current fresh matter state,float64,143,0.06293706293706294,0.06329113924050633,0.0625,133,numeric,46.29135820895522,39.84,34.58783587262904,10.028,20.825,39.84,59.6,93.00200000000001,38.775000000000006,1.3361322429078806,1.3361322429078806,0.04195804195804196,0.13936420227365842,0.5283408230547091,0.5283408230547091,134,0.5196445760829321,0.4476784573063991,0.07196611877653303,74.0,60.0,spearman_rho,,True,False,,keep_default_compact,Current fresh matter anchors near-term production level.,current_fresh_matter_g
dry_matter_trend_g,Dry-matter trend since previous observation,dry matter trajectory,float64,143,0.14685314685314685,0.13924050632911392,0.15625,120,numeric,-0.013032786885245864,0.1499999999999998,3.845571433715502,-4.883,-2.2399999999999998,0.1499999999999998,2.2174999999999994,4.282000000000003,4.4575,-0.16866747789364608,0.16866747789364608,0.04195804195804196,12.50943396226417,0.08235741193621068,0.08235741193621068,122,0.10949831563574185,0.06922182623376937,0.04027648940197248,68.0,54.0,spearman_rho,,True,False,,keep_default_compact,Dry-matter trend captures recent development without multiple redundant rolling averages.,fruit_number_trend
fresh_matter_trend_g,Fresh-matter trend since previous observation,fresh matter trajectory,float64,143,0.13286713286713286,0.13924050632911392,0.125,124,numeric,-0.46540322580645216,0.7149999999999999,33.4373201079077,-38.944,-15.760000000000002,0.7149999999999999,17.223999999999997,34.751000000000005,32.983999999999995,-0.14330263495259082,0.14330263495259082,0.06293706293706294,2.536302200658463,0.10199543980412282,0.10199543980412282,124,0.13486277054624574,0.09699413866998308,0.03786863187626266,68.0,56.0,spearman_rho,,True,False,,keep_default_compact,Fresh-matter trend captures acceleration or decline without retaining several redundant lag/rolling columns.,fruit_number_trend
current_fruit_number,Current fruit count,fruit load,int64,143,0.0,0.0,0.0,19,numeric,5.65034965034965,5.0,4.233100187903346,1.0,2.0,5.0,8.0,12.0,6.0,0.9437539307549768,0.9437539307549768,0.006993006993006993,0.11509900990099003,0.4942410517938732,0.4942410517938732,143,0.4990964024292109,0.3781231865673145,0.12097321586189641,79.0,64.0,spearman_rho,,True,False,,keep_default_compact,Current fruit count is a leading crop-load signal.,current_fresh_matter_g
fruit_number_trend,Fruit-count trend since previous observation,fruit load,float64,143,0.027972027972027972,0.05063291139240506,0.0,21,numeric,0.08633093525179857,0.0,3.8268350990335986,-5.0,-2.0,0.0,2.0,4.0,4.0,-0.004133039940570197,0.004133039940570197,0.03496503496503497,1.0,0.11440462434366025,0.11440462434366025,139,0.09689077448911464,0.15654612601649867,0.059655351527384035,75.0,64.0,spearman_rho,,True,False,,keep_default_compact,Fruit-count trend captures rising/falling crop load without multiple redundant rolling averages.,fruit_number_trend
mean_fruit_diameter_mm,Mean fruit diameter,fruit size sample,float64,143,0.4825174825174825,0.06329113924050633,1.0,74,numeric,23.524858889726147,23.78714285714286,2.634028088450147,19.960955357142858,21.809062500000003,23.78714285714286,25.589444444444446,26.526442307692307,3.780381944444443,-0.48418549794882415,0.48418549794882415,0.0,0.01114922595906662,0.2619326175490559,0.2619326175490559,74,0.2619326175490559,,,74.0,0.0,spearman_rho,,True,False,,keep_default_compact,One diameter summary chosen after mean-vs-median and missingness audit.,mean_individual_fruit_fresh_weight_g
mean_individual_fruit_fresh_weight_g,Mean individual fruit weight,fruit size sample,float64,143,0.4825174825174825,0.06329113924050633,1.0,74,numeric,7.418176407297343,7.3194285714285705,2.0242996004964913,4.93,6.0460714285714285,7.3194285714285705,9.126249999999999,9.894,3.0801785714285703,-0.2298674363941871,0.2298674363941871,0.0,0.013311605231123033,0.3701592002961865,0.3701592002961865,74,0.3701592002961865,,,74.0,0.0,spearman_rho,,True,False,,keep_default_compact,One individual-fruit-weight summary chosen after mean-vs-median and missingness audit.,mean_individual_fruit_fresh_weight_g
sample_length_mm_median,Median sample fruit length,fruit size sample,float64,143,0.6083916083916084,0.2911392405063291,1.0,56,numeric,27.065714285714282,27.4425,3.452111004821599,22.935000000000002,25.04875,27.4425,29.3425,30.497500000000002,4.293750000000003,-0.6702738148897452,0.6702738148897452,0.013986013986013986,0.013921144304866554,0.38400546821599457,0.38400546821599457,56,0.38400546821599457,,,56.0,0.0,spearman_rho,,True,False,sample_length_mm_median,keep_default_compact,One length summary chosen after mean-vs-median and missingness audit. This feature is the selected mean/median representative for its measurement.,mean_individual_fruit_fresh_weight_g
nitrogen_treatment,Nitrogen treatment category,nitrogen treatment,str,143,0.0,0.0,0.0,4,categorical,,,,,,,,,,,,,,,0.26079918662040574,143,,,,,,eta_squared_category_vs_target,"{""0N"": 16.342, ""100N"": 66.045, ""150N"": 48.335, ""50N"": 43.677}",True,False,,keep_default_compact,Use nitrogen only as a categorical treatment group; treatment_n_level is dropped to avoid duplicate encoding.,
cumulative_gdd_base_10,Cumulative gdd base 10,weather / thermal time,float64,143,0.0,0.0,0.0,39,numeric,1449.2433316289541,1476.48326999959,328.1643863195289,1029.256762889437,1167.1614341314355,1476.48326999959,1694.2284978868847,1920.958847994734,527.0670637554492,0.16513115634182782,0.16513115634182782,0.0,0.018795972888844055,0.02939133071310671,0.02939133071310671,143,0.08467817659761266,-0.30751104939638196,0.39218922599399464,79.0,64.0,spearman_rho,,True,False,,keep_default_compact,Cumulative GDD captures crop-development stage during the season.,cumulative_solar_radiation
cumulative_solar_radiation,Cumulative solar radiation,weather / thermal time,float64,143,0.0,0.0,0.0,39,numeric,483.6790595078431,458.7948340658693,142.4921114962367,306.9652116200746,378.3311091520046,458.7948340658693,594.3343823039152,699.4091588733512,216.00327315191055,0.4602118239251406,0.4602118239251406,0.0,0.05144780397831196,0.08018728442197269,0.08018728442197269,143,0.08467817659761266,-0.30751104939638196,0.39218922599399464,79.0,64.0,spearman_rho,,True,False,,keep_default_compact,Cumulative radiation captures seasonal energy exposure.,cumulative_solar_radiation
gdd_base_10,Gdd base 10,weather / thermal time,float64,143,0.0,0.0,0.0,39,numeric,13.328845740269111,13.48486997400861,2.527054195428142,9.771975792718203,11.35342995169082,13.48486997400861,14.756792024704252,17.216598216233987,3.4033620730134313,0.23111726223608212,0.23111726223608212,0.0,0.011705757331118238,-0.15583214165852005,0.15583214165852005,143,-0.26071131263823244,-0.003692242445582631,0.2570190701926498,79.0,64.0,spearman_rho,,True,False,,keep_default_compact,Daily/recent GDD captures short-term heat accumulation at the forecast origin.,gdd_base_10
rhmean_7d,Rhmean 7d,weather / thermal time,float64,143,0.0,0.0,0.0,39,numeric,56.92657479329344,58.90736889890236,8.172078335482315,42.946363850806016,54.911180124223606,58.90736889890236,62.532722215504506,65.14837812956821,7.621542091280901,-1.2672236589198376,1.2672236589198376,0.11188811188811189,0.03479559613065427,0.18121677654426563,0.18121677654426563,143,0.12610347162378288,0.4355699426642914,0.3094664710405085,79.0,64.0,spearman_rho,,True,False,,keep_default_compact,Humidity is kept as one recent summary rather than multiple highly related RH columns.,
solar_radiation_7d,Solar radiation 7d,weather / thermal time,float64,143,0.0,0.0,0.0,39,numeric,4.587481545643269,4.286321763577797,0.9832521097427752,3.60615218507676,3.936158395927695,4.286321763577797,4.974990816564348,6.332900653982175,1.0388324206366528,1.0810363169059714,1.0810363169059714,0.08391608391608392,0.06564817298316623,-0.016180729101991777,0.016180729101991777,143,-0.2641959109845515,0.09615883586539115,0.3603547468499426,79.0,64.0,spearman_rho,,True,False,,keep_default_compact,Recent solar radiation is a plausible berry growth/development signal.,
tmean_7d,Tmean 7d,weather / thermal time,float64,143,0.0,0.0,0.0,39,numeric,23.682007972360605,23.4848834041376,1.9273391537051159,20.54964802128871,22.80435240052175,23.4848834041376,24.699441918280257,26.523342290893563,1.8950895177585068,-0.050889548392242176,0.050889548392242176,0.013986013986013986,0.008323811412151728,-0.062183837136222365,0.062183837136222365,143,-0.10646300821725747,0.030661665526360113,0.1371246737436176,79.0,64.0,spearman_rho,,True,False,,keep_default_compact,Recent mean temperature is kept as one compact short-term temperature signal.,
tagged_fruit_diameter_current_mm,Tagged-fruit diameter,tagged fruit development,float64,143,0.027972027972027972,0.05063291139240506,0.0,38,numeric,14.36025179856115,14.78,4.079262744367825,9.215,11.0,14.78,16.9075,20.47,5.907499999999999,0.2948027865267188,0.2948027865267188,0.0,0.02922986360732945,0.09109673543117439,0.09109673543117439,139,-0.1927216222190321,0.16789383195099652,0.3606154541700286,75.0,64.0,spearman_rho,,False,True,,keep_optional_tagged_layer,"Optional tagged-fruit feature. It is tested separately because it is date-level, not treatment-specific.",fruit_tagged_diameter_mm_median
tagged_fruit_diameter_trend_mm,Tagged-fruit diameter trend,tagged fruit development,float64,143,0.027972027972027972,0.05063291139240506,0.0,38,numeric,0.07723855745125266,1.1936057692307678,3.1473853740648763,-4.043000000000003,-2.292777777777779,1.1936057692307678,2.3163333333333327,3.913499999999999,4.609111111111112,-0.7141057741874158,0.7141057741874158,0.0,14.453496396331387,-0.047303967354469095,0.047303967354469095,139,-0.08269670141328009,-0.026946489897885662,0.05575021151539443,75.0,64.0,spearman_rho,,False,True,,keep_optional_tagged_layer,"Optional tagged-fruit feature. It is tested separately because it is date-level, not treatment-specific.",fruit_tagged_diameter_mm_median_pct_change_since_previous_date
tagged_fruit_length_current_mm,Tagged-fruit length,tagged fruit development,float64,143,0.16083916083916083,0.2911392405063291,0.0,33,numeric,17.18475,16.895,4.909754818109514,11.2105,13.55,16.895,19.4575,23.906000000000013,5.907499999999999,0.6952463632044248,0.6952463632044248,0.027972027972027972,0.01686087955891133,0.09059659271407819,0.09059659271407819,120,-0.19378515435318658,0.08927888099784585,0.2830640353510324,56.0,64.0,spearman_rho,,False,True,,keep_optional_tagged_layer,"Optional tagged-fruit feature. It is tested separately because it is date-level, not treatment-specific.",fruit_tagged_diameter_mm_median
tagged_fruit_length_trend_mm,Tagged-fruit length trend,tagged fruit development,float64,143,0.1888111888111888,0.34177215189873417,0.0,32,numeric,-0.049106456769035654,0.9761666666666676,3.7393829198570923,-4.8995694444444435,-2.286394736842105,0.9761666666666676,2.732999999999997,4.059000000000001,5.019394736842102,-0.9705688327288425,0.9705688327288425,0.027972027972027972,20.878580758899204,-0.1234872887764806,0.1234872887764806,116,-0.16706996601386895,-0.018874009519965873,0.14819595649390307,52.0,64.0,spearman_rho,,False,True,,keep_optional_tagged_layer,"Optional tagged-fruit feature. It is tested separately because it is date-level, not treatment-specific.",fruit_tagged_diameter_mm_median_pct_change_since_previous_date
treatment_n_level,Nitrogen dose numeric encoding,nitrogen treatment,float64,143,0.0,0.0,0.0,4,numeric,75.52447552447552,100.0,54.66515641894291,0.0,50.0,100.0,100.0,150.0,50.0,-0.010747078150515904,0.010747078150515904,0.0,0.3240740740740742,0.4589829217068868,0.4589829217068868,143,0.44134432432812104,0.43687064064698067,0.004473683681140372,79.0,64.0,spearman_rho,,False,False,,drop_duplicate_encoding,"Nitrogen is kept as categorical nitrogen_treatment, not duplicated as numeric treatment_n_level.",
sample_diameter_mm_median,Median sample fruit diameter,fruit size sample,float64,143,0.4825174825174825,0.06329113924050633,1.0,73,numeric,23.523445945945944,23.7675,2.8108978146555583,19.677,21.8375,23.7675,25.415,26.424,3.5775000000000006,-0.4745649784484185,0.4745649784484185,0.006993006993006993,0.010374927832208803,0.23335233878713615,0.23335233878713615,74,0.23335233878713615,,,74.0,0.0,spearman_rho,,False,False,sample_diameter_mm_mean,drop_mean_median_alternative,Mean/median audit selected sample_diameter_mm_mean as the representative instead.,mean_individual_fruit_fresh_weight_g
sample_individual_fruit_fresh_weight_g_median,Median sample individual fruit weight,fruit size sample,float64,143,0.4825174825174825,0.06329113924050633,1.0,70,numeric,7.298175675675677,7.234999999999999,2.172237905170724,4.584,5.835,7.234999999999999,8.98,9.88,3.1450000000000005,-0.1518142338779498,0.1518142338779498,0.0,0.008656365437493868,0.3031604517076525,0.3031604517076525,74,0.3031604517076525,,,74.0,0.0,spearman_rho,,False,False,sample_individual_fruit_fresh_weight_g_mean,drop_mean_median_alternative,Mean/median audit selected sample_individual_fruit_fresh_weight_g_mean as the representative instead.,mean_individual_fruit_fresh_weight_g
sample_length_mm_mean,Mean sample fruit length,fruit size sample,float64,143,0.6083916083916084,0.2911392405063291,1.0,56,numeric,26.80389814659915,27.254375,3.411231159433871,22.983125,24.84361607142857,27.254375,28.917083333333338,30.3825,4.073467261904767,-0.7527076341562915,0.7527076341562915,0.013986013986013986,0.016806393269256866,0.4161312371838688,0.4161312371838688,56,0.4161312371838688,,,56.0,0.0,spearman_rho,,False,False,sample_length_mm_median,drop_mean_median_alternative,Mean/median audit selected sample_length_mm_median as the representative instead.,mean_individual_fruit_fresh_weight_g
sample_condition_code_mean,Sample condition code mean,other,float64,143,0.6363636363636364,0.34177215189873417,1.0,31,numeric,1.851367127272849,1.9115384615384614,0.5962360371845911,1.0,1.4,1.9115384615384614,2.25,2.5,0.8500000000000001,0.5327430038954883,0.5327430038954883,0.006993006993006993,0.0325010276887911,-0.12529477891527901,0.12529477891527901,52,-0.12529477891527901,,,52.0,0.0,spearman_rho,,False,False,sample_condition_code_median,drop_mean_median_alternative,Mean/median audit selected sample_condition_code_median as the representative instead.,sample_condition_code_std
fruit_tagged_diameter_mm_median,Tagged diameter mm median,tagged fruit development,float64,143,0.027972027972027972,0.05063291139240506,0.0,38,numeric,14.36025179856115,14.78,4.079262744367825,9.215,11.0,14.78,16.9075,20.47,5.907499999999999,0.2948027865267188,0.2948027865267188,0.0,0.02922986360732945,0.09109673543117439,0.09109673543117439,139,-0.1927216222190321,0.16789383195099652,0.3606154541700286,75.0,64.0,spearman_rho,,False,False,fruit_tagged_diameter_mm_mean,drop_mean_median_alternative,Mean/median audit selected fruit_tagged_diameter_mm_mean as the representative instead.,fruit_tagged_diameter_mm_median
fruit_tagged_length_mm_mean,Tagged length mm mean,tagged fruit development,float64,143,0.16083916083916083,0.2911392405063291,0.0,33,numeric,17.914609576700677,17.6215,3.9130122892804304,13.108555555555554,14.775125,17.6215,19.657830882352943,22.613986111111128,4.882705882352944,0.7987307211652882,0.7987307211652882,0.027972027972027972,0.01636148281355165,0.10055325483228313,0.10055325483228313,120,-0.24097298660246932,0.08382078346959326,0.32479377007206256,56.0,64.0,spearman_rho,,False,False,fruit_tagged_length_mm_median,drop_mean_median_alternative,Mean/median audit selected fruit_tagged_length_mm_median as the representative instead.,fruit_tagged_diameter_mm_median
change_fresh_matter_g,Fresh-matter change since previous observation,fresh matter trajectory,float64,143,0.13286713286713286,0.13924050632911392,0.125,124,numeric,-0.4654032258064513,0.7149999999999999,33.4373201079077,-38.944,-15.760000000000002,0.7149999999999999,17.223999999999997,34.751000000000005,32.983999999999995,-0.14330263495259066,0.14330263495259066,0.06293706293706294,2.5363022006584655,0.10199543980412282,0.10199543980412282,124,0.13486277054624574,0.09699413866998308,0.03786863187626266,68.0,56.0,spearman_rho,,False,False,,drop_or_review_redundant_fresh_matter_history,Fresh-matter history is compressed to current_fresh_matter_g + fresh_matter_trend_g for interpretability.,fruit_number_trend
fresh_matter_recent_mean_g,Recent fresh-matter average,fresh matter trajectory,float64,143,0.06993006993006994,0.05063291139240506,0.09375,131,numeric,45.52866165413534,41.18333333333334,29.458522872934303,12.104,22.513333333333332,41.18333333333334,61.376666666666665,78.06266666666667,38.86333333333333,1.152583691958427,1.152583691958427,0.027972027972027972,0.09544160014655999,0.5004048892775361,0.5004048892775361,133,0.5366894501519113,0.34234649932324357,0.1943429508286677,75.0,58.0,spearman_rho,,False,False,,drop_or_review_redundant_fresh_matter_history,Fresh-matter history is compressed to current_fresh_matter_g + fresh_matter_trend_g for interpretability.,dry_matter_recent_mean_g
previous_fresh_matter_g,Previous fresh matter,fresh matter trajectory,float64,143,0.1048951048951049,0.10126582278481013,0.109375,128,numeric,46.75009374999999,40.504999999999995,35.04513566871137,9.722000000000001,20.3725,40.504999999999995,60.7775,93.683,40.405,1.3182506377117504,1.3182506377117504,0.04195804195804196,0.13358462516452166,0.44760066780492924,0.44760066780492924,128,0.3986921529175049,0.45482977108919254,0.05613761817168761,71.0,57.0,spearman_rho,,False,False,,drop_or_review_redundant_fresh_matter_history,Fresh-matter history is compressed to current_fresh_matter_g + fresh_matter_trend_g for interpretability.,dry_matter_recent_mean_g
rolling_mean_2_fresh_matter_g,2-observation fresh-matter average,fresh matter trajectory,float64,143,0.07692307692307693,0.06329113924050633,0.09375,131,numeric,45.58137878787879,40.504999999999995,31.142716817443123,12.161,24.36375,40.504999999999995,63.22625,86.191,38.8625,1.2101029208531435,1.2101029208531435,0.027972027972027972,0.11136957509562499,0.4653813542740117,0.4653813542740117,132,0.4523509811181043,0.3605266395964071,0.09182434152169722,74.0,58.0,spearman_rho,,False,False,,drop_or_review_redundant_fresh_matter_history,Fresh-matter history is compressed to current_fresh_matter_g + fresh_matter_trend_g for interpretability.,dry_matter_recent_mean_g
rolling_mean_3_fresh_matter_g,3-observation fresh-matter average,fresh matter trajectory,float64,143,0.06993006993006994,0.05063291139240506,0.09375,131,numeric,45.52866165413534,41.18333333333334,29.458522872934303,12.104,22.513333333333332,41.18333333333334,61.376666666666665,78.06266666666667,38.86333333333333,1.152583691958427,1.152583691958427,0.027972027972027972,0.09544160014655999,0.5004048892775361,0.5004048892775361,133,0.5366894501519113,0.34234649932324357,0.1943429508286677,75.0,58.0,spearman_rho,,False,False,,drop_or_review_redundant_fresh_matter_history,Fresh-matter history is compressed to current_fresh_matter_g + fresh_matter_trend_g for interpretability.,dry_matter_recent_mean_g
day_of_year,Day of year,calendar / lead time,int64,143,0.0,0.0,0.0,36,numeric,246.3146853146853,248.0,23.61469451225906,216.0,225.0,248.0,264.0,280.0,39.0,0.22718694905796177,0.22718694905796177,0.0,0.006842120205547546,0.016634523670071878,0.016634523670071878,143,0.08467817659761266,-0.30751104939638196,0.39218922599399464,79.0,64.0,spearman_rho,,False,False,,drop_or_review_redundant,Highly correlated with other predictors. Suggested cluster representative: cumulative_solar_radiation.,cumulative_solar_radiation
origin_month,Forecast month,calendar / lead time,int32,143,0.0,0.0,0.0,4,numeric,8.601398601398602,9.0,0.7794893610189251,8.0,8.0,9.0,9.0,10.0,1.0,0.2899859725770982,0.2899859725770982,0.0,0.04634146341463411,-0.05975065244468413,0.05975065244468413,143,0.027850736557319105,-0.4113932641086859,0.439244000666005,79.0,64.0,spearman_rho,,False,False,,drop_or_review_redundant,Highly correlated with other predictors. Suggested cluster representative: cumulative_solar_radiation.,cumulative_solar_radiation
origin_week_of_year,Forecast week of year,calendar / lead time,Int64,143,0.0,0.0,0.0,13,numeric,35.42657342657343,36.0,3.343038826942309,31.0,32.0,36.0,38.0,40.0,6.0,0.20167927306343145,0.20167927306343145,0.0,0.01618634030793525,0.0037157722841315633,0.0037157722841315633,143,0.07184209688423919,-0.337810440820121,0.4096525377043602,79.0,64.0,spearman_rho,,False,False,,drop_or_review_redundant,Highly correlated with other predictors. Suggested cluster representative: cumulative_solar_radiation.,cumulative_solar_radiation
change_dry_matter_g,Dry-matter change since previous observation,dry matter trajectory,float64,143,0.14685314685314685,0.13924050632911392,0.15625,120,numeric,-0.01303278688524593,0.14999999999999974,3.845571433715502,-4.883,-2.24,0.14999999999999974,2.2175,4.282000000000003,4.4575,-0.16866747789364617,0.16866747789364617,0.04195804195804196,12.509433962264106,0.08235741193621068,0.08235741193621068,122,0.10949831563574185,0.06922182623376937,0.04027648940197248,68.0,54.0,spearman_rho,,False,False,,drop_or_review_redundant,Highly correlated with other predictors. Suggested cluster representative: fruit_number_trend.,fruit_number_trend
dry_matter_recent_mean_g,Recent dry-matter average,dry matter trajectory,float64,143,0.06993006993006994,0.05063291139240506,0.09375,129,numeric,5.244674185463659,4.876666666666666,2.926575818424462,1.481,2.9133333333333336,4.876666666666666,7.156666666666666,9.552333333333335,4.243333333333332,0.47734588455463345,0.47734588455463345,0.0,0.07016785138283273,0.4743784136751188,0.4743784136751188,133,0.4829195086858183,0.36619804982411797,0.11672145886170032,75.0,58.0,spearman_rho,,False,False,,drop_or_review_redundant,Highly correlated with other predictors. Suggested cluster representative: dry_matter_recent_mean_g.,dry_matter_recent_mean_g
previous_dry_matter_g,Previous dry matter,dry matter trajectory,float64,143,0.11888111888111888,0.11392405063291139,0.125,119,numeric,5.474047619047619,4.78,3.619474034402552,1.255,2.9025,4.78,7.3325,11.35,4.43,0.7428676046577396,0.7428676046577396,0.02097902097902098,0.12678874342133875,0.393987479430779,0.393987479430779,126,0.2786856563396792,0.4556858198431332,0.17700016350345404,70.0,56.0,spearman_rho,,False,False,,drop_or_review_redundant,Highly correlated with other predictors. Suggested cluster representative: dry_matter_recent_mean_g.,dry_matter_recent_mean_g
rolling_mean_2_dry_matter_g,2-observation dry-matter average,dry matter trajectory,float64,143,0.07692307692307693,0.06329113924050633,0.09375,129,numeric,5.252083333333333,4.93,3.158529892941588,1.47,2.7737499999999997,4.93,7.32125,9.819,4.5475,0.6135600559109842,0.6135600559109842,0.0,0.061324871082903645,0.42280539728401356,0.42280539728401356,132,0.38354967457308115,0.36797662082334753,0.015573053749733612,74.0,58.0,spearman_rho,,False,False,,drop_or_review_redundant,Highly correlated with other predictors. Suggested cluster representative: dry_matter_recent_mean_g.,dry_matter_recent_mean_g
rolling_mean_3_dry_matter_g,3-observation dry-matter average,dry matter trajectory,float64,143,0.06993006993006994,0.05063291139240506,0.09375,129,numeric,5.244674185463659,4.876666666666666,2.926575818424462,1.481,2.9133333333333336,4.876666666666666,7.156666666666666,9.552333333333335,4.243333333333332,0.47734588455463345,0.47734588455463345,0.0,0.07016785138283273,0.4743784136751188,0.4743784136751188,133,0.4829195086858183,0.36619804982411797,0.11672145886170032,75.0,58.0,spearman_rho,,False,False,,drop_or_review_redundant,Highly correlated with other predictors. Suggested cluster representative: dry_matter_recent_mean_g.,dry_matter_recent_mean_g
change_fruit_number,Fruit-count change since previous observation,fruit load,float64,143,0.027972027972027972,0.05063291139240506,0.0,21,numeric,0.08633093525179857,0.0,3.8268350990335986,-5.0,-2.0,0.0,2.0,4.0,4.0,-0.004133039940570197,0.004133039940570197,0.03496503496503497,1.0,0.11440462434366025,0.11440462434366025,139,0.09689077448911464,0.15654612601649867,0.059655351527384035,75.0,64.0,spearman_rho,,False,False,,drop_or_review_redundant,Highly correlated with other predictors. Suggested cluster representative: fruit_number_trend.,fruit_number_trend
fruit_number_recent_mean,Recent fruit-count average,fruit load,float64,143,0.027972027972027972,0.05063291139240506,0.0,44,numeric,5.509592326139088,5.0,3.7371233449539263,1.0,2.833333333333333,5.0,7.666666666666667,10.066666666666668,4.833333333333334,0.7226318713748451,0.7226318713748451,0.02097902097902098,0.09249183895538614,0.41352182427981005,0.41352182427981005,139,0.5263264495587862,0.12307156519953628,0.4032548843592499,75.0,64.0,spearman_rho,,False,False,,drop_or_review_redundant,Highly correlated with other predictors. Suggested cluster representative: dry_matter_recent_mean_g.,dry_matter_recent_mean_g
previous_fruit_number,Previous fruit count,fruit load,float64,143,0.027972027972027972,0.05063291139240506,0.0,19,numeric,5.60431654676259,5.0,4.311458788458878,1.0,2.0,5.0,7.5,12.0,5.5,0.9289864740987245,0.9289864740987245,0.04195804195804196,0.10783055198973039,0.42756392057498727,0.42756392057498727,139,0.4601709993923192,0.28090929576148044,0.17926170363083876,75.0,64.0,spearman_rho,,False,False,,drop_or_review_redundant,Highly correlated with other predictors. Suggested cluster representative: dry_matter_recent_mean_g.,dry_matter_recent_mean_g
rolling_mean_2_fruit_number,2-observation fruit-count average,fruit load,float64,143,0.027972027972027972,0.05063291139240506,0.0,30,numeric,5.546762589928058,5.0,3.8953205326293343,1.0,2.5,5.0,7.5,11.0,5.0,0.8185927968693695,0.8185927968693695,0.027972027972027972,0.09857328145265891,0.41676922583279435,0.41676922583279435,139,0.5057731665333881,0.17601215096278325,0.3297610155706049,75.0,64.0,spearman_rho,,False,False,,drop_or_review_redundant,Highly correlated with other predictors. Suggested cluster representative: dry_matter_recent_mean_g.,dry_matter_recent_mean_g
rolling_mean_3_fruit_number,3-observation fruit-count average,fruit load,float64,143,0.027972027972027972,0.05063291139240506,0.0,44,numeric,5.509592326139088,5.0,3.7371233449539263,1.0,2.833333333333333,5.0,7.666666666666667,10.066666666666668,4.833333333333334,0.7226318713748451,0.7226318713748451,0.02097902097902098,0.09249183895538614,0.41352182427981005,0.41352182427981005,139,0.5263264495587862,0.12307156519953628,0.4032548843592499,75.0,64.0,spearman_rho,,False,False,,drop_or_review_redundant,Highly correlated with other predictors. Suggested cluster representative: dry_matter_recent_mean_g.,dry_matter_recent_mean_g
mean_fruit_length_mm,Mean fruit length,fruit size sample,float64,143,0.6083916083916084,0.2911392405063291,1.0,56,numeric,26.80389814659915,27.254375,3.411231159433871,22.983125,24.84361607142857,27.254375,28.917083333333338,30.3825,4.073467261904767,-0.7527076341562915,0.7527076341562915,0.013986013986013986,0.016806393269256866,0.4161312371838688,0.4161312371838688,56,0.4161312371838688,,,56.0,0.0,spearman_rho,,False,False,,drop_or_review_redundant,Highly correlated with other predictors. Suggested cluster representative: mean_individual_fruit_fresh_weight_g.,mean_individual_fruit_fresh_weight_g
mean_tagged_fruit_diameter_mm,Mean tagged fruit diameter mm,fruit size sample,float64,143,0.027972027972027972,0.05063291139240506,0.0,38,numeric,14.937511255323983,14.688333333333333,3.1673264835720953,10.77888888888889,12.7275,14.688333333333333,16.8724375,19.311875,4.144937500000001,0.42321200043693474,0.42321200043693474,0.027972027972027972,0.01668135459324519,0.10939698984640674,0.10939698984640674,139,-0.16367025819576855,0.170599947532231,0.3342702057279996,75.0,64.0,spearman_rho,,False,False,,drop_or_review_redundant,Highly correlated with other predictors. Suggested cluster representative: fruit_tagged_diameter_mm_median.,fruit_tagged_diameter_mm_median
mean_tagged_fruit_length_mm,Mean tagged fruit length mm,fruit size sample,float64,143,0.16083916083916083,0.2911392405063291,0.0,33,numeric,17.914609576700677,17.6215,3.9130122892804304,13.108555555555554,14.775125,17.6215,19.657830882352943,22.613986111111128,4.882705882352944,0.7987307211652882,0.7987307211652882,0.027972027972027972,0.01636148281355165,0.10055325483228313,0.10055325483228313,120,-0.24097298660246932,0.08382078346959326,0.32479377007206256,56.0,64.0,spearman_rho,,False,False,,drop_or_review_redundant,Highly correlated with other predictors. Suggested cluster representative: fruit_tagged_diameter_mm_median.,fruit_tagged_diameter_mm_median
n_fruit_size_samples,Number of fruit-size samples,fruit size sample,float64,143,0.4825174825174825,0.06329113924050633,1.0,18,numeric,7.054054054054054,6.0,4.397670279528593,2.3000000000000007,4.0,6.0,9.0,14.0,5.0,0.9291959572211153,0.9291959572211153,0.02097902097902098,0.14942528735632188,0.4667778403531921,0.4667778403531921,74,0.4667778403531921,,,74.0,0.0,spearman_rho,,False,False,,drop_or_review_redundant,Highly correlated with other predictors. Suggested cluster representative: current_fresh_matter_g.,current_fresh_matter_g
n_tagged_fruit_diameter_mm_observations,N tagged fruit diameter mm observations,fruit size sample,float64,143,0.027972027972027972,0.05063291139240506,0.0,8,numeric,18.014388489208635,18.0,2.160198633884754,15.0,16.0,18.0,20.0,20.0,4.0,-0.7496209938262473,0.7496209938262473,0.0,0.000798722044728528,0.0806885606618747,0.0806885606618747,139,-0.24395707932055094,0.2803410724568682,0.5242981517774191,75.0,64.0,spearman_rho,,False,False,,drop_or_review_redundant,Highly correlated with other predictors. Suggested cluster representative: fruit_tagged_diameter_mm_n_non_missing.,fruit_tagged_diameter_mm_n_non_missing
n_tagged_fruit_length_mm_observations,N tagged fruit length mm observations,fruit size sample,float64,143,0.16083916083916083,0.2911392405063291,0.0,8,numeric,17.766666666666666,18.0,2.187563524487796,14.9,16.0,18.0,20.0,20.0,4.0,-0.646416701867632,0.646416701867632,0.0,0.01313320825515953,0.15449793915691168,0.15449793915691168,120,-0.14749553752822941,0.2803410724568682,0.4278366099850976,56.0,64.0,spearman_rho,,False,False,,drop_or_review_redundant,Highly correlated with other predictors. Suggested cluster representative: fruit_tagged_diameter_mm_n_non_missing.,fruit_tagged_diameter_mm_n_non_missing
sample_diameter_mm_max,Sample diameter mm max,fruit size sample,float64,143,0.4825174825174825,0.06329113924050633,1.0,71,numeric,27.594729729729732,27.975,3.5490072788991824,23.193,25.9075,27.975,29.535,31.735,3.6275000000000013,-0.47176428517134505,0.47176428517134505,0.03496503496503497,0.01378053976229301,0.41326353057654486,0.41326353057654486,74,0.41326353057654486,,,74.0,0.0,spearman_rho,,False,False,,drop_or_review_redundant,Highly correlated with other predictors. Suggested cluster representative: sample_individual_fruit_fresh_weight_g_max.,sample_individual_fruit_fresh_weight_g_max
sample_diameter_mm_mean,Mean sample fruit diameter,fruit size sample,float64,143,0.4825174825174825,0.06329113924050633,1.0,74,numeric,23.524858889726147,23.78714285714286,2.634028088450147,19.960955357142858,21.809062500000003,23.78714285714286,25.589444444444446,26.526442307692307,3.780381944444443,-0.48418549794882415,0.48418549794882415,0.0,0.01114922595906662,0.2619326175490559,0.2619326175490559,74,0.2619326175490559,,,74.0,0.0,spearman_rho,,False,False,sample_diameter_mm_mean,drop_or_review_redundant,Highly correlated with other predictors. Suggested cluster representative: mean_individual_fruit_fresh_weight_g.,mean_individual_fruit_fresh_weight_g
sample_diameter_mm_min,Sample diameter mm min,fruit size sample,float64,143,0.4825174825174825,0.06329113924050633,1.0,73,numeric,19.370135135135133,18.78,3.529368562114442,14.803,16.4975,18.78,22.2,24.157,5.702500000000001,0.25532907308358715,0.25532907308358715,0.0,0.030466237381312652,-0.05751986316235558,0.05751986316235558,74,-0.05751986316235558,,,74.0,0.0,spearman_rho,,False,False,,drop_or_review_redundant,Highly correlated with other predictors. Suggested cluster representative: sample_length_mm_p10.,sample_length_mm_p10
sample_diameter_mm_n_non_missing,Sample diameter mm n non missing,fruit size sample,float64,143,0.4825174825174825,0.06329113924050633,1.0,18,numeric,7.054054054054054,6.0,4.397670279528593,2.3000000000000007,4.0,6.0,9.0,14.0,5.0,0.9291959572211153,0.9291959572211153,0.02097902097902098,0.14942528735632188,0.4667778403531921,0.4667778403531921,74,0.4667778403531921,,,74.0,0.0,spearman_rho,,False,False,,drop_or_review_redundant,Highly correlated with other predictors. Suggested cluster representative: current_fresh_matter_g.,current_fresh_matter_g
sample_diameter_mm_n_records,Sample diameter mm n records,fruit size sample,float64,143,0.4825174825174825,0.06329113924050633,1.0,18,numeric,7.054054054054054,6.0,4.397670279528593,2.3000000000000007,4.0,6.0,9.0,14.0,5.0,0.9291959572211153,0.9291959572211153,0.02097902097902098,0.14942528735632188,0.4667778403531921,0.4667778403531921,74,0.4667778403531921,,,74.0,0.0,spearman_rho,,False,False,,drop_or_review_redundant,Highly correlated with other predictors. Suggested cluster representative: current_fresh_matter_g.,current_fresh_matter_g
sample_diameter_mm_p10,Sample diameter mm p10,fruit size sample,float64,143,0.4825174825174825,0.06329113924050633,1.0,74,numeric,20.484405405405408,20.7165,3.144688846767527,16.610500000000002,17.9785,20.7165,22.7365,24.7363,4.757999999999999,0.09462226799980722,0.09462226799980722,0.0,0.011330306640648076,0.057386153276564225,0.057386153276564225,74,0.057386153276564225,,,74.0,0.0,spearman_rho,,False,False,,drop_or_review_redundant,Highly correlated with other predictors. Suggested cluster representative: sample_length_mm_p10.,sample_length_mm_p10
sample_diameter_mm_p90,Sample diameter mm p90,fruit size sample,float64,143,0.4825174825174825,0.06329113924050633,1.0,74,numeric,26.648554054054053,26.899,3.185788778446203,22.2504,25.354499999999998,26.899,28.7585,29.7554,3.4040000000000035,-0.6530746928087073,0.6530746928087073,0.027972027972027972,0.009398106382730654,0.40916697519437234,0.40916697519437234,74,0.40916697519437234,,,74.0,0.0,spearman_rho,,False,False,,drop_or_review_redundant,Highly correlated with other predictors. Suggested cluster representative: sample_individual_fruit_fresh_weight_g_max.,sample_individual_fruit_fresh_weight_g_max
sample_individual_fruit_fresh_weight_g_max,Sample individual fruit fresh weight g max,fruit size sample,float64,143,0.4825174825174825,0.06329113924050633,1.0,73,numeric,10.832432432432432,10.805,3.240943888729429,6.695,9.3375,10.805,13.067499999999999,14.678,3.7299999999999986,-0.26840121020909075,0.26840121020909075,0.013986013986013986,0.0025324351297404983,0.480092410915871,0.480092410915871,74,0.480092410915871,,,74.0,0.0,spearman_rho,,False,False,,drop_or_review_redundant,Highly correlated with other predictors. Suggested cluster representative: sample_individual_fruit_fresh_weight_g_max.,sample_individual_fruit_fresh_weight_g_max
sample_individual_fruit_fresh_weight_g_mean,Mean sample individual fruit weight,fruit size sample,float64,143,0.4825174825174825,0.06329113924050633,1.0,74,numeric,7.418176407297343,7.3194285714285705,2.0242996004964913,4.93,6.0460714285714285,7.3194285714285705,9.126249999999999,9.894,3.0801785714285703,-0.2298674363941871,0.2298674363941871,0.0,0.013311605231123033,0.3701592002961865,0.3701592002961865,74,0.3701592002961865,,,74.0,0.0,spearman_rho,,False,False,sample_individual_fruit_fresh_weight_g_mean,drop_or_review_redundant,Highly correlated with other predictors. Suggested cluster representative: mean_individual_fruit_fresh_weight_g.,mean_individual_fruit_fresh_weight_g
sample_individual_fruit_fresh_weight_g_min,Sample individual fruit fresh weight g min,fruit size sample,float64,143,0.4825174825174825,0.06329113924050633,1.0,71,numeric,4.374864864864865,3.8,2.0550000788209455,2.266,2.665,3.8,5.4,7.558000000000001,2.7350000000000003,0.7214336875723708,0.7214336875723708,0.006993006993006993,0.13140174213875333,-0.023947218381733488,0.023947218381733488,74,-0.023947218381733488,,,74.0,0.0,spearman_rho,,False,False,,drop_or_review_redundant,Highly correlated with other predictors. Suggested cluster representative: sample_length_mm_p10.,sample_length_mm_p10
sample_individual_fruit_fresh_weight_g_n_non_missing,Sample individual fruit fresh weight g n non missing,fruit size sample,float64,143,0.4825174825174825,0.06329113924050633,1.0,18,numeric,7.054054054054054,6.0,4.397670279528593,2.3000000000000007,4.0,6.0,9.0,14.0,5.0,0.9291959572211153,0.9291959572211153,0.02097902097902098,0.14942528735632188,0.4667778403531921,0.4667778403531921,74,0.4667778403531921,,,74.0,0.0,spearman_rho,,False,False,,drop_or_review_redundant,Highly correlated with other predictors. Suggested cluster representative: current_fresh_matter_g.,current_fresh_matter_g
sample_individual_fruit_fresh_weight_g_n_records,Sample individual fruit fresh weight g n records,fruit size sample,float64,143,0.4825174825174825,0.06329113924050633,1.0,18,numeric,7.054054054054054,6.0,4.397670279528593,2.3000000000000007,4.0,6.0,9.0,14.0,5.0,0.9291959572211153,0.9291959572211153,0.02097902097902098,0.14942528735632188,0.4667778403531921,0.4667778403531921,74,0.4667778403531921,,,74.0,0.0,spearman_rho,,False,False,,drop_or_review_redundant,Highly correlated with other predictors. Suggested cluster representative: current_fresh_matter_g.,current_fresh_matter_g
sample_individual_fruit_fresh_weight_g_p10,Sample individual fruit fresh weight g p10,fruit size sample,float64,143,0.4825174825174825,0.06329113924050633,1.0,72,numeric,4.982,4.875,1.945934849463405,2.6638,3.2912500000000002,4.875,6.265750000000001,7.9588,2.9745000000000004,0.5624866168492293,0.5624866168492293,0.0,0.021477318346045805,0.12626621647021757,0.12626621647021757,74,0.12626621647021757,,,74.0,0.0,spearman_rho,,False,False,,drop_or_review_redundant,Highly correlated with other predictors. Suggested cluster representative: sample_length_mm_p10.,sample_length_mm_p10
sample_individual_fruit_fresh_weight_g_p90,Sample individual fruit fresh weight g p90,fruit size sample,float64,143,0.4825174825174825,0.06329113924050633,1.0,73,numeric,10.009270270270271,9.9095,2.856909079336825,6.4142,8.785,9.9095,11.62375,13.5913,2.838749999999999,-0.3324949346594485,0.3324949346594485,0.027972027972027972,0.009967786619431289,0.4475264533736414,0.4475264533736414,74,0.4475264533736414,,,74.0,0.0,spearman_rho,,False,False,,drop_or_review_redundant,Highly correlated with other predictors. Suggested cluster representative: sample_individual_fruit_fresh_weight_g_max.,sample_individual_fruit_fresh_weight_g_max
sample_length_mm_max,Sample length mm max,fruit size sample,float64,143,0.6083916083916084,0.2911392405063291,1.0,56,numeric,32.5575,32.985,5.122261663118602,27.78,29.9275,32.985,35.6175,38.085,5.690000000000001,-1.096090127744953,1.096090127744953,0.013986013986013986,0.013130615065653137,0.43636363636363634,0.43636363636363634,56,0.43636363636363634,,,56.0,0.0,spearman_rho,,False,False,,drop_or_review_redundant,Highly correlated with other predictors. Suggested cluster representative: sample_individual_fruit_fresh_weight_g_max.,sample_individual_fruit_fresh_weight_g_max
sample_length_mm_min,Sample length mm min,fruit size sample,float64,143,0.6083916083916084,0.2911392405063291,1.0,55,numeric,20.303571428571427,20.505,4.071063487846625,15.41,17.1175,20.505,22.79,26.189999999999998,5.672499999999999,0.3995829396830491,0.3995829396830491,0.0,0.009920844327176808,0.14983167862198937,0.14983167862198937,56,0.14983167862198937,,,56.0,0.0,spearman_rho,,False,False,,drop_or_review_redundant,Highly correlated with other predictors. Suggested cluster representative: sample_length_mm_p10.,sample_length_mm_p10
sample_length_mm_n_non_missing,Sample length mm n non missing,fruit size sample,float64,143,0.4825174825174825,0.06329113924050633,1.0,19,numeric,5.918918918918919,5.0,5.236219374300656,0.0,1.0,5.0,8.75,14.0,7.75,0.6614514877360004,0.6614514877360004,0.0,0.15525114155251146,0.4476683461050235,0.4476683461050235,74,0.4476683461050235,,,74.0,0.0,spearman_rho,,False,False,,drop_or_review_redundant,Highly correlated with other predictors. Suggested cluster representative: sample_length_mm_n_non_missing.,sample_length_mm_n_non_missing
sample_length_mm_n_records,Sample length mm n records,fruit size sample,float64,143,0.4825174825174825,0.06329113924050633,1.0,18,numeric,7.054054054054054,6.0,4.397670279528593,2.3000000000000007,4.0,6.0,9.0,14.0,5.0,0.9291959572211153,0.9291959572211153,0.02097902097902098,0.14942528735632188,0.4667778403531921,0.4667778403531921,74,0.4667778403531921,,,74.0,0.0,spearman_rho,,False,False,,drop_or_review_redundant,Highly correlated with other predictors. Suggested cluster representative: current_fresh_matter_g.,current_fresh_matter_g
sample_length_mm_p10,Sample length mm p10,fruit size sample,float64,143,0.6083916083916084,0.2911392405063291,1.0,55,numeric,22.03960714285714,22.761,3.689342610466341,17.639,18.7865,22.761,24.70125,26.871000000000002,5.9147500000000015,0.1341175761066112,0.1341175761066112,0.0,0.03273165680617212,0.24139168478720596,0.24139168478720596,56,0.24139168478720596,,,56.0,0.0,spearman_rho,,False,False,,drop_or_review_redundant,Highly correlated with other predictors. Suggested cluster representative: sample_length_mm_p10.,sample_length_mm_p10
sample_length_mm_p90,Sample length mm p90,fruit size sample,float64,143,0.6083916083916084,0.2911392405063291,1.0,56,numeric,31.293732142857145,31.847499999999997,4.565347050398733,27.052500000000002,29.29875,31.847499999999997,34.144999999999996,35.123000000000005,4.846249999999998,-1.1324750302400193,1.1324750302400193,0.027972027972027972,0.017695807410087073,0.4669856459330144,0.4669856459330144,56,0.4669856459330144,,,56.0,0.0,spearman_rho,,False,False,,drop_or_review_redundant,Highly correlated with other predictors. Suggested cluster representative: sample_individual_fruit_fresh_weight_g_max.,sample_individual_fruit_fresh_weight_g_max
script07_n_fruit_size_samples,Script07 n fruit size samples,fruit size sample,float64,143,0.4825174825174825,0.06329113924050633,1.0,18,numeric,7.054054054054054,6.0,4.397670279528593,2.3000000000000007,4.0,6.0,9.0,14.0,5.0,0.9291959572211153,0.9291959572211153,0.02097902097902098,0.14942528735632188,0.4667778403531921,0.4667778403531921,74,0.4667778403531921,,,74.0,0.0,spearman_rho,,False,False,,drop_or_review_redundant,Highly correlated with other predictors. Suggested cluster representative: current_fresh_matter_g.,current_fresh_matter_g
days_since_weather_start,Days since weather start,other,int64,143,0.0,0.0,0.0,38,numeric,97.83916083916084,98.0,25.50135327799605,66.0,77.0,98.0,115.0,136.0,38.0,0.3392195672137123,0.3392195672137123,0.0,0.001643913944678713,0.04066899279960801,0.04066899279960801,143,0.08467817659761266,-0.30751104939638196,0.39218922599399464,79.0,64.0,spearman_rho,,False,False,,drop_or_review_redundant,Highly correlated with other predictors. Suggested cluster representative: cumulative_solar_radiation.,cumulative_solar_radiation
sample_condition_code_max,Sample condition code max,other,float64,143,0.6363636363636364,0.34177215189873417,1.0,5,numeric,3.5961538461538463,4.0,1.4452032272397308,1.0,3.0,4.0,5.0,5.0,2.0,-0.6656006074051909,0.6656006074051909,0.0,0.11229946524064167,0.09237350988964066,0.09237350988964066,52,0.09237350988964066,,,52.0,0.0,spearman_rho,,False,False,,drop_or_review_redundant,Highly correlated with other predictors. Suggested cluster representative: sample_condition_code_std.,sample_condition_code_std
sample_condition_code_n_non_missing,Sample condition code n non missing,other,float64,143,0.4825174825174825,0.06329113924050633,1.0,18,numeric,5.54054054054054,5.0,5.376736264175353,0.0,0.0,5.0,8.0,14.0,8.0,0.7523434348408843,0.7523434348408843,0.0,0.09756097560975607,0.44273352367084773,0.44273352367084773,74,0.44273352367084773,,,74.0,0.0,spearman_rho,,False,False,,drop_or_review_redundant,Highly correlated with other predictors. Suggested cluster representative: sample_length_mm_n_non_missing.,sample_length_mm_n_non_missing
sample_condition_code_n_records,Sample condition code n records,other,float64,143,0.4825174825174825,0.06329113924050633,1.0,18,numeric,7.054054054054054,6.0,4.397670279528593,2.3000000000000007,4.0,6.0,9.0,14.0,5.0,0.9291959572211153,0.9291959572211153,0.02097902097902098,0.14942528735632188,0.4667778403531921,0.4667778403531921,74,0.4667778403531921,,,74.0,0.0,spearman_rho,,False,False,,drop_or_review_redundant,Highly correlated with other predictors. Suggested cluster representative: current_fresh_matter_g.,current_fresh_matter_g
sample_condition_code_p90,Sample condition code p90,other,float64,143,0.6363636363636364,0.34177215189873417,1.0,20,numeric,3.003846153846154,3.1999999999999997,1.2292132887341416,1.0,2.15,3.1999999999999997,4.0,4.65,1.85,-0.1922851030178674,0.1922851030178674,0.0,0.0653008962868117,0.045630129806454055,0.045630129806454055,52,0.045630129806454055,,,52.0,0.0,spearman_rho,,False,False,,drop_or_review_redundant,Highly correlated with other predictors. Suggested cluster representative: sample_condition_code_std.,sample_condition_code_std
sample_condition_code_std,Sample condition code std,other,float64,143,0.6643356643356644,0.3924050632911392,1.0,39,numeric,1.0920915381216751,1.2616084016395717,0.491404646844118,0.2831639422345617,0.8241939680179174,1.2616084016395717,1.4424363079383227,1.5436093111816198,0.6182423399204052,-1.0249787103898456,1.0249787103898456,0.0,0.15522221132621744,-0.1692512880003186,0.1692512880003186,48,-0.1692512880003186,,,48.0,0.0,spearman_rho,,False,False,,drop_or_review_redundant,Highly correlated with other predictors. Suggested cluster representative: sample_condition_code_std.,sample_condition_code_std
tmax_c,Tmax c,weather / thermal time,float64,143,0.0,0.0,0.0,39,numeric,29.109236238001245,29.721818181818183,4.519789789783199,22.62909090909091,25.86296296296296,29.721818181818183,31.666902356902355,34.67999999999999,5.803939393939395,0.12932294587624646,0.12932294587624646,0.0,0.02104424653427459,-0.12170543836666223,0.12170543836666223,143,-0.1748878484722492,-0.037633353125472654,0.13725449534677653,79.0,64.0,spearman_rho,,False,False,,drop_or_review_redundant,Highly correlated with other predictors. Suggested cluster representative: gdd_base_10.,gdd_base_10
tmean_c,Tmean c,weather / thermal time,float64,143,0.0,0.0,0.0,39,numeric,23.328845740269106,23.48486997400861,2.527054195428142,19.771975792718205,21.35342995169082,23.48486997400861,24.756792024704254,27.216598216233987,3.403362073013433,0.23111726223608872,0.23111726223608872,0.0,0.006688039154469748,-0.15583214165852005,0.15583214165852005,143,-0.26071131263823244,-0.003692242445582631,0.2570190701926498,79.0,64.0,spearman_rho,,False,False,,drop_or_review_redundant,Highly correlated with other predictors. Suggested cluster representative: gdd_base_10.,gdd_base_10
days_since_previous_observation,Days since previous observation,other,float64,143,0.027972027972027972,0.05063291139240506,0.0,7,numeric,3.8345323741007196,4.0,1.164680227944397,3.0,3.0,4.0,4.0,5.0,1.0,1.8919634098381106,1.8919634098381106,0.08391608391608392,0.043151969981238235,-0.15245348702707417,0.15245348702707417,139,-0.09243519718707188,-0.29221376093615803,0.19977856374908615,75.0,64.0,spearman_rho,,False,False,,review_mean_median_or_outliers,Distribution is skewed/outlier-prone; median/percentile representation may be safer than a mean feature.,
tmin_c,Tmin c,weather / thermal time,float64,143,0.0,0.0,0.0,39,numeric,19.288636054879618,18.98703703703704,1.5025612514383266,17.9037037037037,18.37090909090909,18.98703703703704,20.26818181818182,20.59476500857632,1.8972727272727283,1.3206834166262533,1.3206834166262533,0.027972027972027972,0.015636098736296,-0.0815112182378784,0.0815112182378784,143,-0.143526463355378,0.003004246958828103,0.14653071031420611,79.0,64.0,spearman_rho,,False,False,,review_mean_median_or_outliers,Distribution is skewed/outlier-prone; median/percentile representation may be safer than a mean feature.,
sample_diameter_mm_std,Sample diameter mm std,fruit size sample,float64,143,0.5174825174825175,0.12658227848101267,1.0,69,numeric,3.2414331647280235,3.2003217558019594,1.3988281550098203,1.5930277750004012,2.3556240861319178,3.2003217558019594,3.959511153088039,4.8671934410623265,1.6038870669561214,0.5328558097357071,0.5328558097357071,0.006993006993006993,0.012683096283897473,0.08184143222506395,0.08184143222506395,69,0.08184143222506395,,,69.0,0.0,spearman_rho,,False,False,,review_missingness,Missingness is high; keep only with strong agronomic justification or robust imputation.,
sample_individual_fruit_fresh_weight_g_std,Sample individual fruit fresh weight g std,fruit size sample,float64,143,0.5174825174825175,0.12658227848101267,1.0,69,numeric,2.5923416489729463,2.48954815177373,1.0602579483518177,1.565057973829032,1.9112090414185463,2.48954815177373,3.1905830188227355,3.7175431184964918,1.2793739774041892,0.9300042857372839,0.9300042857372839,0.013986013986013986,0.03965275843943705,0.25133357690902447,0.25133357690902447,69,0.25133357690902447,,,69.0,0.0,spearman_rho,,False,False,,review_missingness,Missingness is high; keep only with strong agronomic justification or robust imputation.,
sample_length_mm_std,Sample length mm std,fruit size sample,float64,143,0.6363636363636364,0.34177215189873417,1.0,52,numeric,4.787490543505384,4.586310269550825,1.5315669641736585,2.917146842040062,3.996324222170042,4.586310269550825,5.744403796466324,6.627897945349687,1.7480795742962822,0.08741389137933067,0.08741389137933067,0.013986013986013986,0.04202207234173564,-0.04166310936566208,0.04166310936566208,52,-0.04166310936566208,,,52.0,0.0,spearman_rho,,False,False,,review_missingness,Missingness is high; keep only with strong agronomic justification or robust imputation.,
sample_condition_code_median,Sample condition code median,other,float64,143,0.6363636363636364,0.34177215189873417,1.0,5,numeric,1.5480769230769231,1.0,0.7875228934401257,1.0,1.0,1.0,2.0,2.0,1.0,2.0899717411458245,2.0899717411458245,0.006993006993006993,0.35403726708074534,-0.17769105877218264,0.17769105877218264,52,-0.17769105877218264,,,52.0,0.0,spearman_rho,,False,False,sample_condition_code_median,review_missingness,Missingness is high; keep only with strong agronomic justification or robust imputation.,
sample_condition_code_min,Sample condition code min,other,float64,143,0.6363636363636364,0.34177215189873417,1.0,2,numeric,1.0384615384615385,1.0,0.2773500981126146,1.0,1.0,1.0,1.0,1.0,0.0,7.211102550927977,7.211102550927977,0.0,0.03703703703703712,-0.2192554384044281,0.2192554384044281,52,-0.2192554384044281,,,52.0,0.0,spearman_rho,,False,False,,review_missingness,Missingness is high; keep only with strong agronomic justification or robust imputation.,
sample_condition_code_p10,Sample condition code p10,other,float64,143,0.6363636363636364,0.34177215189873417,1.0,7,numeric,1.0884615384615384,1.0,0.3135213325161221,1.0,1.0,1.0,1.0,1.2799999999999998,0.0,4.974410656802736,4.974410656802736,0.0,0.08127208480565364,-0.29853759879217695,0.29853759879217695,52,-0.29853759879217695,,,52.0,0.0,spearman_rho,,False,False,,review_missingness,Missingness is high; keep only with strong agronomic justification or robust imputation.,
fruit_tagged_diameter_mm_max,Tagged diameter mm max,tagged fruit development,float64,143,0.027972027972027972,0.05063291139240506,0.0,38,numeric,25.662014388489204,25.92,4.2278473262742375,19.702,24.22,25.92,28.310000000000002,29.49,4.090000000000003,-0.44088660701637317,0.44088660701637317,0.06993006993006994,0.01005320968203173,0.13494314372599955,0.13494314372599955,139,0.016647570854507392,0.18628624463023424,0.16963867377572686,75.0,64.0,spearman_rho,,False,False,,review_optional_tagged_layer,Tagged-fruit signal is audited as experimental context; only compact aliases are tested by default.,
fruit_tagged_diameter_mm_mean,Tagged diameter mm mean,tagged fruit development,float64,143,0.027972027972027972,0.05063291139240506,0.0,38,numeric,14.937511255323983,14.688333333333333,3.1673264835720953,10.77888888888889,12.7275,14.688333333333333,16.8724375,19.311875,4.144937500000001,0.42321200043693474,0.42321200043693474,0.027972027972027972,0.01668135459324519,0.10939698984640674,0.10939698984640674,139,-0.16367025819576855,0.170599947532231,0.3342702057279996,75.0,64.0,spearman_rho,,False,False,fruit_tagged_diameter_mm_mean,review_optional_tagged_layer,Tagged-fruit signal is audited as experimental context; only compact aliases are tested by default.,fruit_tagged_diameter_mm_median
fruit_tagged_diameter_mm_mean_change_since_previous_date,Tagged diameter mm mean change since previous date,tagged fruit development,float64,143,0.027972027972027972,0.05063291139240506,0.0,38,numeric,0.07723855745125266,1.1936057692307678,3.1473853740648763,-4.043000000000003,-2.292777777777779,1.1936057692307678,2.3163333333333327,3.913499999999999,4.609111111111112,-0.7141057741874158,0.7141057741874158,0.0,14.453496396331387,-0.047303967354469095,0.047303967354469095,139,-0.08269670141328009,-0.026946489897885662,0.05575021151539443,75.0,64.0,spearman_rho,,False,False,,review_optional_tagged_layer,Tagged-fruit signal is audited as experimental context; only compact aliases are tested by default.,fruit_tagged_diameter_mm_median_pct_change_since_previous_date
fruit_tagged_diameter_mm_mean_pct_change_since_previous_date,Tagged diameter mm mean pct change since previous date,tagged fruit development,float64,143,0.027972027972027972,0.05063291139240506,0.0,38,numeric,2.6241602857499338,8.652942581826872,19.749293776833667,-22.480365443179995,-13.82348015407805,8.652942581826872,19.177640996278257,25.3807573310503,33.001121150356305,-0.3917525383468133,0.3917525383468133,0.0,2.2974138922897502,-0.0598401333309027,0.0598401333309027,139,-0.10909926459912841,-0.01974547046985494,0.08935379412927347,75.0,64.0,spearman_rho,,False,False,,review_optional_tagged_layer,Tagged-fruit signal is audited as experimental context; only compact aliases are tested by default.,fruit_tagged_diameter_mm_median_pct_change_since_previous_date
fruit_tagged_diameter_mm_median_change_since_previous_date,Tagged diameter mm median change since previous date,tagged fruit development,float64,143,0.027972027972027972,0.05063291139240506,0.0,38,numeric,-0.029460431654676163,0.6350000000000016,4.28323956746101,-5.66,-1.5450000000000017,0.6350000000000016,3.41,4.234999999999998,4.955000000000002,-1.5496562125289257,1.5496562125289257,0.055944055944055944,22.554334554334677,-0.0714778256538283,0.0714778256538283,139,-0.12869469445011403,0.036624293078232686,0.16531898752834673,75.0,64.0,spearman_rho,,False,False,,review_optional_tagged_layer,Tagged-fruit signal is audited as experimental context; only compact aliases are tested by default.,fruit_tagged_diameter_mm_median_pct_change_since_previous_date
fruit_tagged_diameter_mm_median_pct_change_since_previous_date,Tagged diameter mm median pct change since previous date,tagged fruit development,float64,143,0.027972027972027972,0.05063291139240506,0.0,38,numeric,3.717049373099378,7.400932400932425,25.688842717985867,-34.94973388527498,-11.546391752577334,7.400932400932425,22.46105171421189,33.26000975768417,34.007443466789226,-0.7080537927378981,0.7080537927378981,0.027972027972027972,0.9910772384390806,-0.08556955795573842,0.08556955795573842,139,-0.13712528636274737,-0.006260758929466201,0.13086452743328117,75.0,64.0,spearman_rho,,False,False,,review_optional_tagged_layer,Tagged-fruit signal is audited as experimental context; only compact aliases are tested by default.,fruit_tagged_diameter_mm_median_pct_change_since_previous_date
fruit_tagged_diameter_mm_min,Tagged diameter mm min,tagged fruit development,float64,143,0.027972027972027972,0.05063291139240506,0.0,37,numeric,6.935827338129496,6.47,2.55473016791234,4.13,5.43,6.47,7.87,11.07,2.4400000000000004,1.237802305551949,1.237802305551949,0.027972027972027972,0.0671624761430586,-0.020745980542744652,0.020745980542744652,139,-0.15703401523751326,0.24994876033791988,0.40698277557543316,75.0,64.0,spearman_rho,,False,False,,review_optional_tagged_layer,Tagged-fruit signal is audited as experimental context; only compact aliases are tested by default.,fruit_tagged_diameter_mm_min
fruit_tagged_diameter_mm_n_non_missing,Tagged diameter mm n non missing,tagged fruit development,float64,143,0.027972027972027972,0.05063291139240506,0.0,8,numeric,18.014388489208635,18.0,2.160198633884754,15.0,16.0,18.0,20.0,20.0,4.0,-0.7496209938262473,0.7496209938262473,0.0,0.000798722044728528,0.0806885606618747,0.0806885606618747,139,-0.24395707932055094,0.2803410724568682,0.5242981517774191,75.0,64.0,spearman_rho,,False,False,,review_optional_tagged_layer,Tagged-fruit signal is audited as experimental context; only compact aliases are tested by default.,fruit_tagged_diameter_mm_n_non_missing
fruit_tagged_diameter_mm_n_records,Tagged diameter mm n records,tagged fruit development,float64,143,0.027972027972027972,0.05063291139240506,0.0,1,numeric,20.0,20.0,0.0,20.0,20.0,20.0,20.0,20.0,0.0,0.0,0.0,0.0,0.0,,,139,,,,75.0,64.0,spearman_rho,,False,False,,review_optional_tagged_layer,Tagged-fruit signal is audited as experimental context; only compact aliases are tested by default.,
fruit_tagged_diameter_mm_p10,Tagged diameter mm p10,tagged fruit development,float64,143,0.027972027972027972,0.05063291139240506,0.0,38,numeric,8.835129496402878,8.021,2.9975060475082107,5.867,6.4825,8.021,10.224,13.605,3.7415000000000003,1.3172059201462611,1.3172059201462611,0.055944055944055944,0.09214686629486765,0.046758625136916976,0.046758625136916976,139,-0.2585144172128937,0.33237061965111225,0.590885036864006,75.0,64.0,spearman_rho,,False,False,,review_optional_tagged_layer,Tagged-fruit signal is audited as experimental context; only compact aliases are tested by default.,fruit_tagged_diameter_mm_p10
fruit_tagged_diameter_mm_p90,Tagged diameter mm p90,tagged fruit development,float64,143,0.027972027972027972,0.05063291139240506,0.0,38,numeric,21.93125179856115,23.303,3.8319272974509366,16.045,19.469999999999995,23.303,24.387,25.64,4.917000000000005,-0.5188747970686807,0.5188747970686807,0.0,0.06254764725873278,0.13610981847010695,0.13610981847010695,139,-0.033992944080161805,0.2592825657748896,0.2932755098550514,75.0,64.0,spearman_rho,,False,False,,review_optional_tagged_layer,Tagged-fruit signal is audited as experimental context; only compact aliases are tested by default.,fruit_tagged_diameter_mm_p90
fruit_tagged_diameter_mm_std,Tagged diameter mm std,tagged fruit development,float64,143,0.027972027972027972,0.05063291139240506,0.0,38,numeric,5.470835077670526,5.506388324569234,1.6482038944178838,3.0564483602618524,4.394981716197951,5.506388324569234,6.765369199495495,7.4854474688908095,2.3703874832975442,-0.09924902411339771,0.09924902411339771,0.0,0.006498687383909659,0.07538909155840288,0.07538909155840288,139,0.15016991844378139,0.026625425337400213,0.12354449310638117,75.0,64.0,spearman_rho,,False,False,,review_optional_tagged_layer,Tagged-fruit signal is audited as experimental context; only compact aliases are tested by default.,fruit_tagged_diameter_mm_std
fruit_tagged_length_mm_max,Tagged length mm max,tagged fruit development,float64,143,0.16083916083916083,0.2911392405063291,0.0,33,numeric,30.95475,31.52,4.04382940286751,26.2,28.07,31.52,33.74,36.12400000000001,5.670000000000002,-0.2960305766740687,0.2960305766740687,0.0,0.018260525444398643,0.1423427484191244,0.1423427484191244,120,0.015238450907787245,0.23481285962932028,0.21957440872153303,56.0,64.0,spearman_rho,,False,False,,review_optional_tagged_layer,Tagged-fruit signal is audited as experimental context; only compact aliases are tested by default.,
fruit_tagged_length_mm_mean_change_since_previous_date,Tagged length mm mean change since previous date,tagged fruit development,float64,143,0.1888111888111888,0.34177215189873417,0.0,32,numeric,-0.049106456769035654,0.9761666666666676,3.7393829198570923,-4.8995694444444435,-2.286394736842105,0.9761666666666676,2.732999999999997,4.059000000000001,5.019394736842102,-0.9705688327288425,0.9705688327288425,0.027972027972027972,20.878580758899204,-0.1234872887764806,0.1234872887764806,116,-0.16706996601386895,-0.018874009519965873,0.14819595649390307,52.0,64.0,spearman_rho,,False,False,,review_optional_tagged_layer,Tagged-fruit signal is audited as experimental context; only compact aliases are tested by default.,fruit_tagged_diameter_mm_median_pct_change_since_previous_date
fruit_tagged_length_mm_mean_pct_change_since_previous_date,Tagged length mm mean pct change since previous date,tagged fruit development,float64,143,0.1888111888111888,0.34177215189873417,0.0,32,numeric,1.7896337761673853,5.2784787310742765,19.10032119307638,-21.214687691536184,-11.48486450760079,5.2784787310742765,16.096284252686676,26.423093196407613,27.581148760287466,-0.4662790300669261,0.4662790300669261,0.0,1.9494742451600768,-0.1542408428630268,0.1542408428630268,116,-0.18503907887579596,-0.060291337822588435,0.12474774105320752,52.0,64.0,spearman_rho,,False,False,,review_optional_tagged_layer,Tagged-fruit signal is audited as experimental context; only compact aliases are tested by default.,fruit_tagged_diameter_mm_median_pct_change_since_previous_date
fruit_tagged_length_mm_median,Tagged length mm median,tagged fruit development,float64,143,0.16083916083916083,0.2911392405063291,0.0,33,numeric,17.18475,16.895,4.909754818109514,11.2105,13.55,16.895,19.4575,23.906000000000013,5.907499999999999,0.6952463632044248,0.6952463632044248,0.027972027972027972,0.01686087955891133,0.09059659271407819,0.09059659271407819,120,-0.19378515435318658,0.08927888099784585,0.2830640353510324,56.0,64.0,spearman_rho,,False,False,fruit_tagged_length_mm_median,review_optional_tagged_layer,Tagged-fruit signal is audited as experimental context; only compact aliases are tested by default.,fruit_tagged_diameter_mm_median
fruit_tagged_length_mm_median_change_since_previous_date,Tagged length mm median change since previous date,tagged fruit development,float64,143,0.1888111888111888,0.34177215189873417,0.0,32,numeric,-0.1696551724137929,1.1099999999999994,5.079488707757296,-5.76,-2.846250000000001,1.1099999999999994,3.477500000000001,5.050000000000001,6.323750000000002,-1.785330292705768,1.785330292705768,0.027972027972027972,7.542682926829272,-0.1115374022648624,0.1115374022648624,116,-0.1319874123310591,0.01318658016279511,0.1451739924938542,52.0,64.0,spearman_rho,,False,False,,review_optional_tagged_layer,Tagged-fruit signal is audited as experimental context; only compact aliases are tested by default.,fruit_tagged_diameter_mm_median_pct_change_since_previous_date
fruit_tagged_length_mm_median_pct_change_since_previous_date,Tagged length mm median pct change since previous date,tagged fruit development,float64,143,0.1888111888111888,0.34177215189873417,0.0,32,numeric,2.881215653968717,8.772331653687582,24.702618718109903,-28.134849314882757,-19.384149419485095,8.772331653687582,18.0931744312026,29.954109303295784,37.4773238506877,-0.7617411507201668,0.7617411507201668,0.0,2.0446633321612615,-0.12902954383384843,0.12902954383384843,116,-0.1147884043060718,-0.029744338210687404,0.0850440660953844,52.0,64.0,spearman_rho,,False,False,,review_optional_tagged_layer,Tagged-fruit signal is audited as experimental context; only compact aliases are tested by default.,fruit_tagged_diameter_mm_median_pct_change_since_previous_date
fruit_tagged_length_mm_min,Tagged length mm min,tagged fruit development,float64,143,0.16083916083916083,0.2911392405063291,0.0,32,numeric,7.493666666666667,6.77,2.8307135820767,4.01,5.9575000000000005,6.77,8.3925,11.25,2.4349999999999996,1.0953253670127472,1.0953253670127472,0.055944055944055944,0.09657043725812918,-0.06846748413349468,0.06846748413349468,120,-0.24021962498455623,0.15046461295321517,0.3906842379377714,56.0,64.0,spearman_rho,,False,False,,review_optional_tagged_layer,Tagged-fruit signal is audited as experimental context; only compact aliases are tested by default.,fruit_tagged_diameter_mm_min
fruit_tagged_length_mm_n_non_missing,Tagged length mm n non missing,tagged fruit development,float64,143,0.16083916083916083,0.2911392405063291,0.0,8,numeric,17.766666666666666,18.0,2.187563524487796,14.9,16.0,18.0,20.0,20.0,4.0,-0.646416701867632,0.646416701867632,0.0,0.01313320825515953,0.15449793915691168,0.15449793915691168,120,-0.14749553752822941,0.2803410724568682,0.4278366099850976,56.0,64.0,spearman_rho,,False,False,,review_optional_tagged_layer,Tagged-fruit signal is audited as experimental context; only compact aliases are tested by default.,fruit_tagged_diameter_mm_n_non_missing
fruit_tagged_length_mm_n_records,Tagged length mm n records,tagged fruit development,float64,143,0.16083916083916083,0.2911392405063291,0.0,1,numeric,20.0,20.0,0.0,20.0,20.0,20.0,20.0,20.0,0.0,0.0,0.0,0.0,0.0,,,120,,,,56.0,64.0,spearman_rho,,False,False,,review_optional_tagged_layer,Tagged-fruit signal is audited as experimental context; only compact aliases are tested by default.,
fruit_tagged_length_mm_p10,Tagged length mm p10,tagged fruit development,float64,143,0.16083916083916083,0.2911392405063291,0.0,33,numeric,10.528325000000002,9.01,4.13967434509085,6.828,7.196,9.01,13.1965,15.337700000000012,6.000500000000001,1.2704075059455906,1.2704075059455906,0.027972027972027972,0.14421334827714782,0.053458868344360574,0.053458868344360574,120,-0.32425368909176955,0.23820697069730926,0.5624606597890788,56.0,64.0,spearman_rho,,False,False,,review_optional_tagged_layer,Tagged-fruit signal is audited as experimental context; only compact aliases are tested by default.,fruit_tagged_diameter_mm_p10
fruit_tagged_length_mm_p90,Tagged length mm p90,tagged fruit development,float64,143,0.16083916083916083,0.2911392405063291,0.0,33,numeric,26.536024999999995,26.68,4.925852344386449,19.528,24.496,26.68,29.743,32.372,5.247,-0.1301172257849416,0.1301172257849416,0.027972027972027972,0.005425643064475733,0.17809084792935773,0.17809084792935773,120,-0.03153845682263383,0.2476554420487381,0.2791938988713719,56.0,64.0,spearman_rho,,False,False,,review_optional_tagged_layer,Tagged-fruit signal is audited as experimental context; only compact aliases are tested by default.,fruit_tagged_diameter_mm_p90
fruit_tagged_length_mm_std,Tagged length mm std,tagged fruit development,float64,143,0.16083916083916083,0.2911392405063291,0.0,33,numeric,6.804901772069618,6.480983254775598,1.9051412479595407,5.005108214984037,5.392629863258303,6.480983254775598,8.062152865303993,9.754993446581969,2.6695230020456897,0.49874152030970853,0.49874152030970853,0.0,0.0476007631180699,0.10915850677463959,0.10915850677463959,120,0.2295355874941526,0.07918828052544612,0.15034730696870646,56.0,64.0,spearman_rho,,False,False,,review_optional_tagged_layer,Tagged-fruit signal is audited as experimental context; only compact aliases are tested by default.,fruit_tagged_diameter_mm_std
forecast_task,Forecast task,other,str,143,0.0,0.0,0.0,1,categorical,,,,,,,,,,,,,,,,143,,,,,,eta_squared_category_vs_target,,False,False,,available_not_selected_initially,Available candidate but not selected in the compact first-pass feature set.,
rhmean_pct,Rhmean pct,weather / thermal time,float64,143,0.0,0.0,0.0,39,numeric,57.379094568723545,57.3932730918703,10.355796922575527,42.64253287040491,52.75605660101148,57.3932730918703,64.77202451090065,73.3875283003995,12.01596790988917,-0.21175897539407745,0.21175897539407745,0.013986013986013986,0.00024710259465269104,0.08733036919616162,0.08733036919616162,143,0.11204323913548864,0.23059315397722582,0.11854991484173719,79.0,64.0,spearman_rho,,False,False,,available_not_selected_initially,Available candidate but not selected in the compact first-pass feature set.,
solar_radiation,Solar radiation,weather / thermal time,float64,143,0.0,0.0,0.0,39,numeric,4.52941974448905,4.527398603451437,1.394832269823741,2.856574047279147,3.632461188708317,4.527398603451437,5.44174971973904,6.591759029125749,1.8092885310307225,-0.19510645061511425,0.19510645061511425,0.0,0.00044622515722281535,-0.03562921422711826,0.03562921422711826,143,-0.2966294802079824,0.14324066034229263,0.43987014055027507,79.0,64.0,spearman_rho,,False,False,,available_not_selected_initially,Available candidate but not selected in the compact first-pass feature set.,
year,Year,year metadata,int64,143,0.0,0.0,0.0,2,numeric,2022.4475524475524,2022.0,0.4989894249115353,2022.0,2022.0,2022.0,2023.0,2023.0,1.0,0.21319686031889834,0.21319686031889834,0.0,0.00022129248642853574,-0.16864261066188627,0.16864261066188627,143,,,,79.0,64.0,spearman_rho,,False,False,,available_not_selected_initially,Available candidate but not selected in the compact first-pass feature set.,
