year,date,nitrogen_treatment,sample_diameter_mm_n_records,sample_diameter_mm_n_non_missing,sample_diameter_mm_mean,sample_diameter_mm_median,sample_diameter_mm_std,sample_diameter_mm_min,sample_diameter_mm_max,sample_diameter_mm_p10,sample_diameter_mm_p90,sample_length_mm_n_records,sample_length_mm_n_non_missing,sample_length_mm_mean,sample_length_mm_median,sample_length_mm_std,sample_length_mm_min,sample_length_mm_max,sample_length_mm_p10,sample_length_mm_p90,sample_individual_fruit_fresh_weight_g_n_records,sample_individual_fruit_fresh_weight_g_n_non_missing,sample_individual_fruit_fresh_weight_g_mean,sample_individual_fruit_fresh_weight_g_median,sample_individual_fruit_fresh_weight_g_std,sample_individual_fruit_fresh_weight_g_min,sample_individual_fruit_fresh_weight_g_max,sample_individual_fruit_fresh_weight_g_p10,sample_individual_fruit_fresh_weight_g_p90,sample_condition_code_n_records,sample_condition_code_n_non_missing,sample_condition_code_mean,sample_condition_code_median,sample_condition_code_std,sample_condition_code_min,sample_condition_code_max,sample_condition_code_p10,sample_condition_code_p90,n_fruit_size_samples
2022,2022-07-29,0N,2,2,24.915,24.915,3.344615075012369,22.55,27.28,23.023,26.807000000000002,2,0,,,,,,,,2,2,8.665,8.665,1.647558800164655,7.5,9.83,7.733,9.597,2,0,,,,,,,,2
2022,2022-07-29,100N,6,6,24.798333333333332,24.68,2.8335590106201525,20.25,28.82,22.125,27.59,6,0,,,,,,,,6,6,10.588333333333333,9.805,3.0731379185885337,6.97,15.49,7.890000000000001,14.07,6,0,,,,,,,,6
2022,2022-07-29,150N,4,4,25.8,25.235,1.877178734164651,24.22,28.51,24.46,27.592000000000002,4,0,,,,,,,,4,4,11.2825,10.89,1.6596661310837997,9.72,13.63,10.059000000000001,12.82,4,0,,,,,,,,4
2022,2022-07-29,50N,5,5,25.832,26.18,1.1167452708652954,23.9,26.7,24.716,26.596,5,0,,,,,,,,5,5,9.536,8.89,1.7713356542451237,7.57,11.88,7.942,11.464,5,0,,,,,,,,5
2022,2022-08-02,0N,1,1,21.76,21.76,,21.76,21.76,21.76,21.76,1,0,,,,,,,,1,1,5.15,5.15,,5.15,5.15,5.15,5.15,1,0,,,,,,,,1
2022,2022-08-02,100N,11,11,24.69545454545454,25.19,3.228558079503492,18.79,28.66,19.4,27.91,11,0,,,,,,,,11,11,8.33,8.2,2.80627154780146,4.05,13.66,4.52,11.67,11,0,,,,,,,,11
2022,2022-08-02,150N,4,4,24.535,25.14,2.365664106898242,21.28,26.58,22.198,26.387999999999998,4,0,,,,,,,,4,4,8.3375,8.355,2.1643224497903883,6.06,10.58,6.332999999999999,10.328,4,0,,,,,,,,4
2022,2022-08-02,50N,5,5,24.954,24.92,0.8324241707206722,24.01,25.79,24.110000000000003,25.79,5,0,,,,,,,,5,5,7.892,8.32,1.4663457982345096,5.71,9.42,6.306,9.176,5,0,,,,,,,,5
2022,2022-08-05,0N,5,5,23.462,23.95,2.4921617122490254,20.17,26.72,20.902,25.82,5,0,,,,,,,,5,5,6.0600000000000005,6.26,1.681323883134954,3.71,7.9,4.282,7.656000000000001,5,0,,,,,,,,5
2022,2022-08-05,100N,4,4,26.1875,28.045,3.9765678249800622,20.23,28.43,22.546,28.343,4,0,,,,,,,,4,4,7.842499999999999,8.67,2.84123652658486,3.76,10.27,5.119,9.904,4,0,,,,,,,,4
2022,2022-08-05,150N,7,7,22.22142857142857,22.12,3.924828780008239,15.68,28.46,18.188,25.964000000000002,7,0,,,,,,,,7,7,6.408571428571428,6.59,2.763496749720231,3.23,10.97,3.428,9.512,7,0,,,,,,,,7
2022,2022-08-05,50N,1,1,22.85,22.85,,22.85,22.85,22.85,22.85,1,0,,,,,,,,1,1,4.55,4.55,,4.55,4.55,4.55,4.55,1,0,,,,,,,,1
2022,2022-08-09,0N,3,3,23.05,22.6,2.65377090194312,20.65,25.9,21.04,25.24,3,0,,,,,,,,3,3,6.039999999999999,5.85,2.1313610674871586,4.01,8.26,4.378,7.778,3,0,,,,,,,,3
2022,2022-08-09,100N,3,3,26.97666666666667,27.95,2.818977355945472,23.8,29.18,24.63,28.934,3,0,,,,,,,,3,3,7.226666666666667,7.53,2.677915856283265,4.41,9.74,5.034000000000001,9.298,3,0,,,,,,,,3
2022,2022-08-09,150N,3,3,22.44666666666667,23.01,5.825464216123326,16.36,27.97,17.69,26.977999999999998,3,0,,,,,,,,3,3,6.3933333333333335,6.23,3.2480814850205553,3.23,9.72,3.83,9.022,3,0,,,,,,,,3
2022,2022-08-12,0N,4,4,25.34,25.215,0.6008327554319928,24.76,26.17,24.862000000000002,25.918,4,0,,,,,,,,4,4,6.9175,7.085,0.6261722340272419,6.05,7.45,6.2989999999999995,7.402,4,0,,,,,,,,4
2022,2022-08-12,100N,6,6,23.53,23.384999999999998,5.698645453087954,14.7,32.18,18.15,29.055,6,0,,,,,,,,6,6,6.845,6.145,4.310984806282667,1.24,14.19,3.06,11.33,6,0,,,,,,,,6
2022,2022-08-12,150N,5,5,23.2,23.2,1.3899100690332455,21.9,25.38,21.976,24.599999999999998,5,0,,,,,,,,5,5,6.5840000000000005,6.41,0.9880435213086513,5.44,8.08,5.704,7.604,5,0,,,,,,,,5
2022,2022-08-12,50N,4,4,28.33,28.865000000000002,1.6259766295983449,26.01,29.58,26.73,29.502,4,0,,,,,,,,4,4,10.1975,9.355,2.039564904581368,8.85,13.23,8.955,12.114,4,0,,,,,,,,4
2022,2022-08-16,0N,4,4,27.1925,26.869999999999997,1.904247445405491,25.23,29.8,25.692,28.951,4,4,25.525,23.97,4.79367986693591,21.99,32.17,22.005,30.289,4,4,7.12,6.55,2.423262263973918,4.96,10.42,5.185,9.511000000000001,4,0,,,,,,,,4
2022,2022-08-16,100N,12,12,26.5625,25.865000000000002,1.83672695550833,23.64,29.55,24.745,29.151999999999997,12,12,30.42833333333333,30.975,2.851560444685852,26.9,34.85,27.042,33.667,12,12,9.226666666666667,8.605,1.5897360177276623,7.32,11.54,7.447,11.465,12,0,,,,,,,,12
2022,2022-08-16,150N,7,7,24.099999999999998,23.88,2.536552778871358,20.72,27.2,21.176,27.11,7,7,28.055714285714284,27.9,4.9036308219619515,20.74,35.88,23.458,33.408,7,7,6.977142857142858,6.84,2.119675401924505,4.54,10.11,4.75,9.18,7,0,,,,,,,,7
2022,2022-08-16,50N,7,7,23.704285714285714,23.9,3.9595111530880387,18.2,28.9,18.662,27.916,7,7,25.389999999999997,28.2,5.613507519071002,17.05,30.7,17.956,30.040000000000003,7,7,6.611428571428571,7.41,3.00762048011064,2.36,10.67,2.6959999999999997,9.494000000000002,7,0,,,,,,,,7
2022,2022-08-22,0N,1,1,25.65,25.65,,25.65,25.65,25.65,25.65,1,1,29.99,29.99,,29.99,29.99,29.99,29.99,1,1,8.46,8.46,,8.46,8.46,8.46,8.46,1,1,1.0,1.0,,1.0,1.0,1.0,1.0,1
2022,2022-08-22,100N,8,8,26.3145,27.66,3.9087077513820714,17.71,30.03,21.896,28.959,8,8,29.59,29.29,4.584881989445622,23.64,37.97,24.794999999999998,35.016,8,8,8.97125,9.585,3.1624829192085318,3.22,12.91,4.949000000000001,12.056,8,8,1.625,2.0,0.5175491695067657,1.0,2.0,1.0,2.0,8
2022,2022-08-22,150N,8,8,22.192500000000003,22.335,3.3862864194107534,16.1,25.82,18.13,25.428,8,8,23.21625,25.625,5.358445770130418,15.0,28.45,16.470000000000002,28.191,8,8,5.68,5.585,2.019816116099964,2.66,8.29,3.213,7.778999999999999,8,8,2.625,3.0,1.1877349391654208,1.0,4.0,1.0,4.0,8
2022,2022-08-22,50N,2,2,28.32,28.32,1.6546298679765223,27.15,29.49,27.384,29.256,2,2,28.745,28.745,1.0111626970967629,28.03,29.46,28.173000000000002,29.317,2,2,9.01,9.01,2.2910259710444145,7.39,10.63,7.7139999999999995,10.306000000000001,2,2,1.5,1.5,0.7071067811865476,1.0,2.0,1.1,1.9,2
2022,2022-08-30,0N,5,5,20.106,21.83,4.398145063546678,13.63,24.87,15.334000000000001,23.846,5,5,21.316,23.12,5.072142545315541,14.68,27.11,15.828,25.914,5,5,4.252,4.56,1.9112090414185465,1.88,6.68,2.272,6.12,5,5,3.8,5.0,1.788854381999832,1.0,5.0,1.8,5.0,5
2022,2022-08-30,100N,16,16,24.041875,23.52,3.505204166664191,14.77,28.71,21.29,28.205,16,16,28.728749999999998,29.25,4.587738549656028,20.74,35.36,22.915,34.129999999999995,16,16,7.7975,7.385,2.803434798005238,2.57,12.8,5.23,11.38,16,16,2.1875,2.0,1.5152007567755943,1.0,5.0,1.0,5.0,16
2022,2022-08-30,150N,7,7,20.087142857142858,19.59,1.8907821510838165,17.34,22.2,17.928,22.002,7,7,24.84857142857143,27.31,3.9020611159207848,20.27,29.25,20.624,28.278,7,7,4.7457142857142856,5.12,1.454783570877551,2.9,6.52,3.254,6.424,7,7,2.4285714285714284,2.0,1.2724180205607034,1.0,5.0,1.6,3.8000000000000007,7
2022,2022-08-30,50N,14,14,23.065714285714286,23.35,2.3556240861319178,17.54,26.82,20.913999999999998,25.416,14,14,28.278571428571432,28.41,3.6078138642564257,21.43,33.77,24.669999999999998,32.565,14,14,6.6850000000000005,6.87,1.8496933217740135,2.68,9.52,4.5520000000000005,8.938000000000002,14,14,2.0,1.5,1.3587324409735146,1.0,5.0,1.0,4.0,14
2022,2022-09-06,0N,1,1,21.37,21.37,,21.37,21.37,21.37,21.37,1,1,22.75,22.75,,22.75,22.75,22.75,22.75,1,1,4.93,4.93,,4.93,4.93,4.93,4.93,1,1,1.0,1.0,,1.0,1.0,1.0,1.0,1
2022,2022-09-06,100N,17,17,24.168823529411764,24.78,3.066985250928306,17.29,29.62,20.628,27.134,17,17,27.851176470588236,25.89,4.3542204847035215,21.37,36.18,23.446,33.884,17,17,8.09529411764706,8.13,2.15305340634835,3.84,11.42,5.042,10.224,17,17,2.2941176470588234,2.0,1.403776419268438,1.0,5.0,1.0,4.0,17
2022,2022-09-06,150N,6,6,22.80333333333333,22.195,2.236467452628512,20.37,26.38,20.805,25.41,6,6,28.991666666666664,30.465,4.023020838457919,21.69,32.79,24.505000000000003,32.004999999999995,6,6,7.4816666666666665,8.08,1.8982035366805816,4.58,9.5,5.24,9.125,6,6,2.1666666666666665,2.0,1.3291601358251257,1.0,4.0,1.0,3.5,6
2022,2022-09-06,50N,9,9,21.941111111111113,21.72,3.656991401563738,16.95,27.19,16.982,26.686,9,9,23.36333333333333,21.9,5.254726443878883,16.08,30.43,18.656,29.805999999999997,9,9,5.86,5.23,2.48954815177373,2.64,10.37,3.4560000000000004,9.002,9,9,2.3333333333333335,2.0,1.5811388300841898,1.0,5.0,1.0,4.2,9
2022,2022-09-09,0N,1,1,18.5,18.5,,18.5,18.5,18.5,18.5,1,1,17.14,17.14,,17.14,17.14,17.14,17.14,1,1,2.56,2.56,,2.56,2.56,2.56,2.56,1,1,1.0,1.0,,1.0,1.0,1.0,1.0,1
2022,2022-09-09,100N,7,7,24.55,24.06,8.065339422491775,14.58,34.77,16.614,34.074,7,7,27.419999999999998,28.03,8.878030937845022,15.6,36.16,15.761999999999999,36.004,7,7,8.551428571428572,6.23,6.615525750262103,1.51,18.28,1.972,16.498,7,7,2.4285714285714284,3.0,1.5118578920369088,1.0,5.0,1.0,3.8000000000000007,7
2022,2022-09-09,150N,7,7,24.541428571428572,25.79,3.929819455443337,18.49,28.69,20.23,28.516,7,7,28.304285714285715,29.05,6.832273553127235,18.0,35.32,20.838,34.924,7,7,7.755714285714285,9.88,3.6586375293855737,3.28,11.73,3.694,11.004,7,7,1.4285714285714286,1.0,0.7867957924694432,1.0,3.0,1.0,2.4000000000000004,7
2022,2022-09-09,50N,4,4,25.259999999999998,24.869999999999997,6.146500359283053,19.74,31.56,19.889999999999997,30.942,4,4,32.0025,32.775000000000006,7.916604385719931,22.11,40.35,24.378,39.009,4,4,9.2925,9.53,5.128413497369337,3.74,14.37,4.478000000000001,13.917,4,4,1.0,1.0,0.0,1.0,1.0,1.0,1.0,4
2022,2022-09-13,0N,2,2,17.025,17.025,5.055813485483815,13.45,20.6,14.165,19.885,2,2,15.81,15.81,4.044650788387054,12.95,18.67,13.522,18.098000000000003,2,2,2.43,2.43,1.4707821048680192,1.39,3.47,1.5979999999999999,3.2620000000000005,2,2,3.5,3.5,0.7071067811865476,3.0,4.0,3.1,3.9,2
2022,2022-09-13,100N,17,17,25.837058823529414,26.08,3.122174251835335,20.0,31.81,21.514,29.476000000000003,17,17,28.35470588235294,29.15,6.422763343809908,16.51,39.48,18.794,34.258,17,17,9.76529411764706,9.88,3.5767095871188985,3.59,14.81,4.974,14.278,17,17,1.8235294117647058,1.0,1.2862393885688164,1.0,4.0,1.0,4.0,17
2022,2022-09-13,150N,8,8,24.055,22.43,4.5723735630414115,19.89,32.96,20.1,29.005,8,8,26.346249999999998,24.6,7.559124925734275,15.61,35.85,18.984,34.989,8,8,8.55375,6.800000000000001,4.910545321768536,3.62,16.43,3.942,14.078,8,8,2.25,1.5,1.4880476182856899,1.0,4.0,1.0,4.0,8
2022,2022-09-13,50N,9,9,25.40777777777778,25.3,4.2923821410080025,16.87,31.01,21.918,30.818,9,9,29.887777777777778,30.53,4.411643054967667,21.06,34.57,25.428,34.050000000000004,9,9,10.46888888888889,9.93,4.104699880759996,4.95,16.51,5.366,15.654,9,9,1.5555555555555556,1.0,1.1303883305208782,1.0,4.0,1.0,3.2,9
2022,2022-09-16,100N,15,15,26.016666666666666,25.93,2.9168884269436988,21.13,30.6,22.224,29.863999999999997,15,15,28.89,29.2,4.258497387576985,22.26,34.52,23.68,34.19,15,15,9.751333333333333,9.87,2.708409830421498,5.93,14.33,6.166,12.832,15,15,2.0,1.0,1.3093073414159542,1.0,5.0,1.0,3.5999999999999996,15
2022,2022-09-16,150N,9,9,27.561111111111114,26.43,4.452674601979252,23.1,36.16,23.372,33.432,9,9,30.33666666666667,29.93,3.6688315578668917,25.32,35.35,26.52,35.062000000000005,9,9,10.912222222222221,10.96,3.456442454959209,7.06,16.99,7.332,14.806000000000001,9,9,1.3333333333333333,1.0,0.7071067811865476,1.0,3.0,1.0,2.2,9
2022,2022-09-16,50N,4,4,26.72,28.47,5.3416289650255555,19.21,30.73,21.427,30.613,4,4,29.3475,30.384999999999998,3.9162343733064113,23.94,32.68,25.476,32.389,4,4,10.4225,11.8,3.6926537431319857,4.97,13.12,6.95,12.793,4,4,1.0,1.0,0.0,1.0,1.0,1.0,1.0,4
2022,2022-09-20,100N,19,19,24.724736842105262,26.41,3.91962068519257,15.96,29.43,19.54,28.805999999999997,19,19,28.617894736842107,29.59,4.754981690521318,14.53,35.54,23.003999999999998,33.096000000000004,19,19,9.544736842105262,9.87,3.139023854677426,2.5,15.34,5.744,12.734,19,19,1.736842105263158,1.0,0.9334586382051249,1.0,4.0,1.0,3.0,19
2022,2022-09-20,150N,13,13,26.442307692307693,25.43,3.37055918665868,22.3,32.13,22.828,31.444,13,13,28.023846153846154,27.93,4.239407463434678,21.41,34.93,22.772,32.514,13,13,9.726153846153846,10.42,2.795486059291355,5.28,13.86,5.862,12.950000000000001,13,13,1.9230769230769231,2.0,1.0377490433255416,1.0,4.0,1.0,3.0,13
2022,2022-09-20,50N,4,4,23.87,23.5,1.4612323566086258,22.53,25.95,22.8,25.236,4,4,32.43,31.994999999999997,5.866725378494091,26.82,38.91,27.222,37.986,4,4,9.6875,9.434999999999999,1.854029395667717,7.7,12.18,8.189,11.388,4,4,2.25,2.0,1.2583057392117916,1.0,4.0,1.3,3.4000000000000004,4
2022,2022-09-23,0N,1,1,15.0,15.0,,15.0,15.0,15.0,15.0,1,1,18.19,18.19,,18.19,18.19,18.19,18.19,1,1,2.22,2.22,,2.22,2.22,2.22,2.22,1,1,3.0,3.0,,3.0,3.0,3.0,3.0,1
2022,2022-09-23,100N,11,11,21.534545454545455,21.73,2.9483974075296,17.89,25.89,18.17,24.97,11,11,26.628181818181815,26.1,1.874640329139529,23.65,30.54,24.97,28.24,11,11,6.274545454545454,6.23,1.6268949790097924,4.27,9.7,4.63,8.4,11,11,1.1818181818181819,1.0,0.40451991747794525,1.0,2.0,1.0,2.0,11
2022,2022-09-23,150N,5,5,27.594,25.37,4.637125187009727,25.04,35.83,25.128,32.086,5,5,31.546,30.64,3.3789539801542117,28.57,37.23,28.994,35.001999999999995,5,5,10.324000000000002,10.55,2.148227176068677,8.21,13.48,8.298,12.468,5,5,1.0,1.0,0.0,1.0,1.0,1.0,1.0,5
2022,2022-09-23,50N,2,2,25.685000000000002,25.685000000000002,0.34648232278140845,25.44,25.93,25.489,25.881,2,2,27.4,27.4,2.8708535316173807,25.37,29.43,25.776,29.024,2,2,8.35,8.35,0.6788225099390853,7.87,8.83,7.966,8.734,2,2,1.0,1.0,0.0,1.0,1.0,1.0,1.0,2
2022,2022-09-27,100N,14,14,20.868571428571432,21.165,3.5550178126630607,14.48,27.57,16.609,25.081000000000003,14,13,26.886153846153846,27.47,4.533084929091772,19.75,35.07,20.514000000000003,31.038,14,14,6.320714285714287,5.95,3.0127203763266954,2.43,12.65,3.269,10.379000000000003,14,14,2.0,1.0,1.5191090506255,1.0,5.0,1.0,4.700000000000001,14
2022,2022-09-27,150N,6,6,19.631666666666668,19.07,2.7643329514851622,16.3,23.69,16.995,22.83,6,6,24.025000000000002,24.775,4.576163240095354,18.11,29.21,18.6,28.700000000000003,6,6,4.266666666666667,3.51,2.198014255337455,1.77,7.69,2.4,6.890000000000001,6,6,2.3333333333333335,2.0,1.505545305418162,1.0,5.0,1.0,4.0,6
2022,2022-09-27,50N,14,14,23.33142857142857,23.655,3.2003217558019594,17.84,28.28,18.717000000000002,26.848000000000003,14,14,25.93357142857143,26.83,4.3491088515002465,17.7,32.81,20.053,30.854000000000003,14,14,7.505,7.49,2.5723642223269425,3.59,11.61,4.328,11.048,14,14,1.7142857142857142,1.0,1.4373357526806552,1.0,5.0,1.0,4.100000000000003,14
2022,2022-09-30,0N,1,1,18.06,18.06,,18.06,18.06,18.06,18.06,1,1,22.1,22.1,,22.1,22.1,22.1,22.1,1,1,4.27,4.27,,4.27,4.27,4.27,4.27,1,1,1.0,1.0,,1.0,1.0,1.0,1.0,1
2022,2022-09-30,100N,16,16,19.906875,20.665,4.009852397532857,12.84,26.61,13.89,24.240000000000002,16,16,24.82875,25.14,5.216347221316209,17.52,32.4,17.945,31.625,16,16,5.6362499999999995,5.42,2.540351353651695,1.91,9.76,2.615,9.1,16,16,2.0,1.0,1.3165611772087664,1.0,5.0,1.0,3.5,16
2022,2022-09-30,150N,10,10,18.82,18.38,3.436225319219395,14.47,24.8,15.504999999999999,24.151999999999997,10,9,24.391111111111112,24.44,4.243546407323844,19.02,30.44,19.756,30.008,10,10,4.930000000000001,4.32,2.51529543217315,2.19,9.19,2.442,9.064,10,10,2.1,2.0,1.286683937707919,1.0,5.0,1.0,3.1999999999999993,10
2022,2022-09-30,50N,7,7,23.125714285714285,25.71,4.860819056986374,15.75,27.88,17.880000000000003,27.49,7,7,26.359999999999996,27.94,6.167414369085313,13.67,32.47,20.696,31.69,7,7,7.3428571428571425,8.27,3.409876411669072,1.77,11.24,3.5940000000000003,10.688,7,7,1.2857142857142858,1.0,0.7559289460184545,1.0,3.0,1.0,1.8000000000000007,7
2022,2022-10-04,100N,16,16,21.79125,22.17,4.8926909773661365,15.55,28.65,15.88,27.384999999999998,16,16,27.10875,27.125,5.986011331986154,18.46,38.47,18.825,33.535,16,16,6.667625,6.75,3.521270166194769,2.26,11.63,2.625,11.485,16,16,2.5,2.0,1.6329931618554518,1.0,5.0,1.0,5.0,16
2022,2022-10-04,150N,9,9,21.01,19.89,5.048390832730763,13.95,29.68,16.918,28.616,9,9,28.892222222222227,25.64,5.703629935790402,22.91,37.85,24.541999999999998,37.594,9,9,6.535555555555556,4.64,3.917052817843765,2.59,13.15,3.694,13.134,9,9,2.5555555555555554,2.0,1.740051084818425,1.0,5.0,1.0,5.0,9
2022,2022-10-04,50N,5,5,23.278,22.7,1.9383033818264883,21.59,26.44,21.746,25.336000000000002,5,5,26.526,26.06,4.181779525513032,21.7,33.16,23.012,30.587999999999997,5,5,7.295999999999999,6.36,2.284443039342413,5.26,11.1,5.62,9.7,5,5,1.0,1.0,0.0,1.0,1.0,1.0,1.0,5
2022,2022-10-07,100N,5,5,21.631999999999998,20.68,3.944555741778788,17.46,27.98,18.404,25.676000000000002,5,5,23.830000000000002,25.19,5.692903477137129,16.0,29.59,17.648,29.054,5,5,5.668,4.09,3.1905830188227355,2.97,10.35,3.1220000000000003,9.242,5,5,2.2,2.0,0.8366600265340756,1.0,3.0,1.4,3.0,5
2022,2022-10-07,150N,3,3,25.149999999999995,25.13,2.8300530030372224,22.33,27.99,22.889999999999997,27.418,3,3,30.583333333333332,30.37,3.804488577106432,26.89,34.49,27.586000000000002,33.666000000000004,3,3,9.860000000000001,10.65,2.052388852045343,7.53,11.4,8.154,11.25,3,3,1.6666666666666667,1.0,1.1547005383792517,1.0,3.0,1.0,2.6,3
2022,2022-10-07,50N,5,5,21.002000000000002,19.88,4.50361743490719,16.7,26.55,16.832,25.87,5,5,24.796,26.58,6.548421947309137,15.22,30.96,17.648,30.548000000000002,5,5,5.888,4.85,3.0809933463089467,2.41,10.05,3.102,9.226,5,5,1.4,1.0,0.8944271909999159,1.0,3.0,1.0,2.2,5
2022,2022-10-11,0N,3,3,16.386666666666667,15.75,1.270839617470802,15.56,17.85,15.598,17.43,3,3,20.849999999999998,21.84,1.9173679876330467,18.64,22.07,19.28,22.024,3,3,3.3266666666666667,2.79,0.9382075108062893,2.78,4.41,2.782,4.086,3,3,1.6666666666666667,1.0,1.1547005383792517,1.0,3.0,1.0,2.6,3
2022,2022-10-11,100N,5,5,18.936,19.17,2.1964357491171924,16.43,22.1,16.802,21.108,5,5,20.028,20.87,2.1139583723432205,17.18,21.89,17.68,21.842,5,5,4.136,4.29,0.7585380676010928,3.25,5.13,3.358,4.874,5,5,2.6,3.0,1.140175425099138,1.0,4.0,1.4,3.6,5
2022,2022-10-11,150N,8,8,21.8625,22.7,4.67332475714178,15.52,28.79,15.737,26.529,8,8,26.09625,27.415,6.122634674479841,13.5,32.25,18.764,31.473,8,8,6.7375,6.890000000000001,3.349041440685464,2.71,10.94,3.06,10.415,8,8,2.5,2.0,1.6903085094570331,1.0,5.0,1.0,5.0,8
2022,2022-10-11,50N,10,10,23.699,23.130000000000003,2.9498378486508927,18.77,28.28,20.57,27.820999999999998,10,10,28.383999999999997,29.5,4.580032023177712,19.22,33.96,23.162000000000003,32.646,10,10,7.8870000000000005,7.745,1.9433136076757596,5.25,11.76,5.277,9.915,10,10,1.9,1.0,1.3703203194062976,1.0,5.0,1.0,3.1999999999999993,10
2022,2022-10-14,0N,1,1,17.26,17.26,,17.26,17.26,17.26,17.26,1,1,17.63,17.63,,17.63,17.63,17.63,17.63,1,1,2.65,2.65,,2.65,2.65,2.65,2.65,1,1,3.0,3.0,,3.0,3.0,3.0,3.0,1
2022,2022-10-14,100N,6,6,22.94333333333333,23.12,2.368194811806383,19.6,25.72,20.265,25.445,6,6,25.57166666666667,24.36,4.207747219910752,21.83,32.66,21.985,30.369999999999997,6,6,6.995,6.970000000000001,2.1140648050615662,4.46,10.29,4.835,9.18,6,6,2.0,1.5,1.2649110640673518,1.0,4.0,1.0,3.5,6
2022,2022-10-14,150N,3,3,19.393333333333334,17.67,3.1069331073155304,17.53,22.98,17.558,21.918,3,3,26.713333333333335,27.26,3.33378663584419,23.14,29.74,23.964000000000002,29.244,3,3,5.083333333333333,5.13,1.6704889503775038,3.39,6.73,3.738,6.41,3,3,1.6666666666666667,1.0,1.1547005383792517,1.0,3.0,1.0,2.6,3
2022,2022-10-14,50N,5,5,25.726,24.8,1.9543617884107356,23.49,27.99,24.006,27.822,5,5,30.3,28.67,4.775882117473169,25.56,38.2,26.7,35.184000000000005,5,5,9.476,8.86,1.9138782615412095,7.75,12.73,8.106,11.398000000000001,5,5,1.4,1.0,0.8944271909999159,1.0,3.0,1.0,2.2,5
2022,2022-10-18,0N,1,1,17.97,17.97,,17.97,17.97,17.97,17.97,1,1,24.3,24.3,,24.3,24.3,24.3,24.3,1,1,4.14,4.14,,4.14,4.14,4.14,4.14,1,1,1.0,1.0,,1.0,1.0,1.0,1.0,1
2022,2022-10-18,100N,7,7,22.327142857142857,21.86,3.7176458244688226,18.2,27.73,18.806,26.95,7,7,25.54,23.29,6.636728611798637,16.6,35.0,19.264,33.02,7,7,6.041428571428571,5.09,3.278502852275861,3.0,10.94,3.066,10.28,7,7,2.0,1.0,1.5275252316519468,1.0,5.0,1.0,3.8000000000000007,7
2022,2022-10-18,150N,5,5,26.008000000000003,24.64,6.004762276726698,18.35,32.92,20.194000000000003,32.22,5,5,33.048,34.04,5.141514368354913,25.93,40.06,27.998,37.68,5,5,10.096,9.27,4.823020837607899,4.21,16.16,5.406000000000001,15.152000000000001,5,5,1.8,1.0,1.7888543819998317,1.0,5.0,1.0,3.4000000000000004,5
2022,2022-10-18,50N,7,7,26.102857142857143,26.13,2.72640003353454,22.78,30.71,23.422,29.3,7,7,33.26142857142857,34.89,6.696497663135632,21.0,41.35,25.998,39.832,7,7,9.90857142857143,9.2,3.289282741325372,4.52,14.29,6.632,13.618,7,7,1.2857142857142858,1.0,0.7559289460184545,1.0,3.0,1.0,1.8000000000000007,7
2022,2022-10-21,100N,8,8,20.12875,20.384999999999998,3.392758833162179,14.88,25.05,16.546000000000003,24.427,8,8,23.26125,23.795,4.902557459414131,16.76,28.76,17.012,28.242,8,8,5.48125,5.83,2.338915728647419,2.28,9.31,2.749,7.742,8,8,2.125,1.5,1.4577379737113252,1.0,5.0,1.0,3.5999999999999996,8
2022,2022-10-21,50N,8,8,24.5725,24.485,3.892034906611926,18.76,31.81,20.174000000000003,28.1,8,8,29.4775,30.365000000000002,5.8912568389824225,18.74,37.68,22.933,34.915,8,8,9.165,9.275,3.817100619954514,4.39,15.86,4.915,13.528999999999998,8,8,1.5,1.0,1.4142135623730951,1.0,5.0,1.0,2.1999999999999993,8
2022,2022-11-01,0N,7,7,20.797142857142855,21.15,3.705179772002587,14.48,25.44,16.82,24.912,7,7,27.504285714285714,29.36,5.881742534155608,16.39,33.3,21.328000000000003,33.132,7,7,6.777142857142857,7.22,2.7851374250098457,2.05,9.93,3.85,9.876,7,7,1.2857142857142858,1.0,0.7559289460184545,1.0,3.0,1.0,1.8000000000000007,7
2022,2022-11-01,100N,5,5,22.154000000000003,22.12,2.5213547945499455,18.44,25.19,19.652,24.534000000000002,5,5,27.857999999999997,27.63,6.062175352132269,20.62,33.97,21.664,33.918,5,5,7.728,7.18,2.7686585199334353,4.31,11.22,5.058,10.632000000000001,5,5,3.2,2.0,1.6431676725154984,2.0,5.0,2.0,5.0,5
2022,2022-11-01,50N,5,5,20.758,20.93,3.1497730076943644,16.4,25.12,17.747999999999998,23.700000000000003,5,5,26.02,26.53,5.924280547036915,17.13,33.74,20.498,31.104000000000003,5,5,6.192,5.95,2.3562618699966267,3.01,9.64,4.1739999999999995,8.360000000000001,5,5,1.8,2.0,0.8366600265340756,1.0,3.0,1.0,2.6,5
