forecast_task,year,nitrogen_treatment,treatment_n_level,current_observation_date,target_date,forecast_horizon_days,next_fresh_matter_g,next_fruit_number,next_dry_matter_g,current_fruit_number,current_fresh_matter_g,current_dry_matter_g,previous_fruit_number,previous_fresh_matter_g,previous_dry_matter_g,change_fruit_number,change_fresh_matter_g,change_dry_matter_g,rolling_mean_2_fruit_number,rolling_mean_3_fruit_number,rolling_mean_2_fresh_matter_g,rolling_mean_3_fresh_matter_g,rolling_mean_2_dry_matter_g,rolling_mean_3_dry_matter_g,days_since_previous_observation,day_of_year,days_since_weather_start,tmax_c,tmin_c,tmean_c,rhmean_pct,solar_radiation,gdd_base_10,cumulative_gdd_base_10,cumulative_solar_radiation,tmean_7d,solar_radiation_7d,rhmean_7d,n_fruit_size_samples,mean_fruit_diameter_mm,mean_fruit_length_mm,mean_individual_fruit_fresh_weight_g,mean_tagged_fruit_diameter_mm,n_tagged_fruit_diameter_mm_observations,mean_tagged_fruit_length_mm,n_tagged_fruit_length_mm_observations,mean_tagged_fruit_fresh_matter_g,n_tagged_fruit_fresh_matter_g_observations,mean_tagged_fruit_lifespan,n_tagged_fruit_lifespan_observations
next_observation_fresh_matter,2022,0N,0.0,2022-07-29,2022-08-02,4.0,5.15,1.0,0.77,2,17.33,2.28,,,,,,,,,,,,,,210,66,27.88,18.7,22.81434782608696,53.41304347826087,5.395860230630623,12.814347826086959,981.2273913043476,378.16374223058756,23.117763975155277,4.974990816564348,58.00248447204969,2.0,24.915,,8.665,16.3485,20.0,,,,,,
next_observation_fresh_matter,2022,0N,0.0,2022-08-02,2022-08-05,3.0,30.3,5.0,5.09,1,5.15,0.77,2.0,17.33,2.28,-1.0,-12.179999999999998,-1.5099999999999998,2.0,2.0,17.33,17.33,2.28,2.28,4.0,214,70,36.68,19.83,27.59608695652174,58.36521739130435,6.053534178088547,17.59608695652174,1045.349565217391,402.54779842007315,24.795279503105593,6.0077799098373585,54.911180124223606,1.0,21.76,,5.15,20.262,20.0,,,,,,
next_observation_fresh_matter,2022,0N,0.0,2022-08-05,2022-08-09,4.0,18.12,3.0,1.91,5,30.3,5.09,1.0,5.15,0.77,4.0,25.15,4.32,1.5,1.5,11.239999999999998,11.239999999999998,1.525,1.525,3.0,217,73,36.09,20.92,27.381304347826084,53.90434782608696,6.744214067147518,17.381304347826084,1095.1086956521738,422.91979904160905,26.268757763975156,6.393722401574483,54.608074534161496,5.0,23.462,,6.0600000000000005,18.377000000000002,20.0,,,,,,
next_observation_fresh_matter,2022,0N,0.0,2022-08-09,2022-08-12,3.0,27.67,4.0,3.7,3,18.12,1.91,5.0,30.3,5.09,-2.0,-12.18,-3.1799999999999997,3.0,2.6666666666666665,17.725,17.593333333333334,2.9299999999999997,2.7133333333333334,4.0,221,77,31.459259259259262,19.3,24.82053615178308,56.34241957447045,4.582218052902368,14.820536151783081,1147.75409572896,437.55397639918965,24.62921864450987,5.000882568445202,61.49864145182439,3.0,23.05,,6.039999999999999,14.334,20.0,,,,,,
next_observation_fresh_matter,2022,0N,0.0,2022-08-12,2022-08-16,4.0,28.48,4.0,3.84,4,27.67,3.7,3.0,18.12,1.91,1.0,9.55,1.7900000000000003,4.0,3.0,24.21,17.85666666666667,3.5,2.5900000000000003,3.0,224,80,24.045283018867924,19.31111111111111,21.371025020036026,65.67866296777969,2.7323161799344318,11.371025020036026,1189.502879481137,449.24724225836576,23.4848834041376,3.761063316679518,63.6503189930658,4.0,25.34,,6.9175,17.138125,16.0,,,,,,
next_observation_fresh_matter,2022,0N,0.0,2022-08-16,2022-08-22,6.0,8.46,1.0,1.2,4,28.48,3.84,4.0,27.67,3.7,0.0,0.8099999999999987,0.13999999999999968,3.5,4.0,22.895000000000003,25.363333333333333,2.805,3.5666666666666664,4.0,228,84,29.721818181818183,20.08333333333333,23.65550788166046,64.77202451090065,4.700710084021808,13.655507881660458,1237.5989139300834,465.6955745100937,22.834974028731917,4.02022830155772,63.58295452452003,4.0,27.1925,25.525,7.12,16.843,20.0,19.6275,20.0,,,,
next_observation_fresh_matter,2022,0N,0.0,2022-08-22,2022-08-30,8.0,21.26,5.0,4.28,1,8.46,1.2,4.0,28.48,3.84,-3.0,-20.02,-2.6399999999999997,4.0,3.6666666666666665,28.075000000000003,24.75666666666667,3.77,3.15,6.0,234,90,29.92962962962964,18.8,23.96182260118273,56.922250450913296,4.218211517964024,13.961822601182732,1314.7430536370327,486.23792972160925,22.971378226944264,3.6061521850767604,67.50592878849646,1.0,25.65,29.99,8.46,,,,,,,,
next_observation_fresh_matter,2022,0N,0.0,2022-08-30,2022-09-06,7.0,4.93,1.0,0.64,5,21.26,4.28,1.0,8.46,1.2,4.0,12.8,3.08,2.5,3.0,18.47,21.536666666666665,2.52,2.9133333333333336,8.0,242,98,29.07818181818181,18.98703703703704,23.48486997400861,51.38737528415133,4.527398603451437,13.48486997400861,1423.648834328516,515.8829741558179,23.438053675899805,3.6609194502946707,67.009606195906,5.0,20.106,21.316,4.252,19.311875,16.0,22.43375,16.0,,,,
next_observation_fresh_matter,2022,0N,0.0,2022-09-06,2022-09-09,3.0,2.56,1.0,0.29,1,4.93,0.64,5.0,21.26,4.28,-4.0,-16.330000000000002,-3.64,3.0,3.3333333333333335,14.860000000000001,19.400000000000002,2.74,3.106666666666667,7.0,249,105,29.892592592592592,19.401818181818182,24.11200887739854,63.22805511657851,5.693127228337097,14.11200887739854,1523.7797840537073,549.5631289427068,24.304421389313056,4.811450683841289,56.92362014487786,1.0,21.37,22.75,4.93,14.6675,20.0,17.674500000000002,20.0,,,,
next_observation_fresh_matter,2022,0N,0.0,2022-09-09,2022-09-13,4.0,4.86,2.0,0.38,1,2.56,0.29,1.0,4.93,0.64,0.0,-2.3699999999999997,-0.35000000000000003,3.0,2.3333333333333335,13.095,11.550000000000002,2.46,2.04,3.0,252,108,24.48518518518518,18.74150943396226,20.975001659386404,73.3875283003995,1.3013056358307786,10.975001659386404,1567.1690471512272,557.63561434552,23.289204577362902,4.133109919995365,61.2526489885537,1.0,18.5,17.14,2.56,16.901875,16.0,19.264666666666667,15.0,,,,
next_observation_fresh_matter,2022,0N,0.0,2022-09-20,2022-09-23,3.0,2.22,1.0,0.12,0,,,0.0,,,0.0,,,1.0,1.0,4.86,3.71,0.38,0.335,4.0,263,119,38.98518518518518,20.53018867924528,27.27724438809755,65.08779517902568,6.4852667201201175,17.27724438809755,1722.5911456669826,614.1352760996347,24.699441918280257,4.909570208562888,62.67229267437079,,,,,16.907647058823528,17.0,19.748823529411766,17.0,,,,
next_observation_fresh_matter,2022,0N,0.0,2022-09-27,2022-09-30,3.0,4.27,1.0,0.67,0,,,1.0,2.22,0.12,-1.0,,,0.5,0.3333333333333333,2.22,2.22,0.12,0.12,4.0,270,126,24.381481481481472,17.9037037037037,19.608652356211824,45.72300055320974,2.855389745144804,9.608652356211824,1794.7663647293593,644.1395284446792,20.310745580339507,4.286321763577797,51.11870385928338,,,,,15.468333333333334,18.0,18.620555555555555,18.0,,,,
next_observation_fresh_matter,2022,0N,0.0,2022-10-07,2022-10-11,4.0,9.98,3.0,1.17,0,,,0.0,,,0.0,,,0.5,0.3333333333333333,4.27,4.27,0.67,0.67,3.0,280,136,22.185454545454547,18.310909090909085,19.771975792718205,43.963634679815975,5.759132564916308,9.771975792718205,1920.958847994734,699.4091588733512,23.091716567545117,6.630779240261853,46.17914009971434,,,,,13.972,20.0,17.6215,20.0,,,,
next_observation_fresh_matter,2022,0N,0.0,2022-10-11,2022-10-14,3.0,2.65,1.0,0.41,3,9.98,1.17,0.0,,,3.0,,,0.0,0.3333333333333333,,4.27,,0.67,4.0,284,140,30.47454545454546,18.383333333333333,24.281931869971245,43.64739149769503,7.209094606464339,14.281931869971245,1971.7483996778215,730.3560342438542,22.240708093443942,7.227935179908215,41.629798244322444,3.0,16.386666666666667,20.849999999999998,3.3266666666666667,16.6515,20.0,20.7025,20.0,,,,
next_observation_fresh_matter,2022,0N,0.0,2022-10-14,2022-10-18,4.0,4.14,1.0,,1,2.65,0.41,3.0,9.98,1.17,-2.0,-7.33,-0.76,1.5,1.0,9.98,9.98,1.17,1.17,3.0,287,143,22.15,18.288888888888884,20.039417306784,39.24542289175596,4.894038823947926,10.039417306784,2002.0303016894609,745.5569657802105,21.581636242103837,6.592543843837042,38.59874268683949,1.0,17.26,17.63,2.65,11.057,20.0,14.062631578947368,19.0,,,,
next_observation_fresh_matter,2022,0N,0.0,2022-10-21,2022-11-01,11.0,47.44,7.0,7.51,0,,0.49,1.0,4.14,,-1.0,,,1.0,1.6666666666666667,3.3949999999999996,5.59,0.41,0.7899999999999999,3.0,294,150,28.12363636363637,18.27454545454545,21.770470054662017,37.314011208613344,4.694768135562889,11.770470054662017,2073.4657619524683,788.1842614255011,20.205065751858204,6.089613663612943,32.7912763045905,,,,,15.1595,20.0,19.4695,20.0,,,,
next_observation_fresh_matter,2022,100N,100.0,2022-07-29,2022-08-02,4.0,91.63,11.0,11.85,6,63.53,7.22,,,,,,,,,,,,,,210,66,27.88,18.7,22.81434782608696,53.41304347826087,5.395860230630623,12.814347826086959,981.2273913043476,378.16374223058756,23.117763975155277,4.974990816564348,58.00248447204969,6.0,24.798333333333332,,10.588333333333333,16.3485,20.0,,,,,,
next_observation_fresh_matter,2022,100N,100.0,2022-08-02,2022-08-05,3.0,31.37,4.0,3.53,11,91.63,11.85,6.0,63.53,7.22,5.0,28.099999999999994,4.63,6.0,6.0,63.53,63.53,7.22,7.22,4.0,214,70,36.68,19.83,27.59608695652174,58.36521739130435,6.053534178088547,17.59608695652174,1045.349565217391,402.54779842007315,24.795279503105593,6.0077799098373585,54.911180124223606,11.0,24.69545454545454,,8.33,20.262,20.0,,,,,,
next_observation_fresh_matter,2022,100N,100.0,2022-08-05,2022-08-09,4.0,21.68,3.0,1.8,4,31.37,3.53,11.0,91.63,11.85,-7.0,-60.25999999999999,-8.32,8.5,8.5,77.58,77.58,9.535,9.535,3.0,217,73,36.09,20.92,27.381304347826084,53.90434782608696,6.744214067147518,17.381304347826084,1095.1086956521738,422.91979904160905,26.268757763975156,6.393722401574483,54.608074534161496,4.0,26.1875,,7.842499999999999,18.377000000000002,20.0,,,,,,
next_observation_fresh_matter,2022,100N,100.0,2022-08-09,2022-08-12,3.0,41.07,6.0,4.26,3,21.68,1.8,4.0,31.37,3.53,-1.0,-9.690000000000001,-1.7299999999999998,7.5,7.0,61.5,62.17666666666667,7.6899999999999995,7.533333333333332,4.0,221,77,31.459259259259262,19.3,24.82053615178308,56.34241957447045,4.582218052902368,14.820536151783081,1147.75409572896,437.55397639918965,24.62921864450987,5.000882568445202,61.49864145182439,3.0,26.97666666666667,,7.226666666666667,14.334,20.0,,,,,,
next_observation_fresh_matter,2022,100N,100.0,2022-08-12,2022-08-16,4.0,110.72,12.0,13.52,6,41.07,4.26,3.0,21.68,1.8,3.0,19.39,2.46,3.5,6.0,26.525,48.22666666666667,2.664999999999999,5.726666666666667,3.0,224,80,24.045283018867924,19.31111111111111,21.371025020036026,65.67866296777969,2.7323161799344318,11.371025020036026,1189.502879481137,449.24724225836576,23.4848834041376,3.761063316679518,63.6503189930658,6.0,23.53,,6.845,17.138125,16.0,,,,,,
next_observation_fresh_matter,2022,100N,100.0,2022-08-16,2022-08-22,6.0,71.77,8.0,10.89,12,110.72,13.52,6.0,41.07,4.26,6.0,69.65,9.26,4.5,4.333333333333333,31.375,31.373333333333335,3.0299999999999994,3.196666666666666,4.0,228,84,29.721818181818183,20.08333333333333,23.65550788166046,64.77202451090065,4.700710084021808,13.655507881660458,1237.5989139300834,465.6955745100937,22.834974028731917,4.02022830155772,63.58295452452003,12.0,26.5625,30.42833333333333,9.226666666666667,16.843,20.0,19.6275,20.0,,,,
next_observation_fresh_matter,2022,100N,100.0,2022-08-22,2022-08-30,8.0,124.76,16.0,14.07,8,71.77,10.89,12.0,110.72,13.52,-4.0,-38.95,-2.629999999999999,9.0,7.0,75.895,57.82333333333333,8.889999999999999,6.526666666666666,6.0,234,90,29.92962962962964,18.8,23.96182260118273,56.922250450913296,4.218211517964024,13.961822601182732,1314.7430536370327,486.23792972160925,22.971378226944264,3.6061521850767604,67.50592878849646,8.0,26.3145,29.59,8.97125,,,,,,,,
next_observation_fresh_matter,2022,100N,100.0,2022-08-30,2022-09-06,7.0,137.62,17.0,13.1,16,124.76,14.07,8.0,71.77,10.89,8.0,52.99000000000001,3.1799999999999997,10.0,8.666666666666666,91.245,74.52,12.204999999999998,9.556666666666667,8.0,242,98,29.07818181818181,18.98703703703704,23.48486997400861,51.38737528415133,4.527398603451437,13.48486997400861,1423.648834328516,515.8829741558179,23.438053675899805,3.6609194502946707,67.009606195906,16.0,24.041875,28.728749999999998,7.7975,19.311875,16.0,22.43375,16.0,,,,
next_observation_fresh_matter,2022,100N,100.0,2022-09-06,2022-09-09,3.0,59.86,7.0,5.06,17,137.62,13.1,16.0,124.76,14.07,1.0,12.86,-0.9700000000000006,12.0,12.0,98.265,102.41666666666667,12.48,12.826666666666666,7.0,249,105,29.892592592592592,19.401818181818182,24.11200887739854,63.22805511657851,5.693127228337097,14.11200887739854,1523.7797840537073,549.5631289427068,24.304421389313056,4.811450683841289,56.92362014487786,17.0,24.168823529411764,27.851176470588236,8.09529411764706,14.6675,20.0,17.674500000000002,20.0,,,,
next_observation_fresh_matter,2022,100N,100.0,2022-09-09,2022-09-13,4.0,166.01,17.0,9.59,7,59.86,5.06,17.0,137.62,13.1,-10.0,-77.76,-8.04,16.5,13.666666666666666,131.19,111.38333333333333,13.584999999999999,12.686666666666667,3.0,252,108,24.48518518518518,18.74150943396226,20.975001659386404,73.3875283003995,1.3013056358307786,10.975001659386404,1567.1690471512272,557.63561434552,23.289204577362902,4.133109919995365,61.2526489885537,7.0,24.55,27.419999999999998,8.551428571428572,16.901875,16.0,19.264666666666667,15.0,,,,
next_observation_fresh_matter,2022,100N,100.0,2022-09-13,2022-09-16,3.0,146.27,15.0,11.01,17,166.01,9.59,7.0,59.86,5.06,10.0,106.14999999999999,4.53,12.0,13.333333333333334,98.74000000000001,107.41333333333334,9.079999999999998,10.743333333333332,4.0,256,112,36.96909090909091,18.3188679245283,24.96908806412498,55.8540571976257,6.642826961728851,14.969088064124978,1619.6950522390207,579.7682846396945,23.702181169330476,4.31502224242681,59.967015388373056,17.0,25.837058823529414,28.35470588235294,9.76529411764706,16.41842105263158,19.0,19.102105263157895,19.0,,,,
next_observation_fresh_matter,2022,100N,100.0,2022-09-16,2022-09-20,4.0,181.35,19.0,12.24,15,146.27,11.01,17.0,166.01,9.59,-2.0,-19.73999999999998,1.42,12.0,13.666666666666666,112.935,121.16333333333334,7.324999999999998,9.25,3.0,259,115,31.369090909090904,20.46481481481481,23.35769538424994,69.9474714881934,3.66111418200453,13.35769538424994,1662.9797942975424,594.3343823039152,23.687249592330748,5.242681136913604,56.95014218547707,15.0,26.016666666666666,28.89,9.751333333333333,12.727500000000001,20.0,14.857,20.0,,,,
next_observation_fresh_matter,2022,100N,100.0,2022-09-20,2022-09-23,3.0,69.02,11.0,7.02,19,181.35,12.24,15.0,146.27,11.01,4.0,35.079999999999984,1.2300000000000004,16.0,13.0,156.14,124.04666666666667,10.299999999999997,8.553333333333333,4.0,263,119,38.98518518518518,20.53018867924528,27.27724438809755,65.08779517902568,6.4852667201201175,17.27724438809755,1722.5911456669826,614.1352760996347,24.699441918280257,4.909570208562888,62.67229267437079,19.0,24.724736842105262,28.617894736842107,9.544736842105262,16.907647058823528,17.0,19.748823529411766,17.0,,,,
next_observation_fresh_matter,2022,100N,100.0,2022-09-23,2022-09-27,4.0,88.49,14.0,9.52,11,69.02,7.02,19.0,181.35,12.24,-8.0,-112.33,-5.220000000000001,17.0,17.0,163.81,164.54333333333332,11.624999999999998,10.946666666666667,3.0,266,122,20.32962962962964,18.3090909090909,19.012343589021192,58.966593664288496,1.1468640174871636,9.012343589021192,1754.1358528978917,627.5222743667301,23.022294085764145,4.7411274375449945,58.96803935134534,11.0,21.534545454545455,26.628181818181815,6.274545454545454,13.993157894736843,19.0,17.335263157894737,19.0,,,,
next_observation_fresh_matter,2022,100N,100.0,2022-09-27,2022-09-30,3.0,90.18,16.0,10.96,14,88.49,9.52,11.0,69.02,7.02,3.0,19.47,2.5,15.0,15.0,125.185,132.21333333333334,9.629999999999999,10.09,4.0,270,126,24.381481481481472,17.9037037037037,19.608652356211824,45.72300055320974,2.855389745144804,9.608652356211824,1794.7663647293593,644.1395284446792,20.310745580339507,4.286321763577797,51.11870385928338,14.0,20.868571428571432,26.886153846153846,6.320714285714287,15.468333333333334,18.0,18.620555555555555,18.0,,,,
next_observation_fresh_matter,2022,100N,100.0,2022-09-30,2022-10-04,4.0,106.682,16.0,14.61,16,90.18,10.96,14.0,88.49,9.52,2.0,1.690000000000012,1.4400000000000013,12.5,14.666666666666666,78.755,112.95333333333332,8.269999999999998,9.593333333333332,3.0,273,129,28.661818181818187,18.37090909090909,22.750923785296223,39.9262858003055,4.582923341976224,12.750923785296223,1829.3168320219183,652.9937041915183,20.740139874860954,3.63877568925546,45.754171895637384,16.0,19.906875,24.82875,5.6362499999999995,12.998947368421051,19.0,16.718947368421052,19.0,,,,
next_observation_fresh_matter,2022,100N,100.0,2022-10-04,2022-10-07,3.0,28.34,5.0,4.02,16,106.682,14.61,16.0,90.18,10.96,0.0,16.501999999999995,3.6499999999999986,15.0,13.666666666666666,89.33500000000001,82.56333333333332,10.239999999999998,9.166666666666666,4.0,277,133,30.505454545454544,18.63703703703704,24.693047897625423,42.39131821358237,6.618382106377156,14.693047897625423,1886.0634430237137,679.7604879844968,23.042439756336393,5.088708505688231,42.946363850806016,16.0,21.79125,27.10875,6.667625,15.046315789473685,19.0,19.907894736842106,19.0,,,,
next_observation_fresh_matter,2022,100N,100.0,2022-10-07,2022-10-11,4.0,20.68,5.0,3.74,5,28.34,4.02,16.0,106.682,14.61,-11.0,-78.342,-10.59,16.0,15.333333333333334,98.43100000000001,95.11733333333332,12.784999999999998,11.696666666666667,3.0,280,136,22.185454545454547,18.310909090909085,19.771975792718205,43.963634679815975,5.759132564916308,9.771975792718205,1920.958847994734,699.4091588733512,23.091716567545117,6.630779240261853,46.17914009971434,5.0,21.631999999999998,23.830000000000002,5.668,13.972,20.0,17.6215,20.0,,,,
next_observation_fresh_matter,2022,100N,100.0,2022-10-11,2022-10-14,3.0,41.97,6.0,5.68,5,20.68,3.74,5.0,28.34,4.02,0.0,-7.66,-0.27999999999999936,10.5,12.333333333333334,67.511,75.06733333333332,9.314999999999998,9.863333333333333,4.0,284,140,30.47454545454546,18.383333333333333,24.281931869971245,43.64739149769503,7.209094606464339,14.281931869971245,1971.7483996778215,730.3560342438542,22.240708093443942,7.227935179908215,41.629798244322444,5.0,18.936,20.028,4.136,16.6515,20.0,20.7025,20.0,,,,
next_observation_fresh_matter,2022,100N,100.0,2022-10-14,2022-10-18,4.0,42.29,7.0,6.85,6,41.97,5.68,5.0,20.68,3.74,1.0,21.29,1.9399999999999995,5.0,8.666666666666666,24.509999999999998,51.90066666666666,3.879999999999998,7.456666666666666,3.0,287,143,22.15,18.288888888888884,20.039417306784,39.24542289175596,4.894038823947926,10.039417306784,2002.0303016894609,745.5569657802105,21.581636242103837,6.592543843837042,38.59874268683949,6.0,22.94333333333333,25.57166666666667,6.995,11.057,20.0,14.062631578947368,19.0,,,,
next_observation_fresh_matter,2022,100N,100.0,2022-10-18,2022-10-21,3.0,43.85,8.0,7.5,7,42.29,6.85,6.0,41.97,5.68,1.0,0.3200000000000003,1.17,5.5,5.333333333333333,31.324999999999996,30.329999999999988,4.709999999999998,4.4799999999999995,4.0,291,147,20.98333333333333,18.02777777777778,19.35975279179545,33.428895103620285,6.727831215485835,9.35975279179545,2040.6304508982564,770.7732721957069,19.840293031490734,5.773891135978964,36.141148245610914,7.0,22.327142857142857,25.54,6.041428571428571,13.952222222222222,18.0,18.493333333333332,18.0,,,,
next_observation_fresh_matter,2022,100N,100.0,2022-10-21,2022-11-01,11.0,38.64,5.0,6.48,8,43.85,7.5,7.0,42.29,6.85,1.0,1.5600000000000023,0.6500000000000004,6.5,6.0,42.129999999999995,34.97999999999999,6.264999999999998,5.423333333333333,3.0,294,150,28.12363636363637,18.27454545454545,21.770470054662017,37.314011208613344,4.694768135562889,11.770470054662017,2073.4657619524683,788.1842614255011,20.205065751858204,6.089613663612943,32.7912763045905,8.0,20.12875,23.26125,5.48125,15.1595,20.0,19.4695,20.0,,,,
next_observation_fresh_matter,2022,150N,150.0,2022-07-29,2022-08-02,4.0,33.35,4.0,4.98,4,45.13,5.16,,,,,,,,,,,,,,210,66,27.88,18.7,22.81434782608696,53.41304347826087,5.395860230630623,12.814347826086959,981.2273913043476,378.16374223058756,23.117763975155277,4.974990816564348,58.00248447204969,4.0,25.8,,11.2825,16.3485,20.0,,,,,,
next_observation_fresh_matter,2022,150N,150.0,2022-08-02,2022-08-05,3.0,44.86,7.0,5.83,4,33.35,4.98,4.0,45.13,5.16,0.0,-11.780000000000001,-0.17999999999999972,4.0,4.0,45.13,45.13,5.16,5.16,4.0,214,70,36.68,19.83,27.59608695652174,58.36521739130435,6.053534178088547,17.59608695652174,1045.349565217391,402.54779842007315,24.795279503105593,6.0077799098373585,54.911180124223606,4.0,24.535,,8.3375,20.262,20.0,,,,,,
next_observation_fresh_matter,2022,150N,150.0,2022-08-05,2022-08-09,4.0,19.18,3.0,2.0,7,44.86,5.83,4.0,33.35,4.98,3.0,11.509999999999998,0.8499999999999996,4.0,4.0,39.24,39.24,5.07,5.07,3.0,217,73,36.09,20.92,27.381304347826084,53.90434782608696,6.744214067147518,17.381304347826084,1095.1086956521738,422.91979904160905,26.268757763975156,6.393722401574483,54.608074534161496,7.0,22.22142857142857,,6.408571428571428,18.377000000000002,20.0,,,,,,
next_observation_fresh_matter,2022,150N,150.0,2022-08-09,2022-08-12,3.0,32.92,5.0,3.33,3,19.18,2.0,7.0,44.86,5.83,-4.0,-25.68,-3.83,5.5,5.0,39.105000000000004,41.11333333333334,5.405,5.323333333333333,4.0,221,77,31.459259259259262,19.3,24.82053615178308,56.34241957447045,4.582218052902368,14.820536151783081,1147.75409572896,437.55397639918965,24.62921864450987,5.000882568445202,61.49864145182439,3.0,22.44666666666667,,6.3933333333333335,14.334,20.0,,,,,,
next_observation_fresh_matter,2022,150N,150.0,2022-08-12,2022-08-16,4.0,48.84,7.0,5.52,5,32.92,3.33,3.0,19.18,2.0,2.0,13.740000000000002,1.33,5.0,4.666666666666667,32.019999999999996,32.46333333333334,3.915,4.2700000000000005,3.0,224,80,24.045283018867924,19.31111111111111,21.371025020036026,65.67866296777969,2.7323161799344318,11.371025020036026,1189.502879481137,449.24724225836576,23.4848834041376,3.761063316679518,63.6503189930658,5.0,23.2,,6.5840000000000005,17.138125,16.0,,,,,,
next_observation_fresh_matter,2022,150N,150.0,2022-08-16,2022-08-22,6.0,45.44,8.0,5.12,7,48.84,5.52,5.0,32.92,3.33,2.0,15.920000000000002,2.1899999999999995,4.0,5.0,26.05,32.32,2.665,3.72,4.0,228,84,29.721818181818183,20.08333333333333,23.65550788166046,64.77202451090065,4.700710084021808,13.655507881660458,1237.5989139300834,465.6955745100937,22.834974028731917,4.02022830155772,63.58295452452003,7.0,24.099999999999998,28.055714285714284,6.977142857142858,16.843,20.0,19.6275,20.0,,,,
next_observation_fresh_matter,2022,150N,150.0,2022-08-22,2022-08-30,8.0,33.22,7.0,4.52,8,45.44,5.12,7.0,48.84,5.52,1.0,-3.4000000000000057,-0.39999999999999947,6.0,5.0,40.88,33.64666666666667,4.425,3.6166666666666667,6.0,234,90,29.92962962962964,18.8,23.96182260118273,56.922250450913296,4.218211517964024,13.961822601182732,1314.7430536370327,486.23792972160925,22.971378226944264,3.6061521850767604,67.50592878849646,8.0,22.192500000000003,23.21625,5.68,,,,,,,,
next_observation_fresh_matter,2022,150N,150.0,2022-08-30,2022-09-06,7.0,44.89,6.0,3.75,7,33.22,4.52,8.0,45.44,5.12,-1.0,-12.219999999999999,-0.6000000000000005,7.5,6.666666666666667,47.14,42.4,5.32,4.656666666666666,8.0,242,98,29.07818181818181,18.98703703703704,23.48486997400861,51.38737528415133,4.527398603451437,13.48486997400861,1423.648834328516,515.8829741558179,23.438053675899805,3.6609194502946707,67.009606195906,7.0,20.087142857142858,24.84857142857143,4.7457142857142856,19.311875,16.0,22.43375,16.0,,,,
next_observation_fresh_matter,2022,150N,150.0,2022-09-06,2022-09-09,3.0,54.29,7.0,4.83,6,44.89,3.75,7.0,33.22,4.52,-1.0,11.670000000000002,-0.7699999999999996,7.5,7.333333333333333,39.33,42.5,4.82,5.053333333333334,7.0,249,105,29.892592592592592,19.401818181818182,24.11200887739854,63.22805511657851,5.693127228337097,14.11200887739854,1523.7797840537073,549.5631289427068,24.304421389313056,4.811450683841289,56.92362014487786,6.0,22.80333333333333,28.991666666666664,7.4816666666666665,14.6675,20.0,17.674500000000002,20.0,,,,
next_observation_fresh_matter,2022,150N,150.0,2022-09-09,2022-09-13,4.0,68.43,8.0,4.93,7,54.29,4.83,6.0,44.89,3.75,1.0,9.399999999999999,1.08,6.5,7.0,39.055,41.18333333333334,4.135,4.463333333333334,3.0,252,108,24.48518518518518,18.74150943396226,20.975001659386404,73.3875283003995,1.3013056358307786,10.975001659386404,1567.1690471512272,557.63561434552,23.289204577362902,4.133109919995365,61.2526489885537,7.0,24.541428571428572,28.304285714285715,7.755714285714285,16.901875,16.0,19.264666666666667,15.0,,,,
next_observation_fresh_matter,2022,150N,150.0,2022-09-13,2022-09-16,3.0,98.21,9.0,8.14,8,68.43,4.93,7.0,54.29,4.83,1.0,14.140000000000008,0.09999999999999964,6.5,6.666666666666667,49.59,44.13333333333333,4.29,4.366666666666666,4.0,256,112,36.96909090909091,18.3188679245283,24.96908806412498,55.8540571976257,6.642826961728851,14.969088064124978,1619.6950522390207,579.7682846396945,23.702181169330476,4.31502224242681,59.967015388373056,8.0,24.055,26.346249999999998,8.55375,16.41842105263158,19.0,19.102105263157895,19.0,,,,
next_observation_fresh_matter,2022,150N,150.0,2022-09-16,2022-09-20,4.0,126.44,13.0,8.12,9,98.21,8.14,8.0,68.43,4.93,1.0,29.779999999999987,3.210000000000001,7.5,7.0,61.36000000000001,55.870000000000005,4.88,4.503333333333333,3.0,259,115,31.369090909090904,20.46481481481481,23.35769538424994,69.9474714881934,3.66111418200453,13.35769538424994,1662.9797942975424,594.3343823039152,23.687249592330748,5.242681136913604,56.95014218547707,9.0,27.561111111111114,30.33666666666667,10.912222222222221,12.727500000000001,20.0,14.857,20.0,,,,
next_observation_fresh_matter,2022,150N,150.0,2022-09-20,2022-09-23,3.0,51.62,5.0,3.3,13,126.44,8.12,9.0,98.21,8.14,4.0,28.230000000000004,-0.02000000000000135,8.5,8.0,83.32,73.64333333333333,6.535,5.966666666666666,4.0,263,119,38.98518518518518,20.53018867924528,27.27724438809755,65.08779517902568,6.4852667201201175,17.27724438809755,1722.5911456669826,614.1352760996347,24.699441918280257,4.909570208562888,62.67229267437079,13.0,26.442307692307693,28.023846153846154,9.726153846153846,16.907647058823528,17.0,19.748823529411766,17.0,,,,
next_observation_fresh_matter,2022,150N,150.0,2022-09-23,2022-09-27,4.0,25.6,6.0,3.24,5,51.62,3.3,13.0,126.44,8.12,-8.0,-74.82,-4.819999999999999,11.0,10.0,112.32499999999999,97.69333333333333,8.129999999999999,7.063333333333333,3.0,266,122,20.32962962962964,18.3090909090909,19.012343589021192,58.966593664288496,1.1468640174871636,9.012343589021192,1754.1358528978917,627.5222743667301,23.022294085764145,4.7411274375449945,58.96803935134534,5.0,27.594,31.546,10.324000000000002,13.993157894736843,19.0,17.335263157894737,19.0,,,,
next_observation_fresh_matter,2022,150N,150.0,2022-09-27,2022-09-30,3.0,49.3,10.0,7.18,6,25.6,3.24,5.0,51.62,3.3,1.0,-26.019999999999996,-0.05999999999999961,9.0,9.0,89.03,92.08999999999999,5.709999999999999,6.52,4.0,270,126,24.381481481481472,17.9037037037037,19.608652356211824,45.72300055320974,2.855389745144804,9.608652356211824,1794.7663647293593,644.1395284446792,20.310745580339507,4.286321763577797,51.11870385928338,6.0,19.631666666666668,24.025000000000002,4.266666666666667,15.468333333333334,18.0,18.620555555555555,18.0,,,,
next_observation_fresh_matter,2022,150N,150.0,2022-09-30,2022-10-04,4.0,58.82,9.0,7.24,10,49.3,7.18,6.0,25.6,3.24,4.0,23.699999999999996,3.9399999999999995,5.5,8.0,38.61,67.88666666666667,3.27,4.886666666666667,3.0,273,129,28.661818181818187,18.37090909090909,22.750923785296223,39.9262858003055,4.582923341976224,12.750923785296223,1829.3168320219183,652.9937041915183,20.740139874860954,3.63877568925546,45.754171895637384,10.0,18.82,24.391111111111112,4.930000000000001,12.998947368421051,19.0,16.718947368421052,19.0,,,,
next_observation_fresh_matter,2022,150N,150.0,2022-10-04,2022-10-07,3.0,29.58,3.0,3.94,9,58.82,7.24,10.0,49.3,7.18,-1.0,9.520000000000003,0.0600000000000005,8.0,7.0,37.45,42.17333333333333,5.21,4.573333333333333,4.0,277,133,30.505454545454544,18.63703703703704,24.693047897625423,42.39131821358237,6.618382106377156,14.693047897625423,1886.0634430237137,679.7604879844968,23.042439756336393,5.088708505688231,42.946363850806016,9.0,21.01,28.892222222222227,6.535555555555556,15.046315789473685,19.0,19.907894736842106,19.0,,,,
next_observation_fresh_matter,2022,150N,150.0,2022-10-07,2022-10-11,4.0,53.9,8.0,8.34,3,29.58,3.94,9.0,58.82,7.24,-6.0,-29.240000000000002,-3.3000000000000003,9.5,8.333333333333334,54.06,44.57333333333333,7.21,5.886666666666667,3.0,280,136,22.185454545454547,18.310909090909085,19.771975792718205,43.963634679815975,5.759132564916308,9.771975792718205,1920.958847994734,699.4091588733512,23.091716567545117,6.630779240261853,46.17914009971434,3.0,25.149999999999995,30.583333333333332,9.860000000000001,13.972,20.0,17.6215,20.0,,,,
next_observation_fresh_matter,2022,150N,150.0,2022-10-11,2022-10-14,3.0,15.25,3.0,2.11,8,53.9,8.34,3.0,29.58,3.94,5.0,24.32,4.4,6.0,7.333333333333333,44.2,45.9,5.59,6.12,4.0,284,140,30.47454545454546,18.383333333333333,24.281931869971245,43.64739149769503,7.209094606464339,14.281931869971245,1971.7483996778215,730.3560342438542,22.240708093443942,7.227935179908215,41.629798244322444,8.0,21.8625,26.09625,6.7375,16.6515,20.0,20.7025,20.0,,,,
next_observation_fresh_matter,2022,150N,150.0,2022-10-14,2022-10-18,4.0,50.48,5.0,6.8,3,15.25,2.11,8.0,53.9,8.34,-5.0,-38.65,-6.23,5.5,6.666666666666667,41.739999999999995,47.43333333333334,6.14,6.506666666666668,3.0,287,143,22.15,18.288888888888884,20.039417306784,39.24542289175596,4.894038823947926,10.039417306784,2002.0303016894609,745.5569657802105,21.581636242103837,6.592543843837042,38.59874268683949,3.0,19.393333333333334,26.713333333333335,5.083333333333333,11.057,20.0,14.062631578947368,19.0,,,,
next_observation_fresh_matter,2022,50N,50.0,2022-07-29,2022-08-02,4.0,39.46,5.0,5.8,5,47.68,5.48,,,,,,,,,,,,,,210,66,27.88,18.7,22.81434782608696,53.41304347826087,5.395860230630623,12.814347826086959,981.2273913043476,378.16374223058756,23.117763975155277,4.974990816564348,58.00248447204969,5.0,25.832,,9.536,16.3485,20.0,,,,,,
next_observation_fresh_matter,2022,50N,50.0,2022-08-02,2022-08-05,3.0,4.55,1.0,0.54,5,39.46,5.8,5.0,47.68,5.48,0.0,-8.219999999999999,0.3199999999999994,5.0,5.0,47.68,47.68,5.48,5.48,4.0,214,70,36.68,19.83,27.59608695652174,58.36521739130435,6.053534178088547,17.59608695652174,1045.349565217391,402.54779842007315,24.795279503105593,6.0077799098373585,54.911180124223606,5.0,24.954,,7.892,20.262,20.0,,,,,,
next_observation_fresh_matter,2022,50N,50.0,2022-08-09,2022-08-12,3.0,40.79,4.0,4.98,0,,,1.0,4.55,0.54,-1.0,,,3.0,3.6666666666666665,22.005,30.563333333333333,3.17,3.94,4.0,221,77,31.459259259259262,19.3,24.82053615178308,56.34241957447045,4.582218052902368,14.820536151783081,1147.75409572896,437.55397639918965,24.62921864450987,5.000882568445202,61.49864145182439,,,,,14.334,20.0,,,,,,
next_observation_fresh_matter,2022,50N,50.0,2022-08-12,2022-08-16,4.0,46.28,7.0,6.52,4,40.79,4.98,0.0,,,4.0,,,0.5,2.0,4.55,22.005,0.54,3.17,3.0,224,80,24.045283018867924,19.31111111111111,21.371025020036026,65.67866296777969,2.7323161799344318,11.371025020036026,1189.502879481137,449.24724225836576,23.4848834041376,3.761063316679518,63.6503189930658,4.0,28.33,,10.1975,17.138125,16.0,,,,,,
next_observation_fresh_matter,2022,50N,50.0,2022-08-16,2022-08-22,6.0,18.02,2.0,2.33,7,46.28,6.52,4.0,40.79,4.98,3.0,5.490000000000002,1.5399999999999991,2.0,1.6666666666666667,40.79,22.669999999999998,4.98,2.7600000000000002,4.0,228,84,29.721818181818183,20.08333333333333,23.65550788166046,64.77202451090065,4.700710084021808,13.655507881660458,1237.5989139300834,465.6955745100937,22.834974028731917,4.02022830155772,63.58295452452003,7.0,23.704285714285714,25.389999999999997,6.611428571428571,16.843,20.0,19.6275,20.0,,,,
next_observation_fresh_matter,2022,50N,50.0,2022-08-22,2022-08-30,8.0,93.59,14.0,12.31,2,18.02,2.33,7.0,46.28,6.52,-5.0,-28.26,-4.1899999999999995,5.5,3.6666666666666665,43.535,43.535,5.75,5.75,6.0,234,90,29.92962962962964,18.8,23.96182260118273,56.922250450913296,4.218211517964024,13.961822601182732,1314.7430536370327,486.23792972160925,22.971378226944264,3.6061521850767604,67.50592878849646,2.0,28.32,28.745,9.01,,,,,,,,
next_observation_fresh_matter,2022,50N,50.0,2022-08-30,2022-09-06,7.0,52.74,9.0,5.67,14,93.59,12.31,2.0,18.02,2.33,12.0,75.57000000000001,9.98,4.5,4.333333333333333,32.15,35.03,4.425,4.61,8.0,242,98,29.07818181818181,18.98703703703704,23.48486997400861,51.38737528415133,4.527398603451437,13.48486997400861,1423.648834328516,515.8829741558179,23.438053675899805,3.6609194502946707,67.009606195906,14.0,23.065714285714286,28.278571428571432,6.6850000000000005,19.311875,16.0,22.43375,16.0,,,,
next_observation_fresh_matter,2022,50N,50.0,2022-09-06,2022-09-09,3.0,37.17,4.0,3.94,9,52.74,5.67,14.0,93.59,12.31,-5.0,-40.85,-6.640000000000001,8.0,7.666666666666667,55.805,52.63,7.32,7.053333333333334,7.0,249,105,29.892592592592592,19.401818181818182,24.11200887739854,63.22805511657851,5.693127228337097,14.11200887739854,1523.7797840537073,549.5631289427068,24.304421389313056,4.811450683841289,56.92362014487786,9.0,21.941111111111113,23.36333333333333,5.86,14.6675,20.0,17.674500000000002,20.0,,,,
next_observation_fresh_matter,2022,50N,50.0,2022-09-09,2022-09-13,4.0,94.22,9.0,6.95,4,37.17,3.94,9.0,52.74,5.67,-5.0,-15.57,-1.73,11.5,8.333333333333334,73.165,54.78333333333334,8.99,6.7700000000000005,3.0,252,108,24.48518518518518,18.74150943396226,20.975001659386404,73.3875283003995,1.3013056358307786,10.975001659386404,1567.1690471512272,557.63561434552,23.289204577362902,4.133109919995365,61.2526489885537,4.0,25.259999999999998,32.0025,9.2925,16.901875,16.0,19.264666666666667,15.0,,,,
next_observation_fresh_matter,2022,50N,50.0,2022-09-13,2022-09-16,3.0,41.69,4.0,3.67,9,94.22,6.95,4.0,37.17,3.94,5.0,57.05,3.0100000000000002,6.5,9.0,44.955,61.166666666666664,4.805,7.3066666666666675,4.0,256,112,36.96909090909091,18.3188679245283,24.96908806412498,55.8540571976257,6.642826961728851,14.969088064124978,1619.6950522390207,579.7682846396945,23.702181169330476,4.31502224242681,59.967015388373056,9.0,25.40777777777778,29.887777777777778,10.46888888888889,16.41842105263158,19.0,19.102105263157895,19.0,,,,
next_observation_fresh_matter,2022,50N,50.0,2022-09-16,2022-09-20,4.0,38.75,4.0,3.49,4,41.69,3.67,9.0,94.22,6.95,-5.0,-52.53,-3.2800000000000002,6.5,7.333333333333333,65.695,61.376666666666665,5.445,5.5200000000000005,3.0,259,115,31.369090909090904,20.46481481481481,23.35769538424994,69.9474714881934,3.66111418200453,13.35769538424994,1662.9797942975424,594.3343823039152,23.687249592330748,5.242681136913604,56.95014218547707,4.0,26.72,29.3475,10.4225,12.727500000000001,20.0,14.857,20.0,,,,
next_observation_fresh_matter,2022,50N,50.0,2022-09-20,2022-09-23,3.0,16.7,2.0,2.03,4,38.75,3.49,4.0,41.69,3.67,0.0,-2.9399999999999977,-0.17999999999999972,6.5,5.666666666666667,67.95499999999998,57.69333333333333,5.3100000000000005,4.8533333333333335,4.0,263,119,38.98518518518518,20.53018867924528,27.27724438809755,65.08779517902568,6.4852667201201175,17.27724438809755,1722.5911456669826,614.1352760996347,24.699441918280257,4.909570208562888,62.67229267437079,4.0,23.87,32.43,9.6875,16.907647058823528,17.0,19.748823529411766,17.0,,,,
next_observation_fresh_matter,2022,50N,50.0,2022-09-23,2022-09-27,4.0,105.07,14.0,13.04,2,16.7,2.03,4.0,38.75,3.49,-2.0,-22.05,-1.4600000000000004,4.0,5.666666666666667,40.21999999999999,58.22,3.58,4.703333333333334,3.0,266,122,20.32962962962964,18.3090909090909,19.012343589021192,58.966593664288496,1.1468640174871636,9.012343589021192,1754.1358528978917,627.5222743667301,23.022294085764145,4.7411274375449945,58.96803935134534,2.0,25.685000000000002,27.4,8.35,13.993157894736843,19.0,17.335263157894737,19.0,,,,
next_observation_fresh_matter,2022,50N,50.0,2022-09-27,2022-09-30,3.0,51.4,7.0,6.64,14,105.07,13.04,2.0,16.7,2.03,12.0,88.36999999999999,11.01,3.0,3.3333333333333335,27.724999999999994,32.38,2.76,3.063333333333333,4.0,270,126,24.381481481481472,17.9037037037037,19.608652356211824,45.72300055320974,2.855389745144804,9.608652356211824,1794.7663647293593,644.1395284446792,20.310745580339507,4.286321763577797,51.11870385928338,14.0,23.33142857142857,25.93357142857143,7.505,15.468333333333334,18.0,18.620555555555555,18.0,,,,
next_observation_fresh_matter,2022,50N,50.0,2022-09-30,2022-10-04,4.0,36.48,5.0,4.68,7,51.4,6.64,14.0,105.07,13.04,-7.0,-53.669999999999995,-6.3999999999999995,8.0,6.666666666666667,60.88499999999999,53.50666666666666,7.534999999999999,6.1866666666666665,3.0,273,129,28.661818181818187,18.37090909090909,22.750923785296223,39.9262858003055,4.582923341976224,12.750923785296223,1829.3168320219183,652.9937041915183,20.740139874860954,3.63877568925546,45.754171895637384,7.0,23.125714285714285,26.359999999999996,7.3428571428571425,12.998947368421051,19.0,16.718947368421052,19.0,,,,
next_observation_fresh_matter,2022,50N,50.0,2022-10-04,2022-10-07,3.0,29.44,5.0,3.66,5,36.48,4.68,7.0,51.4,6.64,-2.0,-14.920000000000002,-1.96,10.5,7.666666666666667,78.23499999999999,57.72333333333333,9.84,7.2366666666666655,4.0,277,133,30.505454545454544,18.63703703703704,24.693047897625423,42.39131821358237,6.618382106377156,14.693047897625423,1886.0634430237137,679.7604879844968,23.042439756336393,5.088708505688231,42.946363850806016,5.0,23.278,26.526,7.295999999999999,15.046315789473685,19.0,19.907894736842106,19.0,,,,
next_observation_fresh_matter,2022,50N,50.0,2022-10-07,2022-10-11,4.0,78.87,10.0,11.56,5,29.44,3.66,5.0,36.48,4.68,0.0,-7.039999999999996,-1.0199999999999996,6.0,8.666666666666666,43.93999999999999,64.31666666666666,5.66,8.12,3.0,280,136,22.185454545454547,18.310909090909085,19.771975792718205,43.963634679815975,5.759132564916308,9.771975792718205,1920.958847994734,699.4091588733512,23.091716567545117,6.630779240261853,46.17914009971434,5.0,21.002000000000002,24.796,5.888,13.972,20.0,17.6215,20.0,,,,
next_observation_fresh_matter,2022,50N,50.0,2022-10-11,2022-10-14,3.0,47.38,5.0,5.69,10,78.87,11.56,5.0,29.44,3.66,5.0,49.43000000000001,7.9,5.0,5.666666666666667,32.959999999999994,39.10666666666666,4.17,4.993333333333333,4.0,284,140,30.47454545454546,18.383333333333333,24.281931869971245,43.64739149769503,7.209094606464339,14.281931869971245,1971.7483996778215,730.3560342438542,22.240708093443942,7.227935179908215,41.629798244322444,10.0,23.699,28.383999999999997,7.8870000000000005,16.6515,20.0,20.7025,20.0,,,,
next_observation_fresh_matter,2022,50N,50.0,2022-10-14,2022-10-18,4.0,69.36,7.0,8.33,5,47.38,5.69,10.0,78.87,11.56,-5.0,-31.490000000000002,-5.87,7.5,6.666666666666667,54.155,48.26333333333333,7.61,6.633333333333333,3.0,287,143,22.15,18.288888888888884,20.039417306784,39.24542289175596,4.894038823947926,10.039417306784,2002.0303016894609,745.5569657802105,21.581636242103837,6.592543843837042,38.59874268683949,5.0,25.726,30.3,9.476,11.057,20.0,14.062631578947368,19.0,,,,
next_observation_fresh_matter,2022,50N,50.0,2022-10-18,2022-10-21,3.0,73.32,8.0,9.59,7,69.36,8.33,5.0,47.38,5.69,2.0,21.979999999999997,2.6399999999999997,7.5,6.666666666666667,63.125,51.89666666666667,8.625,6.97,4.0,291,147,20.98333333333333,18.02777777777778,19.35975279179545,33.428895103620285,6.727831215485835,9.35975279179545,2040.6304508982564,770.7732721957069,19.840293031490734,5.773891135978964,36.141148245610914,7.0,26.102857142857143,33.26142857142857,9.90857142857143,13.952222222222222,18.0,18.493333333333332,18.0,,,,
next_observation_fresh_matter,2022,50N,50.0,2022-10-21,2022-11-01,11.0,30.96,5.0,5.88,8,73.32,9.59,7.0,69.36,8.33,1.0,3.9599999999999937,1.2599999999999998,6.0,7.333333333333333,58.370000000000005,65.20333333333333,7.010000000000001,8.526666666666666,3.0,294,150,28.12363636363637,18.27454545454545,21.770470054662017,37.314011208613344,4.694768135562889,11.770470054662017,2073.4657619524683,788.1842614255011,20.205065751858204,6.089613663612943,32.7912763045905,8.0,24.5725,29.4775,9.165,15.1595,20.0,19.4695,20.0,,,,
next_observation_fresh_matter,2023,0N,0.0,2023-07-29,2023-08-01,3.0,18.56,3.0,2.89,0,,,0.0,,,0.0,,,0.0,0.0,,,,,3.0,210,56,30.227272727272727,20.23272727272727,24.68928654883536,56.84502672334502,4.510263182866555,14.689286548835359,884.6740163340444,254.98968044213595,27.163227513227515,4.237344986846959,61.70348172928156,,,,,11.5155,20.0,14.648500000000002,20.0,,0.0,1.0,20.0
next_observation_fresh_matter,2023,0N,0.0,2023-08-01,2023-08-04,3.0,17.26,2.0,2.09,3,18.56,2.89,0.0,,,3.0,,,0.0,0.0,,,,,3.0,213,59,34.67999999999999,20.52777777777778,26.5830167963474,54.018276503067305,3.9061620316996817,16.5830167963474,931.1568910233875,268.109229814855,26.57825135260328,4.28611802310004,58.329489123127345,,,,,13.236500000000001,20.0,17.3815,20.0,5.13,1.0,1.0,20.0
next_observation_fresh_matter,2023,0N,0.0,2023-08-04,2023-08-07,3.0,22.56,2.0,2.94,2,17.26,2.09,3.0,18.56,2.89,-1.0,-1.2999999999999972,-0.8000000000000003,1.5,1.0,18.56,18.56,2.89,2.89,3.0,216,62,34.57272727272727,20.43333333333333,26.97401352877973,63.17105432227663,3.475463791849472,16.97401352877973,985.6481258214641,279.2091765983052,26.523342290893563,4.104251334147963,57.26542251067682,,,,,14.7715,20.0,20.0895,20.0,,0.0,1.05,20.0
next_observation_fresh_matter,2023,0N,0.0,2023-08-07,2023-08-11,4.0,63.62,7.0,8.15,2,22.56,2.94,2.0,17.26,2.09,0.0,5.299999999999997,0.8500000000000001,2.5,1.6666666666666667,17.91,17.91,2.49,2.49,3.0,219,65,31.87454545454545,19.95,24.979301657537917,60.432691779705735,4.899106901153108,14.979301657537917,1029.2567628894367,290.49533817496985,26.38326980891378,3.7560386274020767,62.90542206707096,,,,,18.863,20.0,25.217,20.0,,0.0,1.05,20.0
next_observation_fresh_matter,2023,0N,0.0,2023-08-11,2023-08-13,2.0,24.69,5.0,3.26,7,63.62,8.15,2.0,22.56,2.94,5.0,41.06,5.210000000000001,2.0,2.3333333333333335,19.91,19.459999999999997,2.5149999999999997,2.64,4.0,223,69,33.962962962962955,20.61090909090908,24.514478335446345,68.90690368271171,3.343136955686944,14.514478335446345,1087.5000709123467,306.9652116200746,24.55027787012611,3.965147860252771,61.1880536522087,,,,,23.465,20.0,29.276,20.0,8.392857142857142,7.0,1.05,20.0
next_observation_fresh_matter,2023,0N,0.0,2023-08-13,2023-08-17,4.0,32.81,6.0,4.09,5,24.69,3.26,7.0,63.62,8.15,-2.0,-38.92999999999999,-4.890000000000001,4.5,3.6666666666666665,43.089999999999996,34.48,5.545,4.3933333333333335,2.0,225,71,25.55090909090909,19.965454545454552,21.613340708147927,73.70839800797143,2.86131125581652,11.613340708147927,1113.7821474336438,313.77506109281,24.214955171677893,4.025547116999036,60.809712409396575,,,,,19.435,18.0,24.23611111111111,18.0,9.346666666666668,9.0,1.3333333333333333,18.0
next_observation_fresh_matter,2023,0N,0.0,2023-08-17,2023-08-21,4.0,30.54,5.0,4.08,6,32.81,4.09,5.0,24.69,3.26,1.0,8.120000000000001,0.8300000000000001,6.0,4.666666666666667,44.155,36.95666666666667,5.705,4.783333333333333,4.0,229,75,26.7,19.39444444444444,22.574224884889368,53.17313167220468,4.861059319052458,12.574224884889368,1167.1614341314355,331.17518343588154,23.453691650647876,3.936158395927695,63.92587464861401,,,,,10.77888888888889,18.0,13.110000000000001,18.0,8.106666666666667,3.0,1.8,15.0
next_observation_fresh_matter,2023,0N,0.0,2023-08-21,2023-08-24,3.0,9.12,2.0,1.07,5,30.54,4.08,6.0,32.81,4.09,-1.0,-2.270000000000003,-0.009999999999999787,5.5,6.0,28.750000000000007,40.373333333333335,3.675,5.166666666666667,4.0,233,79,27.603773584905657,20.303636363636368,22.866665037025992,68.46202851594977,3.9835402271839926,12.866665037025992,1225.1806214655367,348.9655282375691,24.42161234357268,4.576111717294691,58.907368898902355,,,,,9.570769230769232,13.0,11.835384615384616,13.0,,0.0,2.0,15.0
next_observation_fresh_matter,2023,0N,0.0,2023-08-24,2023-08-27,3.0,16.52,2.0,1.66,2,9.12,1.07,5.0,30.54,4.08,-3.0,-21.42,-3.01,5.5,5.333333333333333,31.675000000000008,29.346666666666664,4.085,3.81,3.0,236,82,32.503773584905666,20.93703703703704,26.155105609002245,74.69704847214282,5.44174971973904,16.155105609002245,1282.9865430450964,363.31429209610434,26.546444130523007,4.591301237174674,65.14837812956821,,,,,10.764375,16.0,13.045625,16.0,4.33,1.0,2.0,17.0
next_observation_fresh_matter,2023,0N,0.0,2023-08-27,2023-08-31,4.0,32.98,5.0,3.91,2,16.52,1.66,2.0,9.12,1.07,0.0,7.4,0.5899999999999999,3.5,4.333333333333333,19.830000000000005,24.156666666666666,2.575,3.08,3.0,239,85,27.934545454545454,17.258181818181818,22.34054228365139,57.3932730918703,6.162674213626056,12.340542283651391,1323.8563192319027,378.49847607342167,25.934623257627475,4.788069723290933,65.82372970777459,,,,,10.893333333333334,18.0,13.095555555555556,18.0,,0.0,2.0588235294117645,17.0
next_observation_fresh_matter,2023,0N,0.0,2023-08-31,2023-09-05,5.0,19.45,4.0,2.41,5,32.98,3.91,2.0,16.52,1.66,3.0,16.459999999999997,2.25,2.0,3.0,12.820000000000007,18.726666666666667,1.365,2.27,4.0,243,89,30.544444444444448,18.685185185185187,24.0018051634356,48.09533934702311,4.393568974489519,14.001805163435598,1381.3641552811723,395.761864413108,24.053944605153738,4.635367473857669,56.829256699663645,,,,,14.688333333333333,18.0,16.79222222222222,18.0,7.449999999999999,2.0,2.0588235294117645,17.0
next_observation_fresh_matter,2023,0N,0.0,2023-09-05,2023-09-09,4.0,7.34,1.0,0.91,4,19.45,2.41,5.0,32.98,3.91,-1.0,-13.529999999999998,-1.5,3.5,3.0,24.750000000000007,19.54,2.785,2.2133333333333334,5.0,248,94,34.33272727272727,25.14074074074073,29.067613874595004,57.82067003090793,3.385455827463328,19.067613874595004,1476.48326999959,416.04963426156735,27.486511971855634,4.167216028373947,50.32375259419236,,,,,16.586111111111112,18.0,19.215,18.0,5.998333333333334,6.0,2.066666666666667,15.0
next_observation_fresh_matter,2023,0N,0.0,2023-09-09,2023-09-13,4.0,7.4,2.0,1.07,1,7.34,0.91,4.0,19.45,2.41,-3.0,-12.11,-1.5,4.5,3.6666666666666665,26.215000000000003,22.983333333333334,3.16,2.66,4.0,252,98,26.2,18.78727272727272,21.35342995169082,64.2489119248266,3.632461188708317,11.35342995169082,1520.1681962652544,427.70455119724187,24.922155091285525,3.432326723511422,57.33147632424089,,,,,14.293333333333333,15.0,17.354,15.0,5.165,2.0,2.2,10.0
next_observation_fresh_matter,2023,0N,0.0,2023-09-13,2023-09-17,4.0,5.97,2.0,0.91,2,7.4,1.07,1.0,7.34,0.91,1.0,0.0600000000000005,0.16000000000000003,2.5,3.3333333333333335,13.395000000000007,19.923333333333332,1.6600000000000001,2.4099999999999997,4.0,256,102,22.62909090909091,16.341509433962262,19.52144132050613,52.75605660101148,4.435010399026968,9.521441320506131,1560.640495605388,445.30949571429244,20.481714563502916,3.9540065244801554,59.30294348619204,,,,,13.867333333333333,15.0,17.314,15.0,7.242,4.0,2.25,8.0
next_observation_fresh_matter,2023,0N,0.0,2023-09-17,2023-09-21,4.0,0.0,0.0,,2,5.97,0.91,2.0,7.4,1.07,0.0,-1.4300000000000006,-0.16000000000000003,1.5,2.3333333333333335,7.370000000000007,11.396666666666667,0.99,1.4633333333333336,4.0,260,106,26.06363636363637,16.62181818181818,20.37899235726143,58.356396588250576,3.792986000534167,10.378992357261431,1604.8123824807037,458.79483406586934,20.54964802128871,3.753083618659158,57.86844287241333,,,,,11.185714285714285,14.0,13.814285714285713,14.0,10.434999999999999,2.0,2.5,4.0
next_observation_fresh_matter,2023,0N,0.0,2023-09-21,2023-09-24,3.0,0.0,0.0,,0,0.0,,2.0,5.97,0.91,-2.0,-5.97,,2.0,1.6666666666666667,6.685000000000008,6.903333333333333,0.99,0.9633333333333334,4.0,264,110,30.961818181818188,20.32363636363636,24.51303342420652,55.96020864924884,3.344493597978389,14.513033424206519,1659.3295142026261,473.33545643706907,22.24072842570792,3.4421586482632196,58.22411301972418,,,,,10.562142857142858,14.0,13.342142857142857,14.0,,0.0,2.5,2.0
next_observation_fresh_matter,2023,0N,0.0,2023-09-24,2023-09-28,4.0,7.99,2.0,0.94,0,0.0,,0.0,0.0,,0.0,0.0,,1.0,1.3333333333333333,2.985000000000007,4.456666666666667,0.91,0.99,3.0,267,113,25.86296296296296,18.85454545454545,21.212384689111516,74.37072751026811,4.259010937218802,11.212384689111516,1694.2284978868847,482.77382956582545,22.77373077231158,3.4255707857080124,62.393151756638225,,,,,11.981333333333334,15.0,14.817333333333332,15.0,,0.0,2.5,2.0
next_observation_fresh_matter,2023,100N,100.0,2023-08-01,2023-08-04,3.0,12.16,1.0,1.28,0,,,0.0,,,0.0,,,0.0,0.0,,,,,3.0,213,59,34.67999999999999,20.52777777777778,26.5830167963474,54.018276503067305,3.9061620316996817,16.5830167963474,931.1568910233875,268.109229814855,26.57825135260328,4.28611802310004,58.329489123127345,,,,,13.236500000000001,20.0,17.3815,20.0,5.13,1.0,1.0,20.0
next_observation_fresh_matter,2023,100N,100.0,2023-08-04,2023-08-07,3.0,24.6,2.0,2.67,1,12.16,1.28,0.0,,,1.0,,,0.0,0.0,,,,,3.0,216,62,34.57272727272727,20.43333333333333,26.97401352877973,63.17105432227663,3.475463791849472,16.97401352877973,985.6481258214641,279.2091765983052,26.523342290893563,4.104251334147963,57.26542251067682,,,,,14.7715,20.0,20.0895,20.0,,0.0,1.05,20.0
next_observation_fresh_matter,2023,100N,100.0,2023-08-07,2023-08-11,4.0,65.32,6.0,7.72,2,24.6,2.67,1.0,12.16,1.28,1.0,12.440000000000001,1.39,0.5,0.3333333333333333,12.16,12.16,1.28,1.28,3.0,219,65,31.87454545454545,19.95,24.979301657537917,60.432691779705735,4.899106901153108,14.979301657537917,1029.2567628894367,290.49533817496985,26.38326980891378,3.7560386274020767,62.90542206707096,,,,,18.863,20.0,25.217,20.0,,0.0,1.05,20.0
next_observation_fresh_matter,2023,100N,100.0,2023-08-11,2023-08-13,2.0,69.62,9.0,11.08,6,65.32,7.72,2.0,24.6,2.67,4.0,40.71999999999999,5.05,1.5,1.0,18.380000000000003,18.380000000000003,1.975,1.975,4.0,223,69,33.962962962962955,20.61090909090908,24.514478335446345,68.90690368271171,3.343136955686944,14.514478335446345,1087.5000709123467,306.9652116200746,24.55027787012611,3.965147860252771,61.1880536522087,,,,,23.465,20.0,29.276,20.0,8.392857142857142,7.0,1.05,20.0
next_observation_fresh_matter,2023,100N,100.0,2023-08-13,2023-08-17,4.0,71.03,9.0,9.05,9,69.62,11.08,6.0,65.32,7.72,3.0,4.300000000000011,3.3600000000000003,4.0,3.0,44.96,34.026666666666664,5.195,3.89,2.0,225,71,25.55090909090909,19.965454545454552,21.613340708147927,73.70839800797143,2.86131125581652,11.613340708147927,1113.7821474336438,313.77506109281,24.214955171677893,4.025547116999036,60.809712409396575,,,,,19.435,18.0,24.23611111111111,18.0,9.346666666666668,9.0,1.3333333333333333,18.0
next_observation_fresh_matter,2023,100N,100.0,2023-08-17,2023-08-21,4.0,93.9,13.0,11.26,9,71.03,9.05,9.0,69.62,11.08,0.0,1.4099999999999966,-2.0299999999999994,7.5,5.666666666666667,67.47,53.18000000000001,9.399999999999999,7.156666666666666,4.0,229,75,26.7,19.39444444444444,22.574224884889368,53.17313167220468,4.861059319052458,12.574224884889368,1167.1614341314355,331.17518343588154,23.453691650647876,3.936158395927695,63.92587464861401,,,,,10.77888888888889,18.0,13.110000000000001,18.0,8.106666666666667,3.0,1.8,15.0
next_observation_fresh_matter,2023,100N,100.0,2023-08-21,2023-08-24,3.0,40.22,6.0,5.37,13,93.9,11.26,9.0,71.03,9.05,4.0,22.870000000000005,2.209999999999999,9.0,8.0,70.325,68.65666666666668,10.065000000000001,9.283333333333333,4.0,233,79,27.603773584905657,20.303636363636368,22.866665037025992,68.46202851594977,3.9835402271839926,12.866665037025992,1225.1806214655367,348.9655282375691,24.42161234357268,4.576111717294691,58.907368898902355,,,,,9.570769230769232,13.0,11.835384615384616,13.0,,0.0,2.0,15.0
next_observation_fresh_matter,2023,100N,100.0,2023-08-24,2023-08-27,3.0,50.09,7.0,5.85,6,40.22,5.37,13.0,93.9,11.26,-7.0,-53.68000000000001,-5.89,11.0,10.333333333333334,82.465,78.18333333333334,10.155,10.463333333333333,3.0,236,82,32.503773584905666,20.93703703703704,26.155105609002245,74.69704847214282,5.44174971973904,16.155105609002245,1282.9865430450964,363.31429209610434,26.546444130523007,4.591301237174674,65.14837812956821,,,,,10.764375,16.0,13.045625,16.0,4.33,1.0,2.0,17.0
next_observation_fresh_matter,2023,100N,100.0,2023-08-27,2023-08-31,4.0,56.04,7.0,6.07,7,50.09,5.85,6.0,40.22,5.37,1.0,9.870000000000005,0.47999999999999954,9.5,9.333333333333334,67.06,68.38333333333334,8.315,8.56,3.0,239,85,27.934545454545454,17.258181818181818,22.34054228365139,57.3932730918703,6.162674213626056,12.340542283651391,1323.8563192319027,378.49847607342167,25.934623257627475,4.788069723290933,65.82372970777459,,,,,10.893333333333334,18.0,13.095555555555556,18.0,,0.0,2.0588235294117645,17.0
next_observation_fresh_matter,2023,100N,100.0,2023-08-31,2023-09-05,5.0,91.04,10.0,11.45,7,56.04,6.07,7.0,50.09,5.85,0.0,5.949999999999996,0.22000000000000064,6.5,8.666666666666666,45.155,61.40333333333333,5.609999999999999,7.493333333333333,4.0,243,89,30.544444444444448,18.685185185185187,24.0018051634356,48.09533934702311,4.393568974489519,14.001805163435598,1381.3641552811723,395.761864413108,24.053944605153738,4.635367473857669,56.829256699663645,,,,,14.688333333333333,18.0,16.79222222222222,18.0,7.449999999999999,2.0,2.0588235294117645,17.0
next_observation_fresh_matter,2023,100N,100.0,2023-09-05,2023-09-09,4.0,12.27,3.0,1.06,10,91.04,11.45,7.0,56.04,6.07,3.0,35.00000000000001,5.379999999999999,7.0,6.666666666666667,53.065,48.78333333333333,5.959999999999999,5.763333333333333,5.0,248,94,34.33272727272727,25.14074074074073,29.067613874595004,57.82067003090793,3.385455827463328,19.067613874595004,1476.48326999959,416.04963426156735,27.486511971855634,4.167216028373947,50.32375259419236,,,,,16.586111111111112,18.0,19.215,18.0,5.998333333333334,6.0,2.066666666666667,15.0
next_observation_fresh_matter,2023,100N,100.0,2023-09-09,2023-09-13,4.0,37.0,5.0,4.49,3,12.27,1.06,10.0,91.04,11.45,-7.0,-78.77000000000001,-10.389999999999999,8.5,8.0,73.54,65.72333333333334,8.759999999999998,7.789999999999999,4.0,252,98,26.2,18.78727272727272,21.35342995169082,64.2489119248266,3.632461188708317,11.35342995169082,1520.1681962652544,427.70455119724187,24.922155091285525,3.432326723511422,57.33147632424089,,,,,14.293333333333333,15.0,17.354,15.0,5.165,2.0,2.2,10.0
next_observation_fresh_matter,2023,100N,100.0,2023-09-13,2023-09-17,4.0,13.71,2.0,1.4,5,37.0,4.49,3.0,12.27,1.06,2.0,24.73,3.43,6.5,6.666666666666667,51.65500000000001,53.116666666666674,6.254999999999999,6.1933333333333325,4.0,256,102,22.62909090909091,16.341509433962262,19.52144132050613,52.75605660101148,4.435010399026968,9.521441320506131,1560.640495605388,445.30949571429244,20.481714563502916,3.9540065244801554,59.30294348619204,,,,,13.867333333333333,15.0,17.314,15.0,7.242,4.0,2.25,8.0
next_observation_fresh_matter,2023,100N,100.0,2023-09-17,2023-09-21,4.0,35.92,4.0,4.73,2,13.71,1.4,5.0,37.0,4.49,-3.0,-23.29,-3.0900000000000003,4.0,6.0,24.634999999999998,46.77,2.7749999999999995,5.666666666666667,4.0,260,106,26.06363636363637,16.62181818181818,20.37899235726143,58.356396588250576,3.792986000534167,10.378992357261431,1604.8123824807037,458.79483406586934,20.54964802128871,3.753083618659158,57.86844287241333,,,,,11.185714285714285,14.0,13.814285714285713,14.0,10.434999999999999,2.0,2.5,4.0
next_observation_fresh_matter,2023,100N,100.0,2023-09-21,2023-09-24,3.0,10.14,1.0,1.12,4,35.92,4.73,2.0,13.71,1.4,2.0,22.21,3.3300000000000005,3.5,3.3333333333333335,25.355,20.993333333333332,2.9449999999999994,2.316666666666667,4.0,264,110,30.961818181818188,20.32363636363636,24.51303342420652,55.96020864924884,3.344493597978389,14.513033424206519,1659.3295142026261,473.33545643706907,22.24072842570792,3.4421586482632196,58.22411301972418,,,,,10.562142857142858,14.0,13.342142857142857,14.0,,0.0,2.5,2.0
next_observation_fresh_matter,2023,100N,100.0,2023-09-24,2023-09-28,4.0,72.41,8.0,8.13,1,10.14,1.12,4.0,35.92,4.73,-3.0,-25.78,-3.6100000000000003,3.0,3.6666666666666665,24.815,28.876666666666665,3.0649999999999995,3.5400000000000005,3.0,267,113,25.86296296296296,18.85454545454545,21.212384689111516,74.37072751026811,4.259010937218802,11.212384689111516,1694.2284978868847,482.77382956582545,22.77373077231158,3.4255707857080124,62.393151756638225,,,,,11.981333333333334,15.0,14.817333333333332,15.0,,0.0,2.5,2.0
next_observation_fresh_matter,2023,150N,150.0,2023-08-07,2023-08-11,4.0,34.02,4.0,5.15,0,,,0.0,,,0.0,,,0.0,0.0,,,,,3.0,219,65,31.87454545454545,19.95,24.979301657537917,60.432691779705735,4.899106901153108,14.979301657537917,1029.2567628894367,290.49533817496985,26.38326980891378,3.7560386274020767,62.90542206707096,,,,,18.863,20.0,25.217,20.0,,0.0,1.05,20.0
next_observation_fresh_matter,2023,150N,150.0,2023-08-11,2023-08-13,2.0,97.47,9.0,11.44,4,34.02,5.15,0.0,,,4.0,,,0.0,0.0,,,,,4.0,223,69,33.962962962962955,20.61090909090908,24.514478335446345,68.90690368271171,3.343136955686944,14.514478335446345,1087.5000709123467,306.9652116200746,24.55027787012611,3.965147860252771,61.1880536522087,,,,,23.465,20.0,29.276,20.0,8.392857142857142,7.0,1.05,20.0
next_observation_fresh_matter,2023,150N,150.0,2023-08-13,2023-08-17,4.0,90.22,12.0,11.45,9,97.47,11.44,4.0,34.02,5.15,5.0,63.449999999999996,6.289999999999999,2.0,1.3333333333333333,34.02,34.02,5.15,5.15,2.0,225,71,25.55090909090909,19.965454545454552,21.613340708147927,73.70839800797143,2.86131125581652,11.613340708147927,1113.7821474336438,313.77506109281,24.214955171677893,4.025547116999036,60.809712409396575,,,,,19.435,18.0,24.23611111111111,18.0,9.346666666666668,9.0,1.3333333333333333,18.0
next_observation_fresh_matter,2023,150N,150.0,2023-08-17,2023-08-21,4.0,82.8,12.0,10.2,12,90.22,11.45,9.0,97.47,11.44,3.0,-7.25,0.009999999999999787,6.5,4.333333333333333,65.745,65.745,8.295,8.295,4.0,229,75,26.7,19.39444444444444,22.574224884889368,53.17313167220468,4.861059319052458,12.574224884889368,1167.1614341314355,331.17518343588154,23.453691650647876,3.936158395927695,63.92587464861401,,,,,10.77888888888889,18.0,13.110000000000001,18.0,8.106666666666667,3.0,1.8,15.0
next_observation_fresh_matter,2023,150N,150.0,2023-08-21,2023-08-24,3.0,53.65,10.0,7.88,12,82.8,10.2,12.0,90.22,11.45,0.0,-7.420000000000002,-1.25,10.5,8.333333333333334,93.845,73.90333333333334,11.445,9.346666666666666,4.0,233,79,27.603773584905657,20.303636363636368,22.866665037025992,68.46202851594977,3.9835402271839926,12.866665037025992,1225.1806214655367,348.9655282375691,24.42161234357268,4.576111717294691,58.907368898902355,,,,,9.570769230769232,13.0,11.835384615384616,13.0,,0.0,2.0,15.0
next_observation_fresh_matter,2023,150N,150.0,2023-08-24,2023-08-27,3.0,57.09,8.0,5.38,10,53.65,7.88,12.0,82.8,10.2,-2.0,-29.15,-2.3199999999999994,12.0,11.0,86.50999999999999,90.16333333333334,10.825,11.030000000000001,3.0,236,82,32.503773584905666,20.93703703703704,26.155105609002245,74.69704847214282,5.44174971973904,16.155105609002245,1282.9865430450964,363.31429209610434,26.546444130523007,4.591301237174674,65.14837812956821,,,,,10.764375,16.0,13.045625,16.0,4.33,1.0,2.0,17.0
next_observation_fresh_matter,2023,150N,150.0,2023-08-27,2023-08-31,4.0,43.28,6.0,4.88,8,57.09,5.38,10.0,53.65,7.88,-2.0,3.440000000000005,-2.5,11.0,11.333333333333334,68.225,75.55666666666666,9.04,9.843333333333332,3.0,239,85,27.934545454545454,17.258181818181818,22.34054228365139,57.3932730918703,6.162674213626056,12.340542283651391,1323.8563192319027,378.49847607342167,25.934623257627475,4.788069723290933,65.82372970777459,,,,,10.893333333333334,18.0,13.095555555555556,18.0,,0.0,2.0588235294117645,17.0
next_observation_fresh_matter,2023,150N,150.0,2023-08-31,2023-09-05,5.0,7.33,1.0,1.25,6,43.28,4.88,8.0,57.09,5.38,-2.0,-13.810000000000002,-0.5,9.0,10.0,55.370000000000005,64.51333333333334,6.63,7.82,4.0,243,89,30.544444444444448,18.685185185185187,24.0018051634356,48.09533934702311,4.393568974489519,14.001805163435598,1381.3641552811723,395.761864413108,24.053944605153738,4.635367473857669,56.829256699663645,,,,,14.688333333333333,18.0,16.79222222222222,18.0,7.449999999999999,2.0,2.0588235294117645,17.0
next_observation_fresh_matter,2023,150N,150.0,2023-09-05,2023-09-09,4.0,41.5,4.0,4.29,1,7.33,1.25,6.0,43.28,4.88,-5.0,-35.95,-3.63,7.0,8.0,50.185,51.34,5.13,6.046666666666667,5.0,248,94,34.33272727272727,25.14074074074073,29.067613874595004,57.82067003090793,3.385455827463328,19.067613874595004,1476.48326999959,416.04963426156735,27.486511971855634,4.167216028373947,50.32375259419236,,,,,16.586111111111112,18.0,19.215,18.0,5.998333333333334,6.0,2.066666666666667,15.0
next_observation_fresh_matter,2023,150N,150.0,2023-09-09,2023-09-13,4.0,17.68,2.0,1.98,4,41.5,4.29,1.0,7.33,1.25,3.0,34.17,3.04,3.5,5.0,25.305,35.9,3.065,3.8366666666666673,4.0,252,98,26.2,18.78727272727272,21.35342995169082,64.2489119248266,3.632461188708317,11.35342995169082,1520.1681962652544,427.70455119724187,24.922155091285525,3.432326723511422,57.33147632424089,,,,,14.293333333333333,15.0,17.354,15.0,5.165,2.0,2.2,10.0
next_observation_fresh_matter,2023,150N,150.0,2023-09-13,2023-09-17,4.0,32.06,3.0,3.48,2,17.68,1.98,4.0,41.5,4.29,-2.0,-23.82,-2.31,2.5,3.6666666666666665,24.415,30.703333333333333,2.77,3.473333333333333,4.0,256,102,22.62909090909091,16.341509433962262,19.52144132050613,52.75605660101148,4.435010399026968,9.521441320506131,1560.640495605388,445.30949571429244,20.481714563502916,3.9540065244801554,59.30294348619204,,,,,13.867333333333333,15.0,17.314,15.0,7.242,4.0,2.25,8.0
next_observation_fresh_matter,2023,150N,150.0,2023-09-17,2023-09-21,4.0,30.71,3.0,4.29,3,32.06,3.48,2.0,17.68,1.98,1.0,14.380000000000003,1.5,3.0,2.3333333333333335,29.59,22.169999999999998,3.135,2.5066666666666664,4.0,260,106,26.06363636363637,16.62181818181818,20.37899235726143,58.356396588250576,3.792986000534167,10.378992357261431,1604.8123824807037,458.79483406586934,20.54964802128871,3.753083618659158,57.86844287241333,,,,,11.185714285714285,14.0,13.814285714285713,14.0,10.434999999999999,2.0,2.5,4.0
next_observation_fresh_matter,2023,150N,150.0,2023-09-21,2023-09-24,3.0,29.71,3.0,4.58,3,30.71,4.29,3.0,32.06,3.48,0.0,-1.3500000000000014,0.81,2.5,3.0,24.87,30.413333333333338,2.73,3.25,4.0,264,110,30.961818181818188,20.32363636363636,24.51303342420652,55.96020864924884,3.344493597978389,14.513033424206519,1659.3295142026261,473.33545643706907,22.24072842570792,3.4421586482632196,58.22411301972418,,,,,10.562142857142858,14.0,13.342142857142857,14.0,,0.0,2.5,2.0
next_observation_fresh_matter,2023,150N,150.0,2023-09-24,2023-09-28,4.0,41.26,6.0,5.03,3,29.71,4.58,3.0,30.71,4.29,0.0,-1.0,0.29000000000000004,3.0,2.6666666666666665,31.385,26.816666666666666,3.885,3.25,3.0,267,113,25.86296296296296,18.85454545454545,21.212384689111516,74.37072751026811,4.259010937218802,11.212384689111516,1694.2284978868847,482.77382956582545,22.77373077231158,3.4255707857080124,62.393151756638225,,,,,11.981333333333334,15.0,14.817333333333332,15.0,,0.0,2.5,2.0
next_observation_fresh_matter,2023,50N,50.0,2023-07-29,2023-08-01,3.0,10.56,2.0,1.31,0,,,1.0,12.09,1.47,-1.0,,,1.0,1.0,12.09,12.09,1.47,1.47,3.0,210,56,30.227272727272727,20.23272727272727,24.68928654883536,56.84502672334502,4.510263182866555,14.689286548835359,884.6740163340444,254.98968044213595,27.163227513227515,4.237344986846959,61.70348172928156,,,,,11.5155,20.0,14.648500000000002,20.0,,0.0,1.0,20.0
next_observation_fresh_matter,2023,50N,50.0,2023-08-01,2023-08-04,3.0,13.78,1.0,1.47,2,10.56,1.31,0.0,,,2.0,,,0.5,0.5,12.09,12.09,1.47,1.47,3.0,213,59,34.67999999999999,20.52777777777778,26.5830167963474,54.018276503067305,3.9061620316996817,16.5830167963474,931.1568910233875,268.109229814855,26.57825135260328,4.28611802310004,58.329489123127345,,,,,13.236500000000001,20.0,17.3815,20.0,5.13,1.0,1.0,20.0
next_observation_fresh_matter,2023,50N,50.0,2023-08-04,2023-08-07,3.0,37.65,3.0,5.27,1,13.78,1.47,2.0,10.56,1.31,-1.0,3.219999999999999,0.15999999999999992,1.0,1.0,10.56,11.325,1.31,1.3900000000000001,3.0,216,62,34.57272727272727,20.43333333333333,26.97401352877973,63.17105432227663,3.475463791849472,16.97401352877973,985.6481258214641,279.2091765983052,26.523342290893563,4.104251334147963,57.26542251067682,,,,,14.7715,20.0,20.0895,20.0,,0.0,1.05,20.0
next_observation_fresh_matter,2023,50N,50.0,2023-08-07,2023-08-11,4.0,58.04,6.0,7.28,3,37.65,5.27,1.0,13.78,1.47,2.0,23.869999999999997,3.8,1.5,1.0,12.17,12.17,1.3900000000000001,1.3900000000000001,3.0,219,65,31.87454545454545,19.95,24.979301657537917,60.432691779705735,4.899106901153108,14.979301657537917,1029.2567628894367,290.49533817496985,26.38326980891378,3.7560386274020767,62.90542206707096,,,,,18.863,20.0,25.217,20.0,,0.0,1.05,20.0
next_observation_fresh_matter,2023,50N,50.0,2023-08-11,2023-08-13,2.0,48.12,5.0,7.54,6,58.04,7.28,3.0,37.65,5.27,3.0,20.39,2.0100000000000007,2.0,2.0,25.715,20.66333333333333,3.37,2.6833333333333336,4.0,223,69,33.962962962962955,20.61090909090908,24.514478335446345,68.90690368271171,3.343136955686944,14.514478335446345,1087.5000709123467,306.9652116200746,24.55027787012611,3.965147860252771,61.1880536522087,,,,,23.465,20.0,29.276,20.0,8.392857142857142,7.0,1.05,20.0
next_observation_fresh_matter,2023,50N,50.0,2023-08-13,2023-08-17,4.0,88.5,12.0,14.03,5,48.12,7.54,6.0,58.04,7.28,-1.0,-9.920000000000002,0.2599999999999998,4.5,3.3333333333333335,47.845,36.49,6.275,4.673333333333333,2.0,225,71,25.55090909090909,19.965454545454552,21.613340708147927,73.70839800797143,2.86131125581652,11.613340708147927,1113.7821474336438,313.77506109281,24.214955171677893,4.025547116999036,60.809712409396575,,,,,19.435,18.0,24.23611111111111,18.0,9.346666666666668,9.0,1.3333333333333333,18.0
next_observation_fresh_matter,2023,50N,50.0,2023-08-17,2023-08-21,4.0,75.43,10.0,11.24,12,88.5,14.03,5.0,48.12,7.54,7.0,40.38,6.489999999999999,5.5,4.666666666666667,53.08,47.93666666666667,7.41,6.696666666666666,4.0,229,75,26.7,19.39444444444444,22.574224884889368,53.17313167220468,4.861059319052458,12.574224884889368,1167.1614341314355,331.17518343588154,23.453691650647876,3.936158395927695,63.92587464861401,,,,,10.77888888888889,18.0,13.110000000000001,18.0,8.106666666666667,3.0,1.8,15.0
next_observation_fresh_matter,2023,50N,50.0,2023-08-21,2023-08-24,3.0,15.72,2.0,1.6,10,75.43,11.24,12.0,88.5,14.03,-2.0,-13.069999999999993,-2.789999999999999,8.5,7.666666666666667,68.31,64.88666666666667,10.785,9.616666666666667,4.0,233,79,27.603773584905657,20.303636363636368,22.866665037025992,68.46202851594977,3.9835402271839926,12.866665037025992,1225.1806214655367,348.9655282375691,24.42161234357268,4.576111717294691,58.907368898902355,,,,,9.570769230769232,13.0,11.835384615384616,13.0,,0.0,2.0,15.0
next_observation_fresh_matter,2023,50N,50.0,2023-08-24,2023-08-27,3.0,45.12,7.0,4.38,2,15.72,1.6,10.0,75.43,11.24,-8.0,-59.71000000000001,-9.64,11.0,9.0,81.965,70.68333333333334,12.635000000000002,10.936666666666667,3.0,236,82,32.503773584905666,20.93703703703704,26.155105609002245,74.69704847214282,5.44174971973904,16.155105609002245,1282.9865430450964,363.31429209610434,26.546444130523007,4.591301237174674,65.14837812956821,,,,,10.764375,16.0,13.045625,16.0,4.33,1.0,2.0,17.0
next_observation_fresh_matter,2023,50N,50.0,2023-08-27,2023-08-31,4.0,52.75,7.0,6.6,7,45.12,4.38,2.0,15.72,1.6,5.0,29.4,2.78,6.0,8.0,45.575,59.88333333333335,6.42,8.956666666666667,3.0,239,85,27.934545454545454,17.258181818181818,22.34054228365139,57.3932730918703,6.162674213626056,12.340542283651391,1323.8563192319027,378.49847607342167,25.934623257627475,4.788069723290933,65.82372970777459,,,,,10.893333333333334,18.0,13.095555555555556,18.0,,0.0,2.0588235294117645,17.0
next_observation_fresh_matter,2023,50N,50.0,2023-08-31,2023-09-05,5.0,55.04,7.0,7.35,7,52.75,6.6,7.0,45.12,4.38,0.0,7.630000000000003,2.2199999999999998,4.5,6.333333333333333,30.419999999999998,45.42333333333334,2.99,5.739999999999999,4.0,243,89,30.544444444444448,18.685185185185187,24.0018051634356,48.09533934702311,4.393568974489519,14.001805163435598,1381.3641552811723,395.761864413108,24.053944605153738,4.635367473857669,56.829256699663645,,,,,14.688333333333333,18.0,16.79222222222222,18.0,7.449999999999999,2.0,2.0588235294117645,17.0
next_observation_fresh_matter,2023,50N,50.0,2023-09-05,2023-09-09,4.0,6.59,2.0,0.68,7,55.04,7.35,7.0,52.75,6.6,0.0,2.289999999999999,0.75,7.0,5.333333333333333,48.935,37.86333333333334,5.49,4.193333333333333,5.0,248,94,34.33272727272727,25.14074074074073,29.067613874595004,57.82067003090793,3.385455827463328,19.067613874595004,1476.48326999959,416.04963426156735,27.486511971855634,4.167216028373947,50.32375259419236,,,,,16.586111111111112,18.0,19.215,18.0,5.998333333333334,6.0,2.066666666666667,15.0
next_observation_fresh_matter,2023,50N,50.0,2023-09-09,2023-09-13,4.0,32.74,4.0,4.03,2,6.59,0.68,7.0,55.04,7.35,-5.0,-48.45,-6.67,7.0,7.0,53.894999999999996,50.970000000000006,6.975,6.109999999999999,4.0,252,98,26.2,18.78727272727272,21.35342995169082,64.2489119248266,3.632461188708317,11.35342995169082,1520.1681962652544,427.70455119724187,24.922155091285525,3.432326723511422,57.33147632424089,,,,,14.293333333333333,15.0,17.354,15.0,5.165,2.0,2.2,10.0
next_observation_fresh_matter,2023,50N,50.0,2023-09-13,2023-09-17,4.0,10.33,2.0,1.26,4,32.74,4.03,2.0,6.59,0.68,2.0,26.150000000000002,3.35,4.5,5.333333333333333,30.814999999999998,38.12666666666667,4.015,4.876666666666666,4.0,256,102,22.62909090909091,16.341509433962262,19.52144132050613,52.75605660101148,4.435010399026968,9.521441320506131,1560.640495605388,445.30949571429244,20.481714563502916,3.9540065244801554,59.30294348619204,,,,,13.867333333333333,15.0,17.314,15.0,7.242,4.0,2.25,8.0
next_observation_fresh_matter,2023,50N,50.0,2023-09-17,2023-09-21,4.0,24.47,3.0,3.11,2,10.33,1.26,4.0,32.74,4.03,-2.0,-22.410000000000004,-2.7700000000000005,3.0,4.333333333333333,19.665000000000003,31.456666666666667,2.355,4.02,4.0,260,106,26.06363636363637,16.62181818181818,20.37899235726143,58.356396588250576,3.792986000534167,10.378992357261431,1604.8123824807037,458.79483406586934,20.54964802128871,3.753083618659158,57.86844287241333,,,,,11.185714285714285,14.0,13.814285714285713,14.0,10.434999999999999,2.0,2.5,4.0
next_observation_fresh_matter,2023,50N,50.0,2023-09-21,2023-09-24,3.0,25.09,3.0,3.02,3,24.47,3.11,2.0,10.33,1.26,1.0,14.139999999999999,1.8499999999999999,3.0,2.6666666666666665,21.535000000000004,16.553333333333338,2.645,1.99,4.0,264,110,30.961818181818188,20.32363636363636,24.51303342420652,55.96020864924884,3.344493597978389,14.513033424206519,1659.3295142026261,473.33545643706907,22.24072842570792,3.4421586482632196,58.22411301972418,,,,,10.562142857142858,14.0,13.342142857142857,14.0,,0.0,2.5,2.0
next_observation_fresh_matter,2023,50N,50.0,2023-09-24,2023-09-28,4.0,13.57,2.0,1.46,3,25.09,3.02,3.0,24.47,3.11,0.0,0.620000000000001,-0.08999999999999986,2.5,3.0,17.4,22.513333333333335,2.185,2.8000000000000003,3.0,267,113,25.86296296296296,18.85454545454545,21.212384689111516,74.37072751026811,4.259010937218802,11.212384689111516,1694.2284978868847,482.77382956582545,22.77373077231158,3.4255707857080124,62.393151756638225,,,,,11.981333333333334,15.0,14.817333333333332,15.0,,0.0,2.5,2.0
