year,date,day_of_year,days_since_weather_start,tmax_c,tmin_c,tmean_c,rhmax_pct,rhmin_pct,rhmean_pct,solar_radiation,gdd_base_10,cumulative_gdd_base_10,cumulative_solar_radiation,tmean_7d,solar_radiation_7d,rhmean_7d
2022,2022-05-24,144,0,24.45,17.98,20.913913043478257,36.3,23.4,30.278260869565216,6.865235853018029,10.913913043478257,10.913913043478257,6.865235853018029,20.913913043478257,6.865235853018029,30.278260869565216
2022,2022-05-25,145,1,20.53,18.0,19.58043478260869,58.6,35.1,50.03478260869565,0.4914217971711623,9.580434782608691,20.494347826086948,7.356657650189192,20.247173913043476,3.678328825094596,40.15652173913043
2022,2022-05-26,146,2,21.35,17.92,19.57478260869565,54.3,41.5,47.10869565217392,2.4766680623601367,9.57478260869565,30.069130434782597,9.833325712549328,20.023043478260863,3.2777752375164426,42.47391304347826
2022,2022-05-27,147,3,28.39,17.99,22.49826086956521,54.4,29.6,43.00869565217391,7.807738852070183,12.498260869565211,42.56739130434781,17.641064564619512,20.641847826086952,4.410266141154878,42.607608695652175
2022,2022-05-28,148,4,33.2,18.87,25.35347826086956,60.3,33.9,47.0391304347826,5.618344725867318,15.353478260869561,57.92086956521737,23.25940929048683,21.584173913043475,4.651881858097366,43.49391304347826
2022,2022-05-29,149,5,28.24,19.65,24.241739130434784,77.5,51.2,60.77826086956521,3.573198788883849,14.241739130434784,72.16260869565215,26.83260807937068,22.02710144927536,4.47210134656178,46.37463768115941
2022,2022-05-30,150,6,32.52,19.79,24.902608695652173,79.9,37.4,61.46521739130434,3.305483929230903,14.902608695652173,87.06521739130433,30.138092008601582,22.437888198757758,4.305441715514512,48.53043478260869
2022,2022-05-31,151,7,24.18,18.58,20.97347826086957,75.5,42.8,53.765217391304354,3.823799456595512,10.97347826086957,98.0386956521739,33.96189146519709,22.446397515527945,3.870950801739866,51.885714285714286
2022,2022-06-01,152,8,24.7,18.07,20.68478260869565,55.4,29.8,41.917391304347824,6.609745416180285,10.684782608695649,108.72347826086954,40.57163688137737,22.60416149068323,4.744997033026884,50.72608695652174
2022,2022-06-02,153,9,28.51,18.01,22.554782608695657,41.7,20.7,31.69130434782608,7.4018880146054435,12.554782608695657,121.2782608695652,47.97352489598282,23.029875776397514,5.448599883347642,48.52360248447205
2022,2022-06-03,154,10,25.14,18.06,21.04913043478261,38.8,20.2,28.78260869565218,8.484971876032432,11.049130434782612,132.32739130434783,56.45849677201525,22.822857142857142,5.545347458199392,46.49130434782609
2022,2022-06-04,155,11,25.26,18.05,21.15652173913044,52.3,33.0,40.83043478260869,6.18678038677426,11.15652173913044,143.48391304347825,62.64527715878951,22.22329192546584,5.62655255261467,45.60434782608696
2022,2022-06-05,156,12,25.9,18.32,20.82826086956522,65.5,43.9,57.9,4.329890561144917,10.82826086956522,154.31217391304347,66.97516771993443,21.735652173913046,5.734651377223393,45.193167701863345
2022,2022-06-06,157,13,28.82,18.16,22.27913043478261,75.8,32.7,54.07391304347825,6.609745416180285,12.279130434782608,166.59130434782608,73.58491313611472,21.360869565217392,6.206688732501876,44.13726708074534
2022,2022-06-07,158,14,24.28,18.47,20.82043478260869,50.9,31.8,42.48695652173912,3.560974366068646,10.82043478260869,177.41173913043477,77.14588750218337,21.339006211180127,6.169142290998038,42.52608695652173
2022,2022-06-08,159,15,29.87,18.1,23.32565217391305,54.6,21.5,38.90869565217392,7.340765900529427,13.32565217391305,190.73739130434782,84.4866534027128,21.716273291925464,6.273573788762201,42.09627329192546
2022,2022-06-09,160,16,30.12,18.19,23.866956521739127,44.5,21.9,32.31739130434783,7.339543458247907,13.866956521739127,204.60434782608695,91.8261968609607,21.903726708074533,6.264667423568268,42.18571428571429
2022,2022-06-10,161,17,31.08,18.86,23.71521739130435,53.1,22.7,38.43043478260871,5.02790510389301,13.71521739130435,218.3195652173913,96.85410196485371,22.284596273291925,5.770800741834065,43.5639751552795
2022,2022-06-11,162,18,28.74,19.59,23.253913043478256,74.5,42.6,56.88260869565217,4.54015063356641,13.253913043478256,231.57347826086956,101.39425259842012,22.584223602484474,5.535567919947228,45.857142857142854
2022,2022-06-12,163,19,28.19,19.32,22.783478260869565,69.5,50.8,62.62608695652173,4.464359212112152,12.783478260869565,244.35695652173914,105.85861181053228,22.863540372670805,5.554777727228262,46.53229813664596
2022,2022-06-13,164,20,30.29,20.18,22.95695652173913,87.0,54.0,76.34347826086959,2.640475328083857,12.95695652173913,257.31391304347824,108.49908713861613,22.960372670807455,4.987739143214486,49.7136645962733
2022,2022-06-14,165,21,37.35,22.0,29.33434782608696,88.7,34.4,60.95652173913044,6.1892252713373015,19.33434782608696,276.6482608695652,114.68831240995344,24.17664596273292,5.363203558252867,52.35217391304349
2022,2022-06-15,166,22,27.15,20.07,23.401739130434784,75.8,48.8,58.13913043478261,2.4791129469231774,13.401739130434784,290.05,117.16742535687662,24.187515527950314,4.668681707737688,55.09937888198758
2022,2022-06-16,167,23,29.46,19.51,23.831304347826087,66.6,34.6,47.81739130434784,6.22712098206443,13.831304347826087,303.8813043478261,123.39454633894105,24.18242236024845,4.509764211140048,57.31366459627329
2022,2022-06-17,168,24,31.84,19.3,25.014347826086954,63.7,27.9,44.80869565217392,8.23192632375773,15.014347826086954,318.89565217391305,131.62647266269877,24.36801242236025,4.967481528263581,58.2248447204969
2022,2022-06-18,169,25,30.84,19.09,24.743043478260866,55.4,30.9,43.31739130434782,7.976435886919986,14.743043478260866,333.6386956521739,139.60290854961875,24.580745341614907,5.458379421599804,56.286956521739135
2022,2022-06-19,170,26,37.54,21.11,28.881739130434788,49.2,35.2,42.56521739130435,7.806516409788665,18.881739130434788,352.5204347826087,147.4094249594074,25.45192546583851,5.935830449839307,53.42111801242236
2022,2022-06-20,171,27,40.7,25.8,32.751304347826085,72.2,32.5,51.126086956521725,7.577919703144366,22.751304347826085,375.27173913043475,154.98734466255178,26.851118012422358,6.641179646276521,49.81863354037267
2022,2022-06-21,172,28,34.21,22.89,28.44260869565217,83.4,26.0,52.68695652173913,7.5241322427574735,18.44260869565217,393.7143478260869,162.51147690530925,26.723726708074533,6.831880642193689,48.63726708074534
2022,2022-06-22,173,29,31.25,20.01,25.80434782608696,62.2,33.8,46.16956521739131,7.571807491736766,15.80434782608696,409.51869565217385,170.08328439704601,27.066956521739126,7.559408434309916,46.92732919254659
2022,2022-06-23,174,30,37.31,20.49,28.795217391304345,62.1,23.3,41.52173913043478,7.493571185719467,18.795217391304345,428.3139130434782,177.5768555827655,27.776086956521738,7.7403298919749215,46.02795031055901
2022,2022-06-24,175,31,35.01,20.85,28.52391304347826,70.4,38.3,50.53478260869565,6.423934189389199,18.52391304347826,446.83782608695645,184.0007897721547,28.277453416149065,7.482045301350845,46.845962732919254
2022,2022-06-25,176,32,29.07,20.65,25.116521739130437,82.4,40.1,61.07391304347826,4.534038422158809,15.116521739130437,461.9543478260869,188.5348281943135,28.330807453416153,6.990274234956392,49.382608695652166
2022,2022-06-26,177,33,25.24,19.12,21.66869565217392,54.2,33.4,42.743478260869566,6.921468197967963,11.66869565217392,473.62304347826085,195.45629639228144,27.300372670807455,6.863838776124863,49.408074534161486
2022,2022-06-27,178,34,31.05,18.17,24.163478260869564,57.9,27.5,41.06521739130435,7.606035875619334,14.163478260869564,487.7865217391304,203.06233226790079,26.07354037267081,6.867855372192716,47.97080745341615
2022,2022-06-28,179,35,31.55,19.89,24.981739130434782,66.0,32.4,47.18260869565218,6.672089972537821,14.981739130434782,502.7682608695652,209.73442224043862,25.579130434782606,6.746135047875623,47.18447204968944
2022,2022-06-29,180,36,34.42,18.55,26.0008695652174,63.8,31.5,46.68695652173914,7.280866228734933,16.0008695652174,518.7691304347826,217.01528846917356,25.607204968944103,6.704572010303932,47.2583850931677
2022,2022-06-30,181,37,35.2,22.29,28.554782608695657,71.5,34.1,46.15652173913043,5.952071468722362,18.554782608695657,537.3239130434782,222.9673599378959,25.572857142857146,6.484357765018631,47.920496894409936
2022,2022-07-01,182,38,31.23,19.68,24.96,60.8,26.0,42.869565217391305,7.547358646106359,14.96,552.2839130434783,230.51471858400225,25.06372670807454,6.6448469731210835,46.82546583850932
2022,2022-07-02,183,39,20.92,20.2,20.745217391304347,52.8,48.8,50.317391304347815,0.0,10.745217391304347,563.0291304347826,230.51471858400225,24.439254658385096,5.997127198526968,45.288819875776404
2022,2022-07-03,184,40,29.68,19.61,24.233478260869564,80.2,39.4,59.91304347826086,3.719891862666285,14.233478260869564,577.2626086956521,234.23461044666854,24.805652173913046,5.539759150626727,47.7416149068323
2022,2022-07-04,185,41,30.46,21.46,25.358695652173907,85.2,54.4,65.86086956521739,3.9484885693105833,15.358695652173907,592.621304347826,238.1830990159791,24.976397515527953,5.017252392582621,51.283850931677016
2022,2022-07-05,186,42,34.85,21.84,25.98086956521739,93.8,44.0,76.20434782608694,4.675841726815164,15.98086956521739,608.6021739130434,242.85894074279426,25.11913043478261,4.732074071765098,55.429813664596274
2022,2022-07-06,187,43,28.75,19.66,23.971304347826088,80.0,51.5,67.49130434782609,4.273658216194984,13.971304347826088,622.5734782608695,247.13259895898923,24.829192546583847,4.302472927116534,58.40186335403727
2022,2022-07-07,188,44,34.05,21.22,26.6295652173913,87.7,45.4,68.29565217391306,4.780971763025911,16.6295652173913,639.2030434782607,251.91357072201515,24.554161490683224,4.135172969159898,61.56459627329192
2022,2022-07-08,189,45,31.81,22.03,25.579565217391306,88.0,47.5,70.00000000000001,4.82375724287912,15.579565217391306,654.782608695652,256.7373279648943,24.642670807453413,3.7460870544131497,65.44037267080746
2022,2022-07-09,190,46,32.14,19.74,25.78739130434783,83.9,37.8,57.86086956521739,7.11094675160361,15.787391304347828,670.5699999999998,263.8482747164979,25.362981366459625,4.761936590356522,66.51801242236024
2022,2022-07-10,191,47,28.76,21.55,25.26391304347826,73.3,55.7,63.21739130434783,3.1734601628267107,15.263913043478261,685.8339130434781,267.0217348793246,25.510186335403723,4.683874918950869,66.99006211180124
2022,2022-07-11,192,48,32.68,21.93,26.281304347826083,89.3,33.2,62.70869565217391,5.920287969402834,16.281304347826083,702.1152173913042,272.9420228487274,25.64198757763975,4.965560547535476,66.53975155279504
2022,2022-07-12,193,49,33.3,19.7,25.045217391304345,72.5,28.8,53.27826086956521,6.272351346480682,15.045217391304345,717.1604347826086,279.21437419520805,25.508322981366458,5.193633350344835,63.26459627329193
2022,2022-07-13,194,50,29.18,19.35,23.23130434782608,79.2,42.6,62.77826086956523,7.8810853889614,13.231304347826079,730.3917391304346,287.0954595841695,25.402608695652173,5.708980089311466,62.59130434782609
2022,2022-07-14,195,51,33.04,19.0,25.249565217391304,73.3,37.0,58.04347826086958,6.931247736220125,15.249565217391304,745.6413043478259,294.0267073203896,25.20546583850932,6.016162371196354,61.12670807453417
2022,2022-07-15,196,52,34.62,21.35,27.366086956521738,77.9,39.6,59.07826086956523,6.788221989282251,17.366086956521738,763.0073913043476,300.81492930967187,25.460683229813664,6.296800192111087,59.5664596273292
2022,2022-07-16,197,53,33.03,22.2,27.101304347826083,83.7,39.0,61.286956521739135,5.338405443399169,17.101304347826083,780.1086956521737,306.153334753071,25.648385093167697,6.043580005224739,60.05590062111802
2022,2022-07-17,198,54,31.39,22.44,27.004347826086956,77.7,42.4,60.50869565217391,4.620831824146751,17.004347826086956,797.1130434782606,310.7741665772178,25.89701863354037,6.250347385413315,59.66894409937888
2022,2022-07-18,199,55,38.61,22.61,29.92695652173913,77.2,32.7,56.22173913043479,7.310204843491419,19.92695652173913,817.0399999999997,318.0843714207092,26.41782608695652,6.448906938854542,58.74223602484472
2022,2022-07-19,200,56,35.46,25.05,28.978695652173908,68.4,33.9,51.443478260869554,4.961893220690915,18.978695652173908,836.0186956521736,323.0462646414001,26.97975155279503,6.26169863517029,58.48012422360249
2022,2022-07-20,201,57,33.48,22.3,27.2795652173913,69.3,28.8,48.83043478260869,6.43249128535984,17.2795652173913,853.298260869565,329.47875592675996,27.558074534161488,6.054756620370067,56.487577639751564
2022,2022-07-21,202,58,32.47,22.87,27.316956521739133,70.2,27.2,45.5695652173913,7.661045778287748,17.316956521739133,870.6152173913041,337.1398017050477,27.85341614906832,6.1590134835225845,54.7055900621118
2022,2022-07-22,203,59,36.34,22.82,28.78782608695652,57.6,31.5,44.80434782608697,6.199004809589463,18.78782608695652,889.4030434782607,343.33880651463716,28.05652173913043,6.074839600709329,52.66645962732919
2022,2022-07-23,204,60,26.26,21.21,23.675652173913043,80.0,59.7,70.67826086956521,1.6209584652959237,13.675652173913043,903.0786956521737,344.9597649799331,27.56714285714286,5.54377574669458,54.00807453416149
2022,2022-07-24,205,61,28.33,19.58,23.484782608695657,86.4,36.3,58.44782608695652,6.696538818168228,13.484782608695657,916.5634782608694,351.6563037981013,27.064347826086955,5.840305317269077,53.71366459627329
2022,2022-07-25,206,62,29.36,18.51,23.01913043478261,65.8,29.6,48.38695652173912,6.6720899725378215,13.01913043478261,929.582608695652,358.32839377063914,26.07751552795031,5.749146049989991,52.594409937888194
2022,2022-07-26,207,63,26.35,19.63,22.2,76.6,50.6,68.33913043478263,2.164945280572459,12.2,941.782608695652,360.4933390512116,25.109130434782607,5.349582058544497,55.008074534161494
2022,2022-07-27,208,64,31.24,19.13,24.44565217391304,82.7,31.9,55.991304347826095,6.718542779235594,14.44565217391304,956.228260869565,367.21188183044717,24.70428571428571,5.3904465576696055,56.03105590062112
2022,2022-07-28,209,65,26.08,18.97,22.18478260869565,65.4,38.8,50.76086956521738,5.556000169509783,12.184782608695649,968.4130434782606,372.76788199995696,23.97111801242236,5.08972575641561,56.772670807453416
2022,2022-07-29,210,66,27.88,18.7,22.81434782608696,69.7,36.9,53.41304347826087,5.395860230630623,12.814347826086959,981.2273913043476,378.16374223058756,23.117763975155277,4.974990816564348,58.00248447204969
2022,2022-07-30,211,67,34.78,19.33,25.88,71.0,29.8,51.47391304347826,6.930025293938606,15.879999999999999,997.1073913043476,385.0937675245262,23.432670807453412,5.733428934941872,55.25900621118013
2022,2022-07-31,212,68,31.73,19.89,25.391739130434782,73.4,44.0,59.10434782608697,4.6721743999706025,15.391739130434782,1012.4991304347824,389.7659419244968,23.705093167701865,5.444234018056498,55.352795031055905
2022,2022-08-01,213,69,32.5,19.71,25.25434782608696,76.0,30.4,55.269565217391296,6.728322317487755,15.25434782608696,1027.7534782608693,396.4942642419846,24.024409937888198,5.452267210192203,56.336024844720505
2022,2022-08-02,214,70,36.68,19.83,27.59608695652174,71.8,44.3,58.36521739130435,6.053534178088547,17.59608695652174,1045.349565217391,402.54779842007315,24.795279503105593,6.0077799098373585,54.911180124223606
2022,2022-08-03,215,71,34.73,22.51,27.31217391304348,72.4,27.9,53.55217391304347,6.698983702731268,17.31217391304348,1062.6617391304346,409.2467821228044,25.204782608695655,6.004985756051027,54.56273291925466
2022,2022-08-04,216,72,32.75,19.32,25.065652173913048,66.8,31.1,50.58695652173914,6.9288028516570845,15.065652173913048,1077.7273913043477,416.1755849744615,25.616335403726712,6.201100424929213,54.53788819875776
2022,2022-08-05,217,73,36.09,20.92,27.381304347826084,70.3,33.5,53.90434782608696,6.744214067147518,17.381304347826084,1095.1086956521738,422.91979904160905,26.268757763975156,6.393722401574483,54.608074534161496
2022,2022-08-06,218,74,28.12,21.31,24.028695652173912,90.0,64.4,78.61304347826088,0.980398709779284,14.028695652173912,1109.1373913043476,423.90019775138836,26.004285714285718,5.54377574669458,58.48509316770186
2022,2022-08-07,219,75,26.696296296296296,19.89818181818181,21.86781815972136,85.59272727272727,59.65925925925926,75.22633618106138,3.557942696648353,11.86781815972136,1121.005209464069,427.4581404480367,25.500868432755226,5.384599789077116,60.788234361269645
2022,2022-08-08,220,76,27.43636363636364,18.3377358490566,21.92835011310811,82.01636363636361,39.91636363636364,62.26521266810849,5.513617898250544,11.92835011310811,1132.933559577177,432.9717583462873,25.025725902329675,5.211070586328942,61.78761256851495
2022,2022-08-09,221,77,31.459259259259262,19.3,24.82053615178308,75.93636363636364,35.06226415094339,56.34241957447045,4.582218052902368,14.820536151783081,1147.75409572896,437.55397639918965,24.62921864450987,5.000882568445202,61.49864145182439
2022,2022-08-10,222,78,32.03636363636364,20.15925925925925,25.57674000355468,79.49090909090908,35.50185185185185,57.54562499962627,4.289470573511328,15.57674000355468,1163.3308357325147,441.843446972701,24.3812995145829,4.656666407128069,62.06913446419337
2022,2022-08-11,223,79,30.81636363636364,20.12962962962964,24.80101872858605,66.44259259259259,32.68000000000001,49.88093308215343,4.67147910573032,14.801018728586051,1178.1318544611008,446.5149260784313,24.343494736679038,4.334191586281388,61.96827397282398
2022,2022-08-12,224,80,24.045283018867924,19.31111111111111,21.371025020036026,80.98181818181818,51.80181818181817,65.67866296777969,2.7323161799344318,11.371025020036026,1189.502879481137,449.24724225836576,23.4848834041376,3.761063316679518,63.6503189930658
2022,2022-08-13,225,81,23.37272727272728,19.879245283018868,20.871273412274235,78.85555555555555,62.17999999999999,70.30558593868683,3.285756106668824,10.871273412274235,1200.374152893411,452.5329983650346,23.033823084151937,4.090400087663738,62.46353934455522
2022,2022-08-14,226,82,26.072727272727263,18.711320754716983,21.34487373046848,76.36603773584906,52.51999999999999,68.5515856127587,4.837506308857954,11.344873730468478,1211.7190266238795,457.3705046738925,22.95911673711581,4.273194889407967,61.51000354908341
2022,2022-08-15,227,83,26.16363636363636,18.74909090909092,22.224379424543493,79.10363636363635,53.07272727272727,68.34626455973464,3.6243597521793687,12.224379424543493,1223.943406048423,460.9948644260719,23.001406638749437,4.003300868540657,62.37872524788715
2022,2022-08-16,228,84,29.721818181818183,20.08333333333333,23.65550788166046,84.0777777777778,41.31454545454546,64.77202451090065,4.700710084021808,13.655507881660458,1237.5989139300834,465.6955745100937,22.834974028731917,4.02022830155772,63.58295452452003
2022,2022-08-17,229,85,30.37818181818182,20.07818181818182,23.92646638658944,86.80925925925928,43.67222222222221,62.73223625370467,3.613558110538514,13.92646638658944,1251.525380316673,469.3091326206322,22.599220654879737,3.9236693782758887,64.32389898938837
2022,2022-08-18,230,86,29.047272727272727,20.176363636363632,23.12461569482078,87.86111111111113,46.37636363636364,72.10758343622167,4.714841769888843,13.124615694820779,1264.6499960114936,474.02397439052106,22.35973450719899,3.929864044584249,67.49913475425527
2022,2022-08-19,231,87,25.83333333333333,19.752727272727267,21.613170037813187,81.39636363636365,59.24074074074074,74.71119466472216,3.7079574405840794,11.613170037813187,1276.2631660493068,477.73193183110516,22.394326652595726,4.0692413675341985,68.78949642524705
2022,2022-08-20,232,88,25.15925925925926,18.92727272727273,21.49571507230655,88.81481481481481,63.27592592592592,77.74154985627504,2.0760673051647944,11.495715072306549,1287.7588811216133,479.8079991362699,22.483532604028913,3.8964286816050513,69.8517769849025
2022,2022-08-21,233,89,28.11111111111111,18.89433962264151,23.022349914236703,81.46545454545455,42.23148148148148,63.55466234673782,2.211719067375261,13.022349914236703,1300.78123103585,482.0197182036452,22.723172058852946,3.521316218536096,69.13793080404238
2022,2022-08-22,234,90,29.92962962962964,18.8,23.96182260118273,78.46415094339623,35.36481481481481,56.922250450913296,4.218211517964024,13.961822601182732,1314.7430536370327,486.23792972160925,22.971378226944264,3.6061521850767604,67.50592878849646
2022,2022-08-23,235,91,31.64999999999999,19.133333333333333,24.83940496018429,75.32777777777778,36.33636363636363,56.871924080841225,4.018608282146052,14.83940496018429,1329.582458597217,490.2565380037553,23.140506381019094,3.508709070523081,66.3773430127737
2022,2022-08-24,236,92,31.85925925925926,21.37777777777778,24.718787064954007,85.62777777777777,46.614814814814814,65.89292805195593,4.45278464207593,14.718787064954007,1344.3012456621711,494.7093226458312,23.253695049356896,3.628598575028426,66.82887041252387
2022,2022-08-25,237,93,28.183018867924527,19.827272727272728,22.555445154304877,87.95471698113207,47.91132075471698,69.86829183273811,4.658348920419588,12.555445154304877,1356.856690816476,499.3676715662508,23.172384972140332,3.6205281679613894,66.50897161202623
2022,2022-08-26,238,94,29.844444444444434,19.026415094339622,23.74293184381251,73.27358490566037,36.08888888888889,56.57962808610155,3.547179727796498,13.74293184381251,1370.5996226602886,502.9148512940473,23.476636658711666,3.59755992327745,63.91874781508043
2022,2022-08-27,239,95,25.87090909090909,20.043396226415098,22.57422709457164,91.62222222222223,65.97636363636363,79.49094381054186,2.2203773081033686,12.57422709457164,1383.1738497548602,505.1352286021507,23.630709804749536,3.61817563798296,64.16866123711854
2022,2022-08-28,240,96,27.45,20.33333333333333,23.19325472388639,92.34363636363636,71.1962962962963,84.08934148706093,2.0566302000366394,13.19325472388639,1396.3671044787466,507.1918588021873,23.655124777556633,3.5960200855060136,67.10218682859328
2022,2022-08-29,241,97,28.609090909090902,20.04339622641509,23.79685987576061,88.79629629629632,36.50727272727273,61.758734818792256,4.1637167501792325,13.79685987576061,1410.1639643545072,511.35557555236653,23.631558673924904,3.5882351186796155,67.79311316686169
2022,2022-08-30,242,98,29.07818181818181,18.98703703703704,23.48486997400861,68.21818181818183,34.485454545454544,51.38737528415133,4.527398603451437,13.48486997400861,1423.648834328516,515.8829741558179,23.438053675899805,3.6609194502946707,67.009606195906
2022,2022-08-31,243,99,34.27407407407407,19.248148148148143,26.265429189350435,76.42452830188678,30.0,53.16994238253467,4.592461327618627,16.265429189350435,1439.9142635178664,520.4754354834365,23.65900255081358,3.680873262515056,65.1920368145601
2022,2022-09-01,244,100,34.56363636363637,20.505454545454537,27.219831951538268,84.04727272727276,36.39090909090909,60.62722244000342,4.517439554497448,17.219831951538268,1457.1340954694047,524.9928750379339,24.32534352184692,3.6607433530976072,63.87188404416943
2022,2022-09-02,245,101,33.56545454545455,22.22181818181817,27.010519640282222,72.5037037037037,45.11090909090908,56.67716929858197,3.710969867618594,17.010519640282222,1474.1446151096868,528.7038449055525,24.79214177848545,3.6841419445007633,63.88581850309521
2022,2022-09-03,246,102,26.672727272727265,18.86666666666666,21.94352601762774,65.40925925925927,38.39636363636363,52.66049565935538,4.658306087679176,11.94352601762774,1486.0881411273147,533.3621509932317,24.702041624636326,4.032417484440165,60.052897338639994
2022,2022-09-04,247,103,26.690740740740736,18.45185185185185,21.568057302585604,63.09814814814815,40.674545454545445,52.41624787663344,4.736946757059708,11.568057302585604,1497.6561984299003,538.0990977502914,24.4698705644505,4.415319849729174,55.52816968000749
2022,2022-09-05,248,104,28.21851851851852,18.405660377358487,22.01157674640857,73.21698113207547,42.23333333333334,59.68620824045762,5.77090396407838,12.011576746408569,1509.6677751763089,543.8700017143698,24.214830117400204,4.6449180231433385,55.23209445453112
2022,2022-09-06,249,105,29.892592592592592,19.401818181818182,24.11200887739854,74.67999999999999,47.89629629629629,63.22805511657851,5.693127228337097,14.11200887739854,1523.7797840537073,549.5631289427068,24.304421389313056,4.811450683841289,56.92362014487786
2022,2022-09-07,250,106,33.25454545454545,20.973076923076924,26.247283454855232,85.18,41.04074074074074,66.29078418118205,3.523727760751754,16.247283454855232,1540.0270675085626,553.0868567034586,24.301829141528025,4.6587744600031655,58.7980261161132
2022,2022-09-08,251,107,32.30185185185186,20.78703703703704,26.16697798327823,79.10925925925925,40.34814814814815,61.09922354526948,3.247452006230664,16.16697798327823,1556.1940454918408,556.3343087096893,24.151421431776587,4.477347667393625,58.86545484543692
2022,2022-09-09,252,108,24.48518518518518,18.74150943396226,20.975001659386404,84.96727272727274,64.5259259259259,73.3875283003995,1.3013056358307786,10.975001659386404,1567.1690471512272,557.63561434552,23.289204577362902,4.133109919995365,61.2526489885537
2022,2022-09-10,253,109,29.3,18.47777777777778,21.964969023016604,84.3218181818182,32.885185185185186,62.46747322831818,4.875559511088264,11.964969023016604,1579.134016174244,562.5111738566083,23.292267863847027,4.1641461233395205,62.653645784119824
2022,2022-09-11,254,110,29.749090909090903,18.26666666666667,22.310864041011705,65.03333333333333,30.01090909090909,52.37167957949747,3.3906335350584014,12.310864041011705,1591.4448802152556,565.9018073916667,23.398383112193613,3.97181566305362,62.647278884528966
2022,2022-09-12,255,111,32.729090909090914,18.22181818181819,23.281083959640156,64.82407407407408,24.83454545454545,48.29836168631902,7.22365028629896,13.281083959640156,1604.7259641748958,573.1254576779656,23.57974128551241,4.1793508519422735,61.02044366250917
2022,2022-09-13,256,112,36.96909090909091,18.3188679245283,24.96908806412498,79.74814814814816,25.11090909090909,55.8540571976257,6.642826961728851,14.969088064124978,1619.6950522390207,579.7682846396945,23.702181169330476,4.31502224242681,59.967015388373056
2022,2022-09-14,257,113,32.88727272727272,18.40384615384616,24.05212170679562,73.49090909090908,32.82222222222222,57.26536201720983,5.719163190141154,14.05212170679562,1633.7471739458163,585.4874478298356,23.38858663389339,4.628655875196725,58.67766936494845
2022,2022-09-15,258,114,34.15185185185185,19.47222222222221,25.87492496747624,71.39818181818181,33.69444444444444,52.44659010117584,5.185820292075068,15.87492496747624,1649.6220989132926,590.6732681219106,23.346864774493103,4.905565630317354,57.441578872935075
2022,2022-09-16,259,115,31.369090909090904,20.46481481481481,23.35769538424994,84.88888888888889,44.30727272727273,69.9474714881934,3.66111418200453,13.35769538424994,1662.9797942975424,594.3343823039152,23.687249592330748,5.242681136913604,56.95014218547707
2022,2022-09-17,260,116,33.851851851851855,20.18703703703704,25.374316918156136,86.53090909090909,38.81111111111112,66.90744588350005,4.576086155459388,15.374316918156136,1678.3541112156986,598.9104684593746,24.174299291636398,5.199899228966622,57.58442399336018
2022,2022-09-18,261,117,25.44259259259259,19.59818181818181,22.28862638925805,78.27272727272727,60.1290909090909,71.61797279923611,1.745832301643491,12.288626389258049,1690.6427376049567,600.6563007610181,24.171122484243018,4.964927624193062,60.333894453322856
2022,2022-09-19,262,118,34.00188679245283,18.48867924528302,24.67116367392824,76.87090909090908,29.52181818181818,55.433411252254565,6.993708618496469,14.671163673928241,1705.313901278885,607.6500093795146,24.369705300569887,4.932078814506993,61.3531872484565
2022,2022-09-20,263,119,38.98518518518518,20.53018867924528,27.27724438809755,84.24905660377358,40.01666666666666,65.08779517902568,6.4852667201201175,17.27724438809755,1722.5911456669826,614.1352760996347,24.699441918280257,4.909570208562888,62.67229267437079
2022,2022-09-21,264,120,27.290740740740738,18.567924528301887,21.51457053443928,64.22037037037038,33.78727272727273,49.7239748317189,5.612102655633327,11.51457053443928,1734.105716201422,619.747378755268,24.33693460794363,4.89427584649034,61.59495164787207
2022,2022-09-22,265,121,28.07818181818182,18.427777777777777,21.01779310744857,58.164814814814825,26.54,45.039081849393575,6.628031593975008,11.017793107448568,1745.1235093088706,626.375410349243,23.643058627939677,5.100306032476047,60.536736183331755
2022,2022-09-23,266,122,20.32962962962964,18.3090909090909,19.012343589021192,83.45636363636365,47.83518518518518,58.966593664288496,1.1468640174871636,9.012343589021192,1754.1358528978917,627.5222743667301,23.022294085764145,4.7411274375449945,58.96803935134534
2022,2022-09-24,267,123,27.58,18.349090909090904,20.154010324740437,74.29818181818183,46.77777777777777,67.75506260306096,3.126298214390497,10.154010324740437,1764.2898632226322,630.6485725811207,22.276536000990472,4.534014874535154,59.089127454139756
2022,2022-09-25,268,124,27.20740740740741,18.265454545454546,20.91593603522233,69.78545454545456,27.98545454545454,51.53417049908437,5.882466961573041,10.91593603522233,1775.2057992578546,636.5310395426937,22.080437378985373,5.124962683096518,56.220012839832364
2022,2022-09-26,269,125,24.322222222222216,18.26727272727273,19.951913115292932,50.18181818181818,25.321818181818184,39.08904301422759,4.753099156840731,9.951913115292932,1785.1577123731474,641.2841386995344,21.406258727751755,4.804875617145698,53.885103091542796
2022,2022-09-27,270,126,24.381481481481472,17.9037037037037,19.608652356211824,76.91851851851851,23.38181818181818,45.72300055320974,2.855389745144804,9.608652356211824,1794.7663647293593,644.1395284446792,20.310745580339507,4.286321763577797,51.11870385928338
2022,2022-09-28,271,127,26.94909090909091,18.346296296296288,20.759095549423684,53.59272727272728,25.41090909090909,40.09272263239449,2.0644387859596027,10.759095549423684,1805.525460278783,646.2039672306388,20.20282058248014,3.779512639338692,49.74281068795132
2022,2022-09-29,272,128,26.861818181818183,18.375925925925923,21.040447957839262,46.6462962962963,21.60909090909091,36.15891816717904,2.20681361890332,11.040447957839262,1816.5659082366221,648.4107808495421,20.20605698967881,3.147910071471309,48.47421587620638
2022,2022-09-30,273,129,28.661818181818187,18.37090909090909,22.750923785296223,50.596296296296295,26.51851851851852,39.9262858003055,4.582923341976224,12.750923785296223,1829.3168320219183,652.9937041915183,20.740139874860954,3.63877568925546,45.754171895637384
2022,2022-10-01,274,130,29.066666666666663,18.51111111111112,23.01964308107048,59.69454545454546,35.08,48.1567649975279,5.799355038336231,13.01964308107048,1842.3364751029887,658.7930592298545,21.149515982908106,4.0206409498191364,42.954415094846944
2022,2022-10-02,275,131,31.60545454545455,18.40545454545454,24.38120912964228,68.46296296296295,29.37407407407407,48.774560849019416,7.313303311507633,14.38120912964228,1856.717684232631,666.1063625413622,21.644554996396668,4.225046142666935,42.56018514483767
2022,2022-10-03,276,132,31.100000000000005,18.74444444444444,24.652710893457403,64.62222222222223,29.722222222222225,45.123976295633405,7.03574333675745,14.652710893457403,1871.3703951260884,673.1421058781197,22.316097536134446,4.551138168369323,43.422318470752785
2022,2022-10-04,277,133,30.505454545454544,18.63703703703704,24.693047897625423,54.85925925925926,29.841818181818184,42.39131821358237,6.618382106377156,14.693047897625423,1886.0634430237137,679.7604879844968,23.042439756336393,5.088708505688231,42.946363850806016
2022,2022-10-05,278,134,30.927777777777777,19.246296296296304,25.149285333510107,62.6,39.68888888888888,49.303137389757566,5.990748553406641,15.149285333510107,1901.2127283572238,685.7512365379034,23.669609725491597,5.649609901037808,44.26213738757217
2022,2022-10-06,279,135,21.53454545454546,18.35283018867925,19.974143844791914,69.40363636363635,27.96909090909091,45.54058827266375,7.898789770531549,9.974143844791914,1911.1868722020158,693.6500263084349,23.517280566484832,6.462749351270412,45.60237597406998
2022,2022-10-07,280,136,22.185454545454547,18.310909090909085,19.771975792718205,50.77962962962964,31.59818181818181,43.963634679815975,5.759132564916308,9.771975792718205,1920.958847994734,699.4091588733512,23.091716567545117,6.630779240261853,46.17914009971434
2022,2022-10-08,281,137,26.51851851851852,18.39259259259259,21.49667205276722,58.38363636363636,19.47407407407407,34.539928102462966,8.076483153626619,11.49667205276722,1932.4555200475013,707.4856420269779,22.874149277787506,6.956083256731908,44.23387768613363
2022,2022-10-09,282,138,28.97222222222222,18.175925925925924,22.25070209892195,47.51636363636364,26.49629629629629,37.23208732111932,7.790449180921565,12.250702098921948,1944.7062221464232,715.2760912078994,22.56979113054175,7.0242469523624695,42.58495289643362
2022,2022-10-10,283,139,28.50545454545454,18.27547169811321,22.76024566142696,49.964814814814815,23.30555555555556,37.18182044674251,7.870848429490484,12.76024566142696,1957.4664678078502,723.1469396373899,22.299438954537397,7.14354767989576,41.450359203734926
2022,2022-10-11,284,140,30.47454545454546,18.383333333333333,24.281931869971245,51.56111111111112,33.241818181818175,43.64739149769503,7.209094606464339,14.281931869971245,1971.7483996778215,730.3560342438542,22.240708093443942,7.227935179908215,41.629798244322444
2022,2022-10-12,285,141,24.55636363636363,18.29454545454545,20.59227760238425,55.40181818181818,27.457407407407413,43.705680623572334,5.239578800661536,10.59227760238425,1982.3406772802057,735.5956130445157,21.589706988997392,7.120625215230342,40.830161563438836
2022,2022-10-13,286,142,21.48148148148148,18.32037037037037,19.650207102471253,42.75272727272728,27.48727272727272,34.638867924528306,5.067313911746826,9.650207102471253,1991.990884382677,740.6629269562626,21.543430311523014,6.7161286639753826,39.27277294227663
2022,2022-10-14,287,143,22.15,18.288888888888884,20.039417306784,59.941818181818185,33.614814814814814,39.24542289175596,4.894038823947926,10.039417306784,2002.0303016894609,745.5569657802105,21.581636242103837,6.592543843837042,38.59874268683949
2022,2022-10-15,288,144,22.96909090909092,18.85555555555556,20.3316172664573,50.82,23.709090909090914,34.41180122250672,5.885045652924091,10.3316172664573,2012.361918955918,751.4420114331346,21.415199844059565,6.279481343736681,38.580438846845745
2022,2022-10-16,289,145,20.59999999999999,18.20727272727273,19.552614054131688,52.101851851851855,30.301818181818184,37.95560013589545,5.576186080133615,9.552614054131688,2021.9145330100498,757.0181975132682,21.029758694803814,5.963158043624118,38.68379782038519
2022,2022-10-17,290,146,20.52037037037037,18.13636363636364,19.3561650964112,36.940740740740736,19.635185185185183,29.601769817397376,7.027243466952919,9.3561650964112,2031.270698106461,764.0454409802211,20.543461471230135,5.842643048975893,37.60093344476446
2022,2022-10-18,291,147,20.98333333333333,18.02777777777778,19.35975279179545,71.85636363636364,20.87636363636364,33.428895103620285,6.727831215485835,9.35975279179545,2040.6304508982564,770.7732721957069,19.840293031490734,5.773891135978964,36.141148245610914
2022,2022-10-19,292,148,21.340740740740745,18.17169811320755,19.74428073460887,41.38703703703703,16.733333333333334,28.913971738163696,6.234656975398463,9.744280734608871,2050.3747316328654,777.0079291711054,19.71915062180854,5.9160451609413816,34.02804697626682
2022,2022-10-20,293,149,25.99074074074074,18.240740740740748,21.320560264940912,33.17999999999999,20.309090909090912,27.912884905936583,6.481564118832791,11.320560264940912,2061.6952918978063,783.4894932899382,19.957772502161344,6.118080904810806,33.067192259325154
2022,2022-10-21,294,150,28.12363636363637,18.27454545454545,21.770470054662017,65.45454545454545,25.390740740740743,37.314011208613344,4.694768135562889,11.770470054662017,2073.4657619524683,788.1842614255011,20.205065751858204,6.089613663612943,32.7912763045905
2022,2022-10-22,295,151,29.84444444444444,18.23518518518518,23.9692208384087,48.87037037037037,26.56909090909092,37.42857898094978,5.282343531896698,13.969220838408699,2087.434982790877,793.4666049573977,20.72472340499412,6.00351336060903,33.22224455579665
2022,2022-10-23,296,152,29.183018867924524,18.58867924528301,24.35812657612493,57.95471698113207,38.783636363636354,46.4401968550697,6.02714492381087,14.358126576124931,2101.7931093670018,799.4937498812086,21.4112251938503,6.067936052562923,34.43432980139296
2022,2022-10-24,297,153,24.64181818181818,20.36909090909092,21.841515648693665,70.29636363636364,36.7811320754717,51.34235198581384,4.207919178975389,11.841515648693665,2113.6346250156953,803.701669060184,21.766275272747787,5.665175439994704,37.54012725402389
2022,2022-10-25,298,154,21.64074074074073,18.41698113207547,19.84902947992365,48.009090909090894,28.69090909090909,37.91865167949664,4.795805988363983,9.84902947992365,2123.483654495619,808.497475048548,21.836171942480394,5.389171836120155,38.18152105057766
2022,2022-10-26,299,155,22.667272727272728,18.25272727272728,19.83179779749919,46.56296296296297,24.709090909090914,36.53091613427135,6.829306777142054,9.831797797499188,2133.315452293118,815.3267818256901,21.848674380036154,5.47412180779781,39.269655964307326
2022,2022-10-27,300,156,24.673584905660384,18.24909090909092,20.901931372792728,44.8574074074074,28.401818181818182,36.930846280690425,5.525895489193257,10.901931372792728,2144.217383665911,820.8526773148833,21.78887025258641,5.337597717849306,40.55793616070072
2022,2022-10-28,301,157,25.56,18.28301886792452,21.54620495355524,45.57407407407408,25.278181818181817,34.947895636706136,6.064517868761809,11.54620495355524,2155.763588619466,826.917195183645,21.75683238099973,5.533276251163437,40.21991965042827
2022,2022-10-29,302,158,26.03272727272727,18.366666666666667,21.94967622630461,64.4537037037037,31.08148148148148,40.32675972191148,5.42437311062375,11.94967622630461,2167.713264845771,832.3415682942688,21.468326007842,5.553566190981587,40.633945470565656
2022,2022-10-30,303,159,25.12909090909091,18.28727272727272,21.14606659982378,52.22727272727272,32.88363636363636,41.14721488883917,5.3497150946794205,11.14606659982378,2178.8593314455948,837.6912833889481,21.009460296941835,5.456790501105666,39.87780518967558
2022,2022-10-31,304,160,26.78181818181818,18.383636363636363,21.822840077007427,50.56111111111112,19.24909090909091,34.092485616349435,5.176029231636676,11.822840077007427,2190.6821715226024,842.8673126205848,21.00679235812952,5.595091937200136,37.413538565466375
2022,2022-11-01,305,161,28.08518518518519,18.26909090909091,22.69627698919741,61.72545454545456,23.289090909090906,36.29000955687584,4.9330828821914015,12.696276989197411,2203.3784485118,847.8003955027763,21.413542002311484,5.614702922032623,37.180875405091975
2023,2023-06-03,154,0,33.11851851851851,30.57222222222224,31.86211543932628,45.06296296296295,29.87454545454546,38.87989092455868,0.0,21.86211543932628,21.86211543932628,0.0,31.86211543932628,0.0,38.87989092455868
2023,2023-06-04,155,1,34.68461538461538,26.01296296296296,31.71603520473086,48.52222222222223,30.10192307692308,36.58224408942621,1.765084280777613,21.71603520473086,43.578150644057146,1.765084280777613,31.789075322028573,0.8825421403888065,37.731067506992446
2023,2023-06-05,156,2,30.97454545454545,21.38518518518518,26.407207652129724,68.53636363636365,38.93454545454546,53.466019008791775,4.935487057411182,16.407207652129724,59.985358296186874,6.700571338188794,29.995119432062285,2.233523779396265,42.97605134092555
2023,2023-06-06,157,3,32.06909090909092,20.8,25.18496076432909,74.32037037037038,40.67636363636363,60.60568418668501,4.784418716108471,15.184960764329091,75.17031906051596,11.484990054297265,28.79257976512899,2.8712475135743163,47.38345955236542
2023,2023-06-07,158,4,30.010909090909088,20.71296296296296,24.41161790174095,62.82037037037038,27.49818181818182,42.63940678317217,5.125220281294094,14.41161790174095,89.58193696225692,16.61021033559136,27.916387392451384,3.3220420671182724,46.43464899852677
2023,2023-06-08,159,5,30.947272727272743,19.954545454545453,24.820324850915505,44.08545454545455,20.28518518518518,32.031775313982045,5.339144756532699,14.820324850915505,104.40226181317243,21.94935509212406,27.400376968862066,3.658225848687343,44.03417005110265
2023,2023-06-09,160,6,33.20185185185184,18.796296296296298,26.059164104816272,56.00185185185186,20.83333333333333,35.96564631825502,5.308674389806257,16.059164104816272,120.4614259179887,27.258029481930315,27.20877513114124,3.8940042117043308,42.88152380355299
2023,2023-06-10,161,7,30.546296296296287,19.475925925925928,23.733276019699318,63.86545454545456,37.54074074074073,53.21576409432029,3.255661855403603,13.733276019699318,134.19470193768802,30.513691337333917,26.047512356908815,4.359098762476274,44.9295056849475
2023,2023-06-11,162,8,24.16111111111111,17.16909090909091,20.674718168836293,58.956363636363626,23.02363636363637,39.46302991633591,5.613696156828681,10.674718168836293,144.86942010652433,36.1273874941626,24.470181351781026,4.908900459054998,45.341046517363175
2023,2023-06-12,163,9,29.696296296296296,17.51698113207547,23.16543913292067,56.28867924528303,21.39814814814815,38.02208848120251,4.8760024721485,13.165439132920671,158.034859239445,41.0033899663111,24.007071563322587,4.900402661160329,43.13477072770757
2023,2023-06-13,164,10,33.416666666666664,18.25636363636364,25.654830509083176,58.715094339622645,19.985454545454548,37.02443138251646,5.175423632114534,15.654830509083176,173.6896897485282,46.178813598425634,24.07419581257317,4.956260506304053,39.76602032711206
2023,2023-06-14,165,11,30.28888888888888,19.063636363636355,24.53502702717633,62.72363636363635,29.59272727272728,46.5779818419359,4.3311771370466685,14.53502702717633,188.22471677570454,50.5099907354723,24.091825687635367,4.842825771411563,40.32867390693544
2023,2023-06-15,166,12,25.62363636363636,18.935185185185187,21.762601486563756,65.22363636363634,31.67090909090909,48.31822775195211,5.330276164173604,11.762601486563756,199.9873182622683,55.840266899645904,23.655008064156544,4.841558829645978,42.655309969502596
2023,2023-06-16,167,13,29.14,17.450909090909093,22.609586817035545,58.15636363636363,31.61636363636364,44.84467764878758,5.211392725361713,12.609586817035545,212.59690507930384,61.051659625007616,23.1622113087593,4.827661449011043,43.92374301672153
2023,2023-06-17,168,14,32.42000000000001,18.77636363636364,25.32204453614626,68.51636363636364,26.72777777777777,44.90209110520022,4.674201650471307,15.322044536146262,227.9189496154501,65.72586127547892,23.38917823968029,5.0303099911635725,42.73607544684724
2023,2023-06-18,169,15,28.85555555555556,21.08181818181817,23.65531202094779,79.77999999999999,46.0611111111111,59.02139607726154,4.367253008250132,13.65531202094779,241.57426163639786,70.09311428372905,23.814977361410506,4.85224668422378,45.5301277555509
2023,2023-06-19,170,16,35.32545454545454,20.5309090909091,27.27883309441144,82.43518518518519,33.68545454545454,58.80382852313123,4.805444729211775,17.27883309441144,258.8530947308093,74.89855901294082,24.4026050701949,4.84216700666139,48.49894776154072
2023,2023-06-20,171,17,35.86111111111112,22.647272727272725,29.096629129689013,66.54074074074076,22.08888888888889,42.70964040183072,5.134011633795725,19.096629129689013,277.9497238604983,80.03257064673654,24.894290587424305,4.836251006901561,49.311120478585615
2023,2023-06-21,172,18,36.56111111111112,21.316666666666656,28.9296273647053,56.96296296296296,25.353703703703697,41.20644058854887,5.053559952557825,18.9296273647053,296.8793512252036,85.08613059929436,25.52209063564273,4.939448551974584,48.54375744238746
2023,2023-06-22,173,19,35.49259259259259,22.392592592592607,29.06590040409565,65.24074074074075,27.08148148148148,45.07111213308915,3.841966858083875,19.06590040409565,315.94525162929926,88.92809745737824,26.565419052433004,4.726832936818908,48.079883782549906
2023,2023-06-23,174,20,36.74444444444445,22.2818181818182,27.842715147095785,72.77454545454545,28.383333333333333,48.76236137696351,3.8576466704434376,17.842715147095785,333.787966776395,92.78574412782169,27.313008813870177,4.533440643259154,48.63955288657503
2023,2023-06-24,175,21,32.00727272727272,21.427777777777784,24.791804813240415,75.31481481481481,41.39636363636364,61.42974038995367,3.270986160012048,14.791804813240415,348.5797715896354,96.05673028783373,27.237260282026487,4.332981287479259,51.00064564153981
2023,2023-06-25,176,22,25.15925925925926,20.42264150943397,22.01043072231752,84.90727272727274,61.4,75.89488925348645,4.965149387864205,12.010430722317519,360.5902023119529,101.02187967569793,27.002277239365014,4.418395055995556,53.411144666714804
2023,2023-06-26,177,23,31.038181818181823,20.237037037037044,24.105005206563863,84.14814814814814,30.630909090909096,60.96239286493594,5.354986508412331,14.105005206563863,374.6952075185168,106.37686618411027,26.54887325538679,4.496901024452778,53.71951100125833
2023,2023-06-27,178,24,33.970909090909096,20.25555555555556,26.117408926563968,69.77407407407406,31.61636363636364,50.01443510853683,4.1570032296122825,16.117408926563968,390.8126164450807,110.53386941372256,26.123270369226073,4.357328395283715,54.76305310221635
2023,2023-06-28,179,25,31.078181818181825,21.56545454545453,25.98743295685871,71.96909090909091,43.00943396226416,57.32990213869623,3.9292278292853062,15.987432956858711,406.8000494019394,114.46309724300787,25.702956882390847,4.196709520530498,57.066404752237396
2023,2023-06-29,180,26,35.461818181818195,20.45818181818181,27.198676538422237,79.13636363636364,33.767272727272726,55.52848042912032,4.804903179327508,17.198676538422237,423.9987259403617,119.26800042233538,25.43621061586607,4.334271852136731,58.560314508813285
2023,2023-06-30,181,27,32.48545454545454,20.581818181818186,26.8174129316131,67.45454545454545,34.06363636363637,50.133646113859406,4.535694195649442,16.8174129316131,440.8161388719748,123.80369461798482,25.289738870797116,4.431135784309018,58.756212328369834
2023,2023-07-01,182,28,33.96181818181818,20.94727272727272,27.117898730261324,75.50000000000001,31.14363636363636,52.22127032732232,4.518318062451544,17.117898730261324,457.9340376022361,128.32201268043636,25.622038001800103,4.609326056086089,57.44071660513679
2023,2023-07-02,183,29,35.76181818181818,20.76296296296297,27.901461511477915,79.39629629629631,30.958181818181824,51.65292611651102,4.607380462539857,17.901461511477915,475.83549911371404,132.9293931429762,26.463613828823018,4.558216209611182,53.9775790141403
2023,2023-07-03,184,30,37.8037037037037,23.04727272727273,29.244137050018917,68.2537037037037,34.09074074074074,53.88964424115368,4.439566222627374,19.244137050018917,495.07963616373297,137.3689593656036,27.197775520745164,4.427441883070474,52.96718635359997
2023,2023-07-04,185,31,28.526415094339622,20.9090909090909,24.411672950450637,85.04814814814814,55.92641509433962,70.39886673682406,4.324452423563443,14.411672950450637,509.4913091141836,141.69341178916704,26.954098952728977,4.451363196492068,55.87924801478386
2023,2023-07-05,186,32,29.49636363636363,20.11636363636364,24.0326392168886,78.34000000000002,31.470370370370368,54.45511267998551,5.202706302884318,14.032639216888601,523.5239483310722,146.89611809205135,26.674842704161815,4.633288692720498,55.46856380639662
2023,2023-07-06,187,33,27.59433962264152,17.86909090909091,22.479553340349074,68.9309090909091,26.26981132075472,45.74059932107512,6.219966608905466,12.479553340349074,536.0035016714213,153.11608470095683,26.000682247294225,4.835440611231634,54.07029507667587
2023,2023-07-07,188,34,26.35272727272728,18.48301886792453,22.87226870841309,63.04150943396227,33.7,46.793052786547456,4.663930235558205,12.872268708413088,548.8757703798344,157.78001493651504,25.43709021540851,4.853760045504315,53.59306745848846
2023,2023-07-08,189,35,29.40925925925926,18.398148148148145,23.600613628767857,69.3111111111111,29.003703703703696,48.0493115458661,5.201895668115973,13.600613628767857,562.4763840086023,162.98191060463103,24.934620915195158,4.951413989170662,52.99707334685185
2023,2023-07-09,190,36,33.162962962962965,18.53636363636363,25.4364016705198,60.67454545454545,26.93148148148148,42.59976400593301,5.004321868376739,15.4364016705198,577.9127856791221,167.98623247300776,24.582469509343998,5.008119904290217,51.70376447391213
2023,2023-07-10,191,37,37.13518518518518,21.07818181818182,27.512549144714853,66.31636363636362,31.59818181818181,48.20751090340099,4.621796285593501,17.512549144714853,595.4253348238369,172.60802875860125,24.335099808586275,5.034152770428235,50.89203113994746
2023,2023-07-11,192,38,27.53703703703704,18.91818181818181,22.65958493880561,56.09454545454547,28.348148148148148,42.57077203536596,4.022003402944375,12.659584938805612,608.0849197626426,176.6300321615456,24.084801521208412,4.990945767482654,46.916589039739165
2023,2023-07-12,193,39,29.381818181818183,19.19090909090909,22.84546700253837,71.85000000000001,31.12,54.08528362653055,3.534038749608513,12.84546700253837,620.930386765181,180.1640709111541,23.915205490586953,4.752564688443253,46.86375631781703
2023,2023-07-13,194,40,33.535185185185185,20.220370370370368,25.94829926279475,81.22222222222223,29.74814814814815,57.59753388409664,5.432340767055915,15.948299262794752,636.8786860279757,185.59641167821002,24.4107406223649,4.640046711036175,48.557604112534385
2023,2023-07-14,195,41,34.67454545454545,20.481818181818188,26.057034606386537,81.9109090909091,31.83962264150943,59.76352480230248,3.640347963968469,16.057034606386537,652.9357206343623,189.2367596421785,24.86570717921825,4.49382067223764,50.41052868621368
2023,2023-07-15,196,42,30.562962962962963,20.2037037037037,24.225166706717165,74.2388888888889,34.779629629629625,52.21720088497776,4.525228416520902,14.225166706717165,667.1608873410794,193.7619880586994,24.95492904749673,4.397153922009773,51.00594144894391
2023,2023-07-16,197,43,29.10740740740741,19.25818181818181,22.9168147982422,68.02407407407408,29.703636363636363,49.78102451918694,4.948980262824863,12.9168147982422,680.0777021393216,198.71096832152426,24.594988065742786,4.3892479783595055,52.031835807980194
2023,2023-07-17,198,44,26.26181818181817,18.13636363636364,22.026340655667976,67.31636363636363,37.50727272727273,50.90829981521533,4.516817558300525,12.026340655667976,692.1040427949895,203.22778587982478,23.811243995878947,4.374251017317651,52.417662795382235
2023,2023-07-18,199,45,30.9090909090909,18.211111111111105,24.566509585877917,72.63148148148147,30.841818181818184,49.2534430440583,4.576208896170301,14.566509585877917,706.6705523808674,207.80399477599508,24.083661802603558,4.453423230635641,53.37233008233829
2023,2023-07-19,200,46,35.63818181818181,20.42545454545456,25.69721342492466,77.63272727272728,30.09636363636363,57.61991371190716,4.161885870453959,15.697213424924659,722.3677658057921,211.96588064644905,24.491054148658744,4.543115676470705,53.877277237392086
2023,2023-07-20,201,47,28.42,20.189090909090915,23.40230563772812,72.66181818181818,43.82727272727273,58.955550859980725,5.196550802813401,13.40230563772812,735.7700714435202,217.16243144926244,24.127340773649227,4.509431395864631,54.071279662518386
2023,2023-07-21,202,48,30.251851851851853,19.52,24.742311355281004,75.36415094339623,38.73148148148148,56.17956325629827,4.861927115950575,14.742311355281004,750.5123827988012,222.02435856521302,23.939523166348437,4.683942703290647,53.55928515594636
2023,2023-07-22,203,49,33.21666666666667,20.285454545454545,24.01904094265046,77.18545454545456,33.47407407407407,62.87093756818942,3.3039069689942275,14.01904094265046,764.5314237414517,225.32826553420725,23.910076628624616,4.509468210786836,55.081247539262314
2023,2023-07-23,204,50,32.5,19.71090909090909,25.809290443400368,78.32545454545456,32.833333333333336,55.652591653477614,4.427132662416974,15.809290443400368,780.3407141848521,229.7553981966242,24.323287435075787,4.434918553585709,55.92004284416097
2023,2023-07-24,205,51,32.76111111111111,20.923636363636376,25.74671936758893,74.32592592592592,36.50925925925925,61.96909311877317,4.183119386649816,15.74671936758893,796.0874335524411,233.93851758327403,24.85477010820735,4.387247386207036,57.50015617324067
2023,2023-07-25,206,52,37.19444444444444,21.23333333333334,29.021698002723436,84.71851851851851,32.50727272727272,59.15581900492483,4.167886069880621,19.021698002723436,815.1091315551645,238.10640365315464,25.491225596328142,4.328915553879939,58.914781310507315
2023,2023-07-26,207,53,35.903703703703705,21.25272727272728,27.965152122814143,91.62037037037037,42.32222222222223,67.3418871515262,4.543266971491224,17.965152122814143,833.0742836779787,242.64967062464586,25.815216838883778,4.383398568313835,60.30363465902432
2023,2023-07-27,208,54,38.51666666666666,23.93272727272728,30.40640150479363,84.14814814814814,38.43148148148148,64.54826128388065,4.151604337172521,20.40640150479363,853.4806851827723,246.8012749618184,26.815801962750278,4.234120501793709,61.102593291010024
2023,2023-07-28,209,55,35.2962962962963,22.16363636363636,26.50404460243673,77.50727272727272,45.5111111111111,66.41169316904346,3.678142297451,16.50404460243673,869.984729785209,250.47941725926938,27.06747814091538,4.065008384865197,62.56432613568791
2023,2023-07-29,210,56,30.227272727272727,20.23272727272727,24.68928654883536,74.98727272727271,37.50000000000001,56.84502672334502,4.510263182866555,14.689286548835359,884.6740163340444,254.98968044213595,27.163227513227515,4.237344986846959,61.70348172928156
2023,2023-07-30,211,57,30.029629629629635,19.838181818181816,24.083689261092864,73.50909090909092,32.120370370370374,51.89159708717132,4.936722970372566,14.083689261092864,898.7577055951373,259.92640341250853,26.916713058612153,4.310143602269186,61.166196791237816
2023,2023-07-31,212,58,32.0290909090909,19.44727272727273,25.816168631902844,71.58727272727273,29.04444444444444,47.249681943857496,4.276664370646736,15.816168631902844,914.5738742270402,264.2030677831553,26.926634382085574,4.323507171411603,59.063423766249855
2023,2023-08-01,213,59,34.67999999999999,20.52777777777778,26.5830167963474,72.11636363636363,35.25272727272728,54.018276503067305,3.9061620316996817,16.5830167963474,931.1568910233875,268.109229814855,26.57825135260328,4.28611802310004,58.329489123127345
2023,2023-08-02,214,60,36.67037037037037,22.572222222222223,28.08581787246266,86.84363636363636,37.39818181818182,65.59099159492105,3.630958787692404,18.08581787246266,949.2427088958502,271.7401886025474,26.595489316838783,4.155788282557352,58.07936118646948
2023,2023-08-03,215,61,37.89818181818182,22.36545454545455,29.431403396834074,88.03999999999996,30.298181818181817,62.09132940009888,3.9935242039083287,19.431403396834074,968.6741122926843,275.73371280645574,26.45620387284456,4.133205406376753,57.728370917357786
2023,2023-08-04,216,62,34.57272727272727,20.43333333333333,26.97401352877973,88.85283018867926,39.37454545454545,63.17105432227663,3.475463791849472,16.97401352877973,985.6481258214641,279.2091765983052,26.523342290893563,4.104251334147963,57.26542251067682
2023,2023-08-05,217,63,31.98,22.996296296296308,26.611356330601616,72.49814814814815,41.13454545454547,57.92385155906896,4.41790472683743,16.611356330601616,1002.2594821520657,283.6270813251426,26.79792368828874,4.091057269000946,57.41954034435167
2023,2023-08-06,218,64,23.6909090909091,20.70925925925926,22.01797907983306,87.16727272727272,66.00727272727273,77.10975931035817,1.9691499486741129,12.017979079833061,1014.2774612318988,285.5962312738167,26.502822233823057,3.6671182659011667,61.02213494766407
2023,2023-08-07,219,65,31.87454545454545,19.95,24.979301657537917,84.10555555555558,29.95272727272728,60.432691779705735,4.899106901153108,14.979301657537917,1029.2567628894367,290.49533817496985,26.38326980891378,3.7560386274020767,62.90542206707096
2023,2023-08-08,220,66,32.27818181818182,19.18703703703704,25.55402512005055,74.02222222222221,30.718181818181822,51.19762480933523,4.367949959415942,15.55402512005055,1044.8107880094872,294.8632881343858,26.236270998014227,3.8220083313615425,62.50247182510923
2023,2023-08-09,221,67,29.685185185185176,20.05818181818182,24.532951665962333,70.32407407407406,43.79074074074075,57.319324582991534,4.890345365221266,14.532951665962333,1059.3437396754496,299.7536334996071,25.728718682799897,4.001920699579951,61.320805109119306
2023,2023-08-10,222,68,27.69629629629629,20.443636363636365,23.64185290145093,77.62545454545456,38.214814814814815,55.42621984128957,3.8684411647805983,13.641852901450932,1072.9855925769004,303.6220746643877,24.901640040602306,3.9840516939902755,60.36864660071797
2023,2023-08-11,223,69,33.962962962962955,20.61090909090908,24.514478335446345,84.64363636363638,36.5537037037037,68.90690368271171,3.343136955686944,14.514478335446345,1087.5000709123467,306.9652116200746,24.55027787012611,3.965147860252771,61.1880536522087
2023,2023-08-12,224,70,30.76181818181818,19.346296296296305,24.66873581314926,81.56727272727272,38.32363636363636,58.67682416177084,3.948538216918872,14.668735813149262,1102.1688067254959,310.9137498369935,24.2727606533472,3.898095501692978,61.2956211668804
2023,2023-08-13,225,71,25.55090909090909,19.965454545454552,21.613340708147927,87.22363636363639,57.61454545454545,73.70839800797143,2.86131125581652,11.613340708147927,1113.7821474336438,313.77506109281,24.214955171677893,4.025547116999036,60.809712409396575
2023,2023-08-14,226,72,23.37407407407408,18.914545454545458,20.447187626884094,89.93888888888885,57.62037037037037,77.91340998168725,3.15768512369621,10.447187626884094,1124.2293350605278,316.9327462165062,23.567510310155917,3.776772577362336,63.306957866822515
2023,2023-08-15,227,73,31.185454545454544,16.65272727272727,23.92479871175524,78.08703703703705,36.298148148148144,57.208200849070415,4.850928522911121,13.92479871175524,1138.154133772283,321.78367473941734,23.334763680399448,3.8457695150045046,64.16561158678468
2023,2023-08-16,228,74,33.17818181818181,20.06111111111111,26.43307547426292,74.85555555555555,38.98,57.89425418488175,4.530449377411737,16.43307547426292,1154.587209246546,326.3141241168291,23.606209938728103,3.7943558024602866,64.24774438705471
2023,2023-08-17,229,75,26.7,19.39444444444444,22.574224884889368,85.92407407407407,37.03333333333333,53.17313167220468,4.861059319052458,12.574224884889368,1167.1614341314355,331.17518343588154,23.453691650647876,3.936158395927695,63.92587464861401
2023,2023-08-18,230,76,29.554545454545465,17.23518518518519,23.25988388119643,87.5309090909091,37.65090909090909,58.80134702231504,4.5367388985851305,13.25988388119643,1180.421318012632,335.7119223344667,23.27446387146932,4.106672959198865,62.48222369712877
2023,2023-08-19,231,77,35.67222222222222,20.77407407407408,27.37361202951031,78.56363636363635,44.68909090909091,60.55852511994431,4.59954084738409,17.37361202951031,1197.7949300421421,340.3114631818508,23.6608747595209,4.199673334979609,62.75103811972498
2023,2023-08-20,232,78,28.46909090909091,19.789090909090906,24.519026386368477,71.70727272727271,42.130909090909086,56.25409492795054,4.670524828534308,14.519026386368477,1212.3139564285107,344.9819880103851,24.075972713552403,4.4581324167964365,60.25756625115057
2023,2023-08-21,233,79,27.603773584905657,20.303636363636368,22.866665037025992,81.76666666666667,59.25283018867925,68.46202851594977,3.9835402271839926,12.866665037025992,1225.1806214655367,348.9655282375691,24.42161234357268,4.576111717294691,58.907368898902355
2023,2023-08-22,234,80,39.11636363636365,22.049999999999983,29.836433987123076,87.68909090909091,45.7320754716981,68.7994329402861,4.665379936197888,19.836433987123076,1245.0170554526596,353.630908173767,25.266131668625228,4.5496047763356575,60.56325919764746
2023,2023-08-23,235,81,38.5709090909091,26.7018181818182,31.814381983434487,88.84909090909089,43.82909090909092,68.46616990838893,4.241634202598274,21.814381983434487,1266.8314374360941,357.8725423763653,26.034889741364022,4.50834546564802,62.07353287243419
2023,2023-08-24,236,82,32.503773584905666,20.93703703703704,26.155105609002245,87.95636363636365,52.39433962264151,74.69704847214282,5.44174971973904,16.155105609002245,1282.9865430450964,363.31429209610434,26.546444130523007,4.591301237174674,65.14837812956821
2023,2023-08-25,237,83,34.57037037037036,21.17636363636363,26.78173733506793,87.23636363636365,40.466037735849056,63.21020997505823,4.5327285307569145,16.78173733506793,1299.7682803801642,367.84702062686125,27.049566052504645,4.59072832748493,65.77821569424582
2023,2023-08-26,238,84,25.352727272727265,19.75272727272728,21.747496568087215,71.53703703703702,47.66181818181818,59.73794505072601,4.488781232934366,11.747496568087215,1311.5157769482514,372.3358018597956,26.245835272301345,4.574905525420683,65.66098997007177
2023,2023-08-27,239,85,27.934545454545454,17.258181818181818,22.34054228365139,74.5925925925926,41.25185185185186,57.3932730918703,6.162674213626056,12.340542283651391,1323.8563192319027,378.49847607342167,25.934623257627475,4.788069723290933,65.82372970777459
2023,2023-08-28,240,86,32.403703703703705,20.069090909090907,25.661455821546063,75.3618181818182,41.256363636363645,57.86914852655623,4.366993856697737,15.661455821546063,1339.5177750534488,382.8654699301194,26.333879083987487,4.842848813221467,64.31046113786124
2023,2023-08-29,241,87,30.683636363636367,20.13584905660377,24.559911143151503,76.98518518518519,37.31818181818182,58.08289313700307,4.013652132830301,14.559911143151503,1354.0776861966003,386.8791220629497,25.58009010627726,4.749744841311812,62.77952688024937
2023,2023-08-30,242,88,28.787272727272725,19.39622641509434,23.284663921136445,64.6622641509434,36.78909090909092,53.4159877694086,4.4891733756687895,13.284663921136445,1367.3623501177367,391.3682954386185,24.361558954520397,4.785107580321886,60.629500860395034
2023,2023-08-31,243,89,30.544444444444448,18.685185185185187,24.0018051634356,70.9537037037037,25.57592592592593,48.09533934702311,4.393568974489519,14.001805163435598,1381.3641552811723,395.761864413108,24.053944605153738,4.635367473857669,56.829256699663645
2023,2023-09-01,244,90,34.48909090909091,19.64909090909092,26.21757760818466,62.50000000000001,35.767272727272726,49.159814607657104,4.190230105410237,16.21757760818466,1397.581732889357,399.95209451851827,23.973350358456127,4.586439127379572,54.822057361463486
2023,2023-09-02,245,91,33.38545454545454,22.725454545454543,28.13137773689866,60.963636363636354,39.058181818181815,51.466574854368126,3.726169614143647,18.13137773689866,1415.7131106262557,403.6782641326619,24.885333382572046,4.47749461040947,53.64043304769808
2023,2023-09-03,246,92,38.39090909090909,24.33454545454545,30.483570376999413,64.01090909090908,30.63148148148148,48.887666824106525,4.706956153180855,20.483570376999413,1436.1966810032552,408.38522028584276,26.048623110193194,4.269534887488726,52.42534643801754
2023,2023-09-04,247,93,39.03888888888888,24.046296296296298,31.21897512173968,63.11296296296296,23.485454545454548,43.42021472587511,4.278958148261249,21.21897512173968,1457.415656124995,412.66417843410403,26.84255443879228,4.256958357712085,50.36121303792023
2023,2023-09-05,248,94,34.33272727272727,25.14074074074073,29.067613874595004,69.46363636363637,43.96363636363636,57.82067003090793,3.385455827463328,19.067613874595004,1476.48326999959,416.04963426156735,27.486511971855634,4.167216028373947,50.32375259419236
2023,2023-09-06,249,95,23.039999999999992,19.7,20.7852236612778,78.52592592592592,62.34181818181818,69.84140002706862,1.581815781363989,10.7852236612778,1487.2684936608678,417.63145004293136,27.129449077590117,3.7518792291875465,52.67024005957236
2023,2023-09-07,250,96,21.97636363636364,18.10727272727272,19.73254196324746,73.27962962962962,50.10727272727272,62.88255809392806,2.321276921765018,9.73254196324746,1497.0010356241153,419.95272696469635,26.519554334706097,3.4558375073697607,54.78269988055878
2023,2023-09-08,251,97,27.65818181818182,16.622222222222224,21.81373068944849,74.59636363636363,35.01132075471698,54.21891264297336,4.119363043837196,11.81373068944849,1508.8147663135637,424.07209000853356,25.890433346315213,3.4457136414307548,55.505428171318236
2023,2023-09-09,252,98,26.2,18.78727272727272,21.35342995169082,84.03888888888886,47.95818181818182,64.2489119248266,3.632461188708317,11.35342995169082,1520.1681962652544,427.70455119724187,24.922155091285525,3.432326723511422,57.33147632424089
2023,2023-09-10,253,99,25.160000000000007,18.514814814814816,20.796650066428576,86.04727272727273,44.51636363636363,65.28917948972912,4.818697538013385,10.796650066428576,1530.964846331683,432.52324873525527,23.538309332632544,3.448289778487498,59.674549562186975
2023,2023-09-11,254,100,25.66851851851852,16.666037735849056,20.84270625312463,73.22363636363637,32.16,53.982266968288286,3.8795775272707393,10.842706253124629,1541.8075525848076,436.402826262526,22.055985208544683,3.391235404060282,61.183414168245996
2023,2023-09-12,255,101,22.042592592592587,17.069811320754717,19.3115017000743,78.44545454545452,43.26545454545455,61.742718682587416,4.471659052739462,9.311501700074299,1551.119054284882,440.8744853152655,20.66225489789887,3.546407293385444,61.743706832771636
2023,2023-09-13,256,102,22.62909090909091,16.341509433962262,19.52144132050613,91.15818181818182,30.303703703703704,52.75605660101148,4.435010399026968,9.521441320506131,1560.640495605388,445.30949571429244,20.481714563502916,3.9540065244801554,59.30294348619204
2023,2023-09-14,257,103,30.09629629629629,16.558181818181815,23.00391961728303,72.95849056603775,31.57407407407408,49.36463500191967,3.930850184934117,13.003919617283032,1573.644415222671,449.24034589922655,20.94905422836514,4.18394556207574,57.37181161590513
2023,2023-09-15,258,104,23.09444444444444,18.78,20.59346735056333,80.56481481481481,43.15370370370371,67.4823246409957,2.0066225207715283,10.59346735056333,1584.2378825732342,451.2469684199981,20.77473089423869,3.882125487352074,59.26658475847976
2023,2023-09-16,259,105,25.03148148148147,16.663636363636364,20.195507550208127,80.32363636363637,44.16851851851852,61.39470162384027,3.754879645337122,10.195507550208127,1594.4333901234422,455.0018480653352,20.60931340831259,3.899613838299046,58.858840429767426
2023,2023-09-17,260,106,26.06363636363637,16.62181818181818,20.37899235726143,74.14629629629628,36.75454545454546,58.356396588250576,3.792986000534167,10.378992357261431,1604.8123824807037,458.79483406586934,20.54964802128871,3.753083618659158,57.86844287241333
2023,2023-09-18,261,107,27.77636363636364,16.642592592592592,21.692341655549207,73.74000000000001,31.91851851851852,53.03288584505157,3.548388901294265,11.692341655549207,1616.504724136253,462.3432229671636,20.671024507349365,3.7057709578053752,57.73281699766524
2023,2023-09-19,262,108,30.77547169811321,18.38888888888889,23.26846305549341,69.39454545454547,40.34339622641509,56.73975939322125,3.930815599686235,13.26846305549341,1629.7731871917463,466.27403856684987,21.236304700980668,3.6285076073692,57.018108527755786
2023,2023-09-20,263,109,33.10925925925926,18.98333333333333,25.043293586673407,75.4462962962963,33.36727272727273,54.60251439746107,3.716924272240828,15.043293586673407,1644.8164807784196,469.9909628390907,22.025140739004566,3.52592387497118,57.28188821296287
2023,2023-09-21,264,110,30.961818181818188,20.32363636363636,24.51303342420652,75.53703703703704,32.04727272727273,55.96020864924884,3.344493597978389,14.513033424206519,1659.3295142026261,473.33545643706907,22.24072842570792,3.4421586482632196,58.22411301972418
2023,2023-09-22,265,111,25.10555555555556,20.216363636363635,21.90439666006524,74.66481481481482,55.8574074074074,66.10819689926333,2.4207767789170127,11.904396660065242,1671.2339108626913,475.7562332159861,22.42800404135105,3.5013235422840028,58.02780905661956
2023,2023-09-23,266,112,25.97037037037037,19.72909090909091,21.782202335081745,86.38363636363634,58.8,75.93776960195336,2.758585412620558,11.782202335081745,1683.0161131977732,478.51481862860663,22.65467472490442,3.3589957947530644,60.10539019635
2023,2023-09-24,267,113,25.86296296296296,18.85454545454545,21.212384689111516,87.63636363636367,54.50925925925926,74.37072751026811,4.259010937218802,11.212384689111516,1694.2284978868847,482.77382956582545,22.77373077231158,3.4255707857080124,62.393151756638225
2023,2023-09-25,268,114,21.279629629629625,18.765454545454546,19.67648958825333,86.81636363636365,72.44814814814814,82.52693293338085,0.758149000969508,9.676489588253329,1703.9049874751381,483.531978566795,22.485751905555023,3.026965085661619,66.60658705497097
2023,2023-09-26,269,115,21.42,17.861818181818183,19.450447156829437,88.47169811320757,69.23333333333332,81.91368185547022,1.5667671304417252,9.450447156829437,1713.3554346319675,485.0987456972367,21.940321062888746,2.689243875769546,70.2028616924351
2023,2023-09-27,270,116,25.318181818181817,18.23636363636363,20.576940473921606,85.73207547169811,51.73272727272728,73.77146192579333,2.8087247548988072,10.576940473921606,1723.9323751058892,487.90747045213556,21.302270618209914,2.5595010875778286,72.94128276791115
2023,2023-09-28,271,117,24.88703703703704,18.9,20.803053780904477,84.81296296296296,55.21666666666667,73.01186005529729,3.0282550835887045,10.803053780904477,1734.7354288867937,490.93572553572426,20.772273526309622,2.5143241569507313,75.3772329687752
2023,2023-09-29,272,118,,,,,,,,,,,20.58358633735035,2.5299153866230175,76.92207231369385
